

Microchip MPLAB XC8 Assembler V3.10 build 20250813170317 
                                                                                               Mon May 18 17:59:13 2026

Microchip MPLAB XC8 C Compiler v3.10 (Free license) build 20250813170317 Og1 
     1                           	processor	18F47K42
     2                           	fnconf	rparam,??,?,0
     3                           	pagewidth 120
     4                           	opt	flic
     5                           	psect	idataCOMRAM,global,class=CODE,space=0,delta=1,noexec
     6                           	psect	idataBANK0,global,class=CODE,space=0,delta=1,noexec
     7                           	psect	smallconst,global,reloc=2,class=SMALLCONST,space=0,delta=1,noexec
     8                           	psect	cinit,global,reloc=2,class=CODE,space=0,delta=1
     9                           	psect	bssCOMRAM,global,class=COMRAM,space=1,delta=1,lowdata,noexec
    10                           	psect	dataCOMRAM,global,class=COMRAM,space=1,delta=1,lowdata,noexec
    11                           	psect	bssBANK0,global,class=BANK0,space=1,delta=1,lowdata,noexec
    12                           	psect	dataBANK0,global,class=BANK0,space=1,delta=1,lowdata,noexec
    13                           	psect	cstackCOMRAM,global,class=COMRAM,space=1,delta=1,lowdata,noexec
    14                           	psect	text0,global,reloc=2,class=CODE,space=0,delta=1
    15                           	psect	text1,global,reloc=2,class=CODE,space=0,delta=1
    16                           	psect	text2,global,reloc=2,class=CODE,space=0,delta=1,group=3
    17                           	psect	text3,global,reloc=2,class=CODE,space=0,delta=1,group=1
    18                           	psect	text4,global,reloc=2,class=CODE,space=0,delta=1,group=1
    19                           	psect	text5,global,reloc=2,class=CODE,space=0,delta=1,group=3
    20                           	psect	text6,global,reloc=2,class=CODE,space=0,delta=1
    21                           	psect	text7,global,reloc=2,class=CODE,space=0,delta=1
    22                           	psect	text8,global,reloc=2,class=CODE,space=0,delta=1
    23                           	psect	text9,global,reloc=2,class=CODE,space=0,delta=1,group=3
    24                           	psect	text10,global,reloc=2,class=CODE,space=0,delta=1,group=2
    25                           	psect	text11,global,reloc=2,class=CODE,space=0,delta=1,group=2
    26                           	psect	text12,global,reloc=2,class=CODE,space=0,delta=1
    27                           	psect	text13,global,reloc=2,class=CODE,space=0,delta=1
    28                           	psect	text14,global,reloc=2,class=CODE,space=0,delta=1
    29                           	psect	text15,global,reloc=2,class=CODE,space=0,delta=1
    30                           	psect	text16,global,reloc=2,class=CODE,space=0,delta=1
    31                           	psect	text17,global,reloc=2,class=CODE,space=0,delta=1
    32                           	psect	text18,global,reloc=2,class=CODE,space=0,delta=1
    33                           	psect	text19,global,reloc=2,class=CODE,space=0,delta=1
    34                           	psect	text20,global,reloc=2,class=CODE,space=0,delta=1
    35                           	psect	text21,global,reloc=2,class=CODE,space=0,delta=1
    36                           	psect	text22,global,reloc=2,class=CODE,space=0,delta=1
    37                           	psect	text23,global,reloc=2,class=CODE,space=0,delta=1
    38                           	psect	text24,global,reloc=2,class=CODE,space=0,delta=1
    39                           	psect	text25,global,reloc=2,class=CODE,space=0,delta=1
    40                           	psect	text26,global,reloc=2,class=CODE,space=0,delta=1
    41                           	psect	text27,global,reloc=2,class=CODE,space=0,delta=1
    42                           	psect	text28,global,reloc=2,class=CODE,space=0,delta=1
    43                           	psect	text29,global,reloc=2,class=CODE,space=0,delta=1
    44                           	psect	text30,global,reloc=2,class=CODE,space=0,delta=1
    45                           	psect	ivt0x8,global,reloc=2,class=CODE,space=0,delta=1,noexec,keep,optim=
    46                           	psect	intsave_regs,global,class=BIGRAM,space=1,delta=1,noexec
    47                           	psect	rparam,global,class=COMRAM,space=1,delta=1,noexec
    48                           	psect	config,global,abs,ovrld,class=CONFIG,space=4,delta=1,noexec
    49   000000                     
    50                           ; Generated 22/04/2026 GMT
    51                           ; 
    52                           ; Copyright (c) 2026 Microchip Technology Inc. and its subsidiaries.
    53                           ; 
    54                           ; Licensed under the Apache License, Version 2.0 (the "License");
    55                           ; you may not use this file except in compliance with the License.
    56                           ; You may obtain a copy of the License at
    57                           ; 
    58                           ;   http://www.apache.org/licenses/LICENSE-2.0
    59                           ; 
    60                           ; Unless required by applicable law or agreed to in writing, software
    61                           ; distributed under the License is distributed on an "AS IS" BASIS,
    62                           ; WITHOUT WARRANTIES OR CONDITIONS OF ANY KIND, either express or implied.
    63                           ; See the License for the specific language governing permissions and
    64                           ; limitations under the License.
    65                           ; 
    66                           ; 
    67                           ; Code-generator required, PIC18F47K42 Definitions
    68                           ; 
    69                           ; SFR Addresses
    70   003FE0                     bsr             equ	16352
    71   003FE9                     fsr0            equ	16361
    72   003FEA                     fsr0h           equ	16362
    73   003FE9                     fsr0l           equ	16361
    74   003FE1                     fsr1            equ	16353
    75   003FE2                     fsr1h           equ	16354
    76   003FE1                     fsr1l           equ	16353
    77   003FD9                     fsr2            equ	16345
    78   003FDA                     fsr2h           equ	16346
    79   003FD9                     fsr2l           equ	16345
    80   003FEF                     indf0           equ	16367
    81   003FE7                     indf1           equ	16359
    82   003FDF                     indf2           equ	16351
    83   003FD2                     intcon          equ	16338
    84   0039E5                     nvmcon          equ	14821
    85   003FF9                     pcl             equ	16377
    86   003FFA                     pclath          equ	16378
    87   003FFB                     pclatu          equ	16379
    88   003FEB                     plusw0          equ	16363
    89   003FE3                     plusw1          equ	16355
    90   003FDB                     plusw2          equ	16347
    91   003FED                     postdec0        equ	16365
    92   003FE5                     postdec1        equ	16357
    93   003FDD                     postdec2        equ	16349
    94   003FEE                     postinc0        equ	16366
    95   003FE6                     postinc1        equ	16358
    96   003FDE                     postinc2        equ	16350
    97   003FEC                     preinc0         equ	16364
    98   003FE4                     preinc1         equ	16356
    99   003FDC                     preinc2         equ	16348
   100   003FF3                     prod            equ	16371
   101   003FF4                     prodh           equ	16372
   102   003FF3                     prodl           equ	16371
   103   003FD8                     status          equ	16344
   104   003FF5                     tablat          equ	16373
   105   003FF6                     tblptr          equ	16374
   106   003FF7                     tblptrh         equ	16375
   107   003FF6                     tblptrl         equ	16374
   108   003FF8                     tblptru         equ	16376
   109   003FFD                     tosl            equ	16381
   110   003FE8                     wreg            equ	16360
   111   003880                     STATUS_CSHAD    equ	14464	;# 
   112   003881                     WREG_CSHAD      equ	14465	;# 
   113   003882                     BSR_CSHAD       equ	14466	;# 
   114   003883                     SHADCON         equ	14467	;# 
   115   003884                     STATUS_SHAD     equ	14468	;# 
   116   003885                     WREG_SHAD       equ	14469	;# 
   117   003886                     BSR_SHAD        equ	14470	;# 
   118   003887                     PCLATH_SHAD     equ	14471	;# 
   119   003888                     PCLATU_SHAD     equ	14472	;# 
   120   003889                     FSR0SH          equ	14473	;# 
   121   003889                     FSR0L_SHAD      equ	14473	;# 
   122   00388A                     FSR0H_SHAD      equ	14474	;# 
   123   00388B                     FSR1SH          equ	14475	;# 
   124   00388B                     FSR1L_SHAD      equ	14475	;# 
   125   00388C                     FSR1H_SHAD      equ	14476	;# 
   126   00388D                     FSR2SH          equ	14477	;# 
   127   00388D                     FSR2L_SHAD      equ	14477	;# 
   128   00388E                     FSR2H_SHAD      equ	14478	;# 
   129   00388F                     PRODSH          equ	14479	;# 
   130   00388F                     PRODL_SHAD      equ	14479	;# 
   131   003890                     PRODH_SHAD      equ	14480	;# 
   132   00389D                     IVTADL          equ	14493	;# 
   133   00389E                     IVTADH          equ	14494	;# 
   134   00389F                     IVTADU          equ	14495	;# 
   135   00395B                     WDTCON0         equ	14683	;# 
   136   00395C                     WDTCON1         equ	14684	;# 
   137   00395D                     WDTPSL          equ	14685	;# 
   138   00395E                     WDTPSH          equ	14686	;# 
   139   00395F                     WDTTMR          equ	14687	;# 
   140   003960                     CRCDATA         equ	14688	;# 
   141   003960                     CRCDATL         equ	14688	;# 
   142   003961                     CRCDATH         equ	14689	;# 
   143   003962                     CRCACC          equ	14690	;# 
   144   003962                     CRCACCL         equ	14690	;# 
   145   003963                     CRCACCH         equ	14691	;# 
   146   003964                     CRCSHFT         equ	14692	;# 
   147   003964                     CRCSHIFTL       equ	14692	;# 
   148   003965                     CRCSHIFTH       equ	14693	;# 
   149   003966                     CRCXOR          equ	14694	;# 
   150   003966                     CRCXORL         equ	14694	;# 
   151   003967                     CRCXORH         equ	14695	;# 
   152   003968                     CRCCON0         equ	14696	;# 
   153   003969                     CRCCON1         equ	14697	;# 
   154   003976                     SCANLADR        equ	14710	;# 
   155   003976                     SCANLADRL       equ	14710	;# 
   156   003977                     SCANLADRH       equ	14711	;# 
   157   003978                     SCANLADRU       equ	14712	;# 
   158   003979                     SCANHADR        equ	14713	;# 
   159   003979                     SCANHADRL       equ	14713	;# 
   160   00397A                     SCANHADRH       equ	14714	;# 
   161   00397B                     SCANHADRU       equ	14715	;# 
   162   00397C                     SCANCON0        equ	14716	;# 
   163   00397D                     SCANTRIG        equ	14717	;# 
   164   003980                     IPR0            equ	14720	;# 
   165   003981                     IPR1            equ	14721	;# 
   166   003982                     IPR2            equ	14722	;# 
   167   003983                     IPR3            equ	14723	;# 
   168   003984                     IPR4            equ	14724	;# 
   169   003985                     IPR5            equ	14725	;# 
   170   003986                     IPR6            equ	14726	;# 
   171   003987                     IPR7            equ	14727	;# 
   172   003988                     IPR8            equ	14728	;# 
   173   003989                     IPR9            equ	14729	;# 
   174   00398A                     IPR10           equ	14730	;# 
   175   003990                     PIE0            equ	14736	;# 
   176   003991                     PIE1            equ	14737	;# 
   177   003992                     PIE2            equ	14738	;# 
   178   003993                     PIE3            equ	14739	;# 
   179   003994                     PIE4            equ	14740	;# 
   180   003995                     PIE5            equ	14741	;# 
   181   003996                     PIE6            equ	14742	;# 
   182   003997                     PIE7            equ	14743	;# 
   183   003998                     PIE8            equ	14744	;# 
   184   003999                     PIE9            equ	14745	;# 
   185   00399A                     PIE10           equ	14746	;# 
   186   0039A0                     PIR0            equ	14752	;# 
   187   0039A1                     PIR1            equ	14753	;# 
   188   0039A2                     PIR2            equ	14754	;# 
   189   0039A3                     PIR3            equ	14755	;# 
   190   0039A4                     PIR4            equ	14756	;# 
   191   0039A5                     PIR5            equ	14757	;# 
   192   0039A6                     PIR6            equ	14758	;# 
   193   0039A7                     PIR7            equ	14759	;# 
   194   0039A8                     PIR8            equ	14760	;# 
   195   0039A9                     PIR9            equ	14761	;# 
   196   0039AA                     PIR10           equ	14762	;# 
   197   0039C0                     PMD0            equ	14784	;# 
   198   0039C1                     PMD1            equ	14785	;# 
   199   0039C2                     PMD2            equ	14786	;# 
   200   0039C3                     PMD3            equ	14787	;# 
   201   0039C4                     PMD4            equ	14788	;# 
   202   0039C5                     PMD5            equ	14789	;# 
   203   0039C6                     PMD6            equ	14790	;# 
   204   0039C7                     PMD7            equ	14791	;# 
   205   0039D0                     BORCON          equ	14800	;# 
   206   0039D1                     VREGCON         equ	14801	;# 
   207   0039D8                     CPUDOZE         equ	14808	;# 
   208   0039D9                     OSCCON1         equ	14809	;# 
   209   0039DA                     OSCCON2         equ	14810	;# 
   210   0039DB                     OSCCON3         equ	14811	;# 
   211   0039DC                     OSCSTAT         equ	14812	;# 
   212   0039DC                     OSCSTAT1        equ	14812	;# 
   213   0039DD                     OSCEN           equ	14813	;# 
   214   0039DE                     OSCTUNE         equ	14814	;# 
   215   0039DF                     OSCFRQ          equ	14815	;# 
   216   0039E0                     NVMADRL         equ	14816	;# 
   217   0039E1                     NVMADRH         equ	14817	;# 
   218   0039E3                     NVMDAT          equ	14819	;# 
   219   0039E5                     NVMCON1         equ	14821	;# 
   220   0039E6                     NVMCON2         equ	14822	;# 
   221   0039EF                     PRLOCK          equ	14831	;# 
   222   0039F1                     ISRPR           equ	14833	;# 
   223   0039F2                     MAINPR          equ	14834	;# 
   224   0039F3                     DMA1PR          equ	14835	;# 
   225   0039F4                     DMA2PR          equ	14836	;# 
   226   0039F7                     SCANPR          equ	14839	;# 
   227   003A00                     RA0PPS          equ	14848	;# 
   228   003A01                     RA1PPS          equ	14849	;# 
   229   003A02                     RA2PPS          equ	14850	;# 
   230   003A03                     RA3PPS          equ	14851	;# 
   231   003A04                     RA4PPS          equ	14852	;# 
   232   003A05                     RA5PPS          equ	14853	;# 
   233   003A06                     RA6PPS          equ	14854	;# 
   234   003A07                     RA7PPS          equ	14855	;# 
   235   003A08                     RB0PPS          equ	14856	;# 
   236   003A09                     RB1PPS          equ	14857	;# 
   237   003A0A                     RB2PPS          equ	14858	;# 
   238   003A0B                     RB3PPS          equ	14859	;# 
   239   003A0C                     RB4PPS          equ	14860	;# 
   240   003A0D                     RB5PPS          equ	14861	;# 
   241   003A0E                     RB6PPS          equ	14862	;# 
   242   003A0F                     RB7PPS          equ	14863	;# 
   243   003A10                     RC0PPS          equ	14864	;# 
   244   003A11                     RC1PPS          equ	14865	;# 
   245   003A12                     RC2PPS          equ	14866	;# 
   246   003A13                     RC3PPS          equ	14867	;# 
   247   003A14                     RC4PPS          equ	14868	;# 
   248   003A15                     RC5PPS          equ	14869	;# 
   249   003A16                     RC6PPS          equ	14870	;# 
   250   003A17                     RC7PPS          equ	14871	;# 
   251   003A18                     RD0PPS          equ	14872	;# 
   252   003A19                     RD1PPS          equ	14873	;# 
   253   003A1A                     RD2PPS          equ	14874	;# 
   254   003A1B                     RD3PPS          equ	14875	;# 
   255   003A1C                     RD4PPS          equ	14876	;# 
   256   003A1D                     RD5PPS          equ	14877	;# 
   257   003A1E                     RD6PPS          equ	14878	;# 
   258   003A1F                     RD7PPS          equ	14879	;# 
   259   003A20                     RE0PPS          equ	14880	;# 
   260   003A21                     RE1PPS          equ	14881	;# 
   261   003A22                     RE2PPS          equ	14882	;# 
   262   003A40                     ANSELA          equ	14912	;# 
   263   003A41                     WPUA            equ	14913	;# 
   264   003A42                     ODCONA          equ	14914	;# 
   265   003A43                     SLRCONA         equ	14915	;# 
   266   003A44                     INLVLA          equ	14916	;# 
   267   003A45                     IOCAP           equ	14917	;# 
   268   003A46                     IOCAN           equ	14918	;# 
   269   003A47                     IOCAF           equ	14919	;# 
   270   003A50                     ANSELB          equ	14928	;# 
   271   003A51                     WPUB            equ	14929	;# 
   272   003A52                     ODCONB          equ	14930	;# 
   273   003A53                     SLRCONB         equ	14931	;# 
   274   003A54                     INLVLB          equ	14932	;# 
   275   003A55                     IOCBP           equ	14933	;# 
   276   003A56                     IOCBN           equ	14934	;# 
   277   003A57                     IOCBF           equ	14935	;# 
   278   003A5A                     RB1I2C          equ	14938	;# 
   279   003A5B                     RB2I2C          equ	14939	;# 
   280   003A60                     ANSELC          equ	14944	;# 
   281   003A61                     WPUC            equ	14945	;# 
   282   003A62                     ODCONC          equ	14946	;# 
   283   003A63                     SLRCONC         equ	14947	;# 
   284   003A64                     INLVLC          equ	14948	;# 
   285   003A65                     IOCCP           equ	14949	;# 
   286   003A66                     IOCCN           equ	14950	;# 
   287   003A67                     IOCCF           equ	14951	;# 
   288   003A6A                     RC3I2C          equ	14954	;# 
   289   003A6B                     RC4I2C          equ	14955	;# 
   290   003A70                     ANSELD          equ	14960	;# 
   291   003A71                     WPUD            equ	14961	;# 
   292   003A72                     ODCOND          equ	14962	;# 
   293   003A73                     SLRCOND         equ	14963	;# 
   294   003A74                     INLVLD          equ	14964	;# 
   295   003A7A                     RD0I2C          equ	14970	;# 
   296   003A7B                     RD1I2C          equ	14971	;# 
   297   003A80                     ANSELE          equ	14976	;# 
   298   003A81                     WPUE            equ	14977	;# 
   299   003A82                     ODCONE          equ	14978	;# 
   300   003A83                     SLRCONE         equ	14979	;# 
   301   003A84                     INLVLE          equ	14980	;# 
   302   003A85                     IOCEP           equ	14981	;# 
   303   003A86                     IOCEN           equ	14982	;# 
   304   003A87                     IOCEF           equ	14983	;# 
   305   003ABF                     PPSLOCK         equ	15039	;# 
   306   003AC0                     INT0PPS         equ	15040	;# 
   307   003AC1                     INT1PPS         equ	15041	;# 
   308   003AC2                     INT2PPS         equ	15042	;# 
   309   003AC3                     T0CKIPPS        equ	15043	;# 
   310   003AC4                     T1CKIPPS        equ	15044	;# 
   311   003AC5                     T1GPPS          equ	15045	;# 
   312   003AC6                     T3CKIPPS        equ	15046	;# 
   313   003AC7                     T3GPPS          equ	15047	;# 
   314   003AC8                     T5CKIPPS        equ	15048	;# 
   315   003AC9                     T5GPPS          equ	15049	;# 
   316   003ACA                     T2INPPS         equ	15050	;# 
   317   003ACB                     T4INPPS         equ	15051	;# 
   318   003ACC                     T6INPPS         equ	15052	;# 
   319   003ACD                     CCP1PPS         equ	15053	;# 
   320   003ACE                     CCP2PPS         equ	15054	;# 
   321   003ACF                     CCP3PPS         equ	15055	;# 
   322   003AD0                     CCP4PPS         equ	15056	;# 
   323   003AD1                     SMT1WINPPS      equ	15057	;# 
   324   003AD2                     SMT1SIGPPS      equ	15058	;# 
   325   003AD3                     CWG1INPPS       equ	15059	;# 
   326   003AD4                     CWG2INPPS       equ	15060	;# 
   327   003AD5                     CWG3INPPS       equ	15061	;# 
   328   003AD6                     MD1CARLPPS      equ	15062	;# 
   329   003AD7                     MD1CARHPPS      equ	15063	;# 
   330   003AD8                     MD1SRCPPS       equ	15064	;# 
   331   003AD9                     CLCIN0PPS       equ	15065	;# 
   332   003ADA                     CLCIN1PPS       equ	15066	;# 
   333   003ADB                     CLCIN2PPS       equ	15067	;# 
   334   003ADC                     CLCIN3PPS       equ	15068	;# 
   335   003ADD                     ADACTPPS        equ	15069	;# 
   336   003ADE                     SPI1SCKPPS      equ	15070	;# 
   337   003ADF                     SPI1SDIPPS      equ	15071	;# 
   338   003AE0                     SPI1SSPPS       equ	15072	;# 
   339   003AE1                     I2C1SCLPPS      equ	15073	;# 
   340   003AE2                     I2C1SDAPPS      equ	15074	;# 
   341   003AE3                     I2C2SCLPPS      equ	15075	;# 
   342   003AE4                     I2C2SDAPPS      equ	15076	;# 
   343   003AE5                     U1RXPPS         equ	15077	;# 
   344   003AE6                     U1CTSPPS        equ	15078	;# 
   345   003AE8                     U2RXPPS         equ	15080	;# 
   346   003AE9                     U2CTSPPS        equ	15081	;# 
   347   003BC9                     DMA2BUF         equ	15305	;# 
   348   003BCA                     DMA2DCNT        equ	15306	;# 
   349   003BCA                     DMA2DCNTL       equ	15306	;# 
   350   003BCB                     DMA2DCNTH       equ	15307	;# 
   351   003BCC                     DMA2DPTR        equ	15308	;# 
   352   003BCC                     DMA2DPTRL       equ	15308	;# 
   353   003BCD                     DMA2DPTRH       equ	15309	;# 
   354   003BCE                     DMA2DSZ         equ	15310	;# 
   355   003BCE                     DMA2DSZL        equ	15310	;# 
   356   003BCF                     DMA2DSZH        equ	15311	;# 
   357   003BD0                     DMA2DSA         equ	15312	;# 
   358   003BD0                     DMA2DSAL        equ	15312	;# 
   359   003BD1                     DMA2DSAH        equ	15313	;# 
   360   003BD2                     DMA2SCNT        equ	15314	;# 
   361   003BD2                     DMA2SCNTL       equ	15314	;# 
   362   003BD3                     DMA2SCNTH       equ	15315	;# 
   363   003BD4                     DMA2SPTR        equ	15316	;# 
   364   003BD4                     DMA2SPTRL       equ	15316	;# 
   365   003BD5                     DMA2SPTRH       equ	15317	;# 
   366   003BD6                     DMA2SPTRU       equ	15318	;# 
   367   003BD7                     DMA2SSZ         equ	15319	;# 
   368   003BD7                     DMA2SSZL        equ	15319	;# 
   369   003BD8                     DMA2SSZH        equ	15320	;# 
   370   003BD9                     DMA2SSA         equ	15321	;# 
   371   003BD9                     DMA2SSAL        equ	15321	;# 
   372   003BDA                     DMA2SSAH        equ	15322	;# 
   373   003BDB                     DMA2SSAU        equ	15323	;# 
   374   003BDC                     DMA2CON0        equ	15324	;# 
   375   003BDD                     DMA2CON1        equ	15325	;# 
   376   003BDE                     DMA2AIRQ        equ	15326	;# 
   377   003BDF                     DMA2SIRQ        equ	15327	;# 
   378   003BE9                     DMA1BUF         equ	15337	;# 
   379   003BEA                     DMA1DCNT        equ	15338	;# 
   380   003BEA                     DMA1DCNTL       equ	15338	;# 
   381   003BEB                     DMA1DCNTH       equ	15339	;# 
   382   003BEC                     DMA1DPTR        equ	15340	;# 
   383   003BEC                     DMA1DPTRL       equ	15340	;# 
   384   003BED                     DMA1DPTRH       equ	15341	;# 
   385   003BEE                     DMA1DSZ         equ	15342	;# 
   386   003BEE                     DMA1DSZL        equ	15342	;# 
   387   003BEF                     DMA1DSZH        equ	15343	;# 
   388   003BF0                     DMA1DSA         equ	15344	;# 
   389   003BF0                     DMA1DSAL        equ	15344	;# 
   390   003BF1                     DMA1DSAH        equ	15345	;# 
   391   003BF2                     DMA1SCNT        equ	15346	;# 
   392   003BF2                     DMA1SCNTL       equ	15346	;# 
   393   003BF3                     DMA1SCNTH       equ	15347	;# 
   394   003BF4                     DMA1SPTR        equ	15348	;# 
   395   003BF4                     DMA1SPTRL       equ	15348	;# 
   396   003BF5                     DMA1SPTRH       equ	15349	;# 
   397   003BF6                     DMA1SPTRU       equ	15350	;# 
   398   003BF7                     DMA1SSZ         equ	15351	;# 
   399   003BF7                     DMA1SSZL        equ	15351	;# 
   400   003BF8                     DMA1SSZH        equ	15352	;# 
   401   003BF9                     DMA1SSA         equ	15353	;# 
   402   003BF9                     DMA1SSAL        equ	15353	;# 
   403   003BFA                     DMA1SSAH        equ	15354	;# 
   404   003BFB                     DMA1SSAU        equ	15355	;# 
   405   003BFC                     DMA1CON0        equ	15356	;# 
   406   003BFD                     DMA1CON1        equ	15357	;# 
   407   003BFE                     DMA1AIRQ        equ	15358	;# 
   408   003BFF                     DMA1SIRQ        equ	15359	;# 
   409   003C56                     CLC4CON         equ	15446	;# 
   410   003C57                     CLC4POL         equ	15447	;# 
   411   003C58                     CLC4SEL0        equ	15448	;# 
   412   003C59                     CLC4SEL1        equ	15449	;# 
   413   003C5A                     CLC4SEL2        equ	15450	;# 
   414   003C5B                     CLC4SEL3        equ	15451	;# 
   415   003C5C                     CLC4GLS0        equ	15452	;# 
   416   003C5D                     CLC4GLS1        equ	15453	;# 
   417   003C5E                     CLC4GLS2        equ	15454	;# 
   418   003C5F                     CLC4GLS3        equ	15455	;# 
   419   003C60                     CLC3CON         equ	15456	;# 
   420   003C61                     CLC3POL         equ	15457	;# 
   421   003C62                     CLC3SEL0        equ	15458	;# 
   422   003C63                     CLC3SEL1        equ	15459	;# 
   423   003C64                     CLC3SEL2        equ	15460	;# 
   424   003C65                     CLC3SEL3        equ	15461	;# 
   425   003C66                     CLC3GLS0        equ	15462	;# 
   426   003C67                     CLC3GLS1        equ	15463	;# 
   427   003C68                     CLC3GLS2        equ	15464	;# 
   428   003C69                     CLC3GLS3        equ	15465	;# 
   429   003C6A                     CLC2CON         equ	15466	;# 
   430   003C6B                     CLC2POL         equ	15467	;# 
   431   003C6C                     CLC2SEL0        equ	15468	;# 
   432   003C6D                     CLC2SEL1        equ	15469	;# 
   433   003C6E                     CLC2SEL2        equ	15470	;# 
   434   003C6F                     CLC2SEL3        equ	15471	;# 
   435   003C70                     CLC2GLS0        equ	15472	;# 
   436   003C71                     CLC2GLS1        equ	15473	;# 
   437   003C72                     CLC2GLS2        equ	15474	;# 
   438   003C73                     CLC2GLS3        equ	15475	;# 
   439   003C74                     CLC1CON         equ	15476	;# 
   440   003C75                     CLC1POL         equ	15477	;# 
   441   003C76                     CLC1SEL0        equ	15478	;# 
   442   003C77                     CLC1SEL1        equ	15479	;# 
   443   003C78                     CLC1SEL2        equ	15480	;# 
   444   003C79                     CLC1SEL3        equ	15481	;# 
   445   003C7A                     CLC1GLS0        equ	15482	;# 
   446   003C7B                     CLC1GLS1        equ	15483	;# 
   447   003C7C                     CLC1GLS2        equ	15484	;# 
   448   003C7D                     CLC1GLS3        equ	15485	;# 
   449   003C7E                     CLCDATA0        equ	15486	;# 
   450   003CE5                     CLKRCON         equ	15589	;# 
   451   003CE6                     CLKRCLK         equ	15590	;# 
   452   003CFA                     MD1CON0         equ	15610	;# 
   453   003CFB                     MD1CON1         equ	15611	;# 
   454   003CFC                     MD1SRC          equ	15612	;# 
   455   003CFD                     MD1CARL         equ	15613	;# 
   456   003CFE                     MD1CARH         equ	15614	;# 
   457   003D10                     SPI1RXB         equ	15632	;# 
   458   003D11                     SPI1TXB         equ	15633	;# 
   459   003D12                     SPI1TCNT        equ	15634	;# 
   460   003D12                     SPI1TCNTL       equ	15634	;# 
   461   003D13                     SPI1TCNTH       equ	15635	;# 
   462   003D14                     SPI1CON0        equ	15636	;# 
   463   003D15                     SPI1CON1        equ	15637	;# 
   464   003D16                     SPI1CON2        equ	15638	;# 
   465   003D17                     SPI1STATUS      equ	15639	;# 
   466   003D18                     SPI1TWIDTH      equ	15640	;# 
   467   003D19                     SPI1BAUD        equ	15641	;# 
   468   003D1A                     SPI1INTF        equ	15642	;# 
   469   003D1B                     SPI1INTE        equ	15643	;# 
   470   003D1C                     SPI1CLK         equ	15644	;# 
   471   003D54                     I2C2RXB         equ	15700	;# 
   472   003D55                     I2C2TXB         equ	15701	;# 
   473   003D56                     I2C2CNT         equ	15702	;# 
   474   003D57                     I2C2ADB0        equ	15703	;# 
   475   003D58                     I2C2ADB1        equ	15704	;# 
   476   003D59                     I2C2ADR0        equ	15705	;# 
   477   003D5A                     I2C2ADR1        equ	15706	;# 
   478   003D5B                     I2C2ADR2        equ	15707	;# 
   479   003D5C                     I2C2ADR3        equ	15708	;# 
   480   003D5D                     I2C2CON0        equ	15709	;# 
   481   003D5E                     I2C2CON1        equ	15710	;# 
   482   003D5F                     I2C2CON2        equ	15711	;# 
   483   003D60                     I2C2ERR         equ	15712	;# 
   484   003D61                     I2C2STAT0       equ	15713	;# 
   485   003D62                     I2C2STAT1       equ	15714	;# 
   486   003D63                     I2C2PIR         equ	15715	;# 
   487   003D64                     I2C2PIE         equ	15716	;# 
   488   003D65                     I2C2CLK         equ	15717	;# 
   489   003D66                     I2C2BTO         equ	15718	;# 
   490   003D6A                     I2C1RXB         equ	15722	;# 
   491   003D6B                     I2C1TXB         equ	15723	;# 
   492   003D6C                     I2C1CNT         equ	15724	;# 
   493   003D6D                     I2C1ADB0        equ	15725	;# 
   494   003D6E                     I2C1ADB1        equ	15726	;# 
   495   003D6F                     I2C1ADR0        equ	15727	;# 
   496   003D70                     I2C1ADR1        equ	15728	;# 
   497   003D71                     I2C1ADR2        equ	15729	;# 
   498   003D72                     I2C1ADR3        equ	15730	;# 
   499   003D73                     I2C1CON0        equ	15731	;# 
   500   003D74                     I2C1CON1        equ	15732	;# 
   501   003D75                     I2C1CON2        equ	15733	;# 
   502   003D76                     I2C1ERR         equ	15734	;# 
   503   003D77                     I2C1STAT0       equ	15735	;# 
   504   003D78                     I2C1STAT1       equ	15736	;# 
   505   003D79                     I2C1PIR         equ	15737	;# 
   506   003D7A                     I2C1PIE         equ	15738	;# 
   507   003D7B                     I2C1CLK         equ	15739	;# 
   508   003D7C                     I2C1BTO         equ	15740	;# 
   509   003DD0                     U2RXB           equ	15824	;# 
   510   003DD0                     U2RXBL          equ	15824	;# 
   511   003DD2                     U2TXB           equ	15826	;# 
   512   003DD2                     U2TXBL          equ	15826	;# 
   513   003DD4                     U2P1            equ	15828	;# 
   514   003DD4                     U2P1L           equ	15828	;# 
   515   003DD6                     U2P2            equ	15830	;# 
   516   003DD6                     U2P2L           equ	15830	;# 
   517   003DD8                     U2P3            equ	15832	;# 
   518   003DD8                     U2P3L           equ	15832	;# 
   519   003DDA                     U2CON0          equ	15834	;# 
   520   003DDB                     U2CON1          equ	15835	;# 
   521   003DDC                     U2CON2          equ	15836	;# 
   522   003DDD                     U2BRG           equ	15837	;# 
   523   003DDD                     U2BRGL          equ	15837	;# 
   524   003DDE                     U2BRGH          equ	15838	;# 
   525   003DDF                     U2FIFO          equ	15839	;# 
   526   003DE0                     U2UIR           equ	15840	;# 
   527   003DE1                     U2ERRIR         equ	15841	;# 
   528   003DE2                     U2ERRIE         equ	15842	;# 
   529   003DE8                     U1RXB           equ	15848	;# 
   530   003DE8                     U1RXBL          equ	15848	;# 
   531   003DE9                     U1RXCHK         equ	15849	;# 
   532   003DEA                     U1TXB           equ	15850	;# 
   533   003DEA                     U1TXBL          equ	15850	;# 
   534   003DEB                     U1TXCHK         equ	15851	;# 
   535   003DEC                     U1P1            equ	15852	;# 
   536   003DEC                     U1P1L           equ	15852	;# 
   537   003DED                     U1P1H           equ	15853	;# 
   538   003DEE                     U1P2            equ	15854	;# 
   539   003DEE                     U1P2L           equ	15854	;# 
   540   003DEF                     U1P2H           equ	15855	;# 
   541   003DF0                     U1P3            equ	15856	;# 
   542   003DF0                     U1P3L           equ	15856	;# 
   543   003DF1                     U1P3H           equ	15857	;# 
   544   003DF2                     U1CON0          equ	15858	;# 
   545   003DF3                     U1CON1          equ	15859	;# 
   546   003DF4                     U1CON2          equ	15860	;# 
   547   003DF5                     U1BRG           equ	15861	;# 
   548   003DF5                     U1BRGL          equ	15861	;# 
   549   003DF6                     U1BRGH          equ	15862	;# 
   550   003DF7                     U1FIFO          equ	15863	;# 
   551   003DF8                     U1UIR           equ	15864	;# 
   552   003DF9                     U1ERRIR         equ	15865	;# 
   553   003DFA                     U1ERRIE         equ	15866	;# 
   554   003E9C                     DAC1CON1        equ	16028	;# 
   555   003E9E                     DAC1CON0        equ	16030	;# 
   556   003EB8                     CM2CON0         equ	16056	;# 
   557   003EB9                     CM2CON1         equ	16057	;# 
   558   003EBA                     CM2NCH          equ	16058	;# 
   559   003EBB                     CM2PCH          equ	16059	;# 
   560   003EBC                     CM1CON0         equ	16060	;# 
   561   003EBD                     CM1CON1         equ	16061	;# 
   562   003EBE                     CM1NCH          equ	16062	;# 
   563   003EBF                     CM1PCH          equ	16063	;# 
   564   003EC0                     CMOUT           equ	16064	;# 
   565   003EC1                     FVRCON          equ	16065	;# 
   566   003EC3                     ZCDCON          equ	16067	;# 
   567   003EC9                     HLVDCON0        equ	16073	;# 
   568   003ECA                     HLVDCON1        equ	16074	;# 
   569   003ED7                     ADCP            equ	16087	;# 
   570   003EDE                     ADLTH           equ	16094	;# 
   571   003EDE                     ADLTHL          equ	16094	;# 
   572   003EDF                     ADLTHH          equ	16095	;# 
   573   003EE0                     ADUTH           equ	16096	;# 
   574   003EE0                     ADUTHL          equ	16096	;# 
   575   003EE1                     ADUTHH          equ	16097	;# 
   576   003EE2                     ADERR           equ	16098	;# 
   577   003EE2                     ADERRL          equ	16098	;# 
   578   003EE3                     ADERRH          equ	16099	;# 
   579   003EE4                     ADSTPT          equ	16100	;# 
   580   003EE4                     ADSTPTL         equ	16100	;# 
   581   003EE5                     ADSTPTH         equ	16101	;# 
   582   003EE6                     ADFLTR          equ	16102	;# 
   583   003EE6                     ADFLTRL         equ	16102	;# 
   584   003EE7                     ADFLTRH         equ	16103	;# 
   585   003EE8                     ADACC           equ	16104	;# 
   586   003EE8                     ADACCL          equ	16104	;# 
   587   003EE9                     ADACCH          equ	16105	;# 
   588   003EEA                     ADACCU          equ	16106	;# 
   589   003EEB                     ADCNT           equ	16107	;# 
   590   003EEC                     ADRPT           equ	16108	;# 
   591   003EED                     ADPREV          equ	16109	;# 
   592   003EED                     ADPREVL         equ	16109	;# 
   593   003EEE                     ADPREVH         equ	16110	;# 
   594   003EEF                     ADRES           equ	16111	;# 
   595   003EEF                     ADRESL          equ	16111	;# 
   596   003EF0                     ADRESH          equ	16112	;# 
   597   003EF1                     ADPCH           equ	16113	;# 
   598   003EF3                     ADACQ           equ	16115	;# 
   599   003EF3                     ADACQL          equ	16115	;# 
   600   003EF4                     ADACQH          equ	16116	;# 
   601   003EF5                     ADCAP           equ	16117	;# 
   602   003EF6                     ADPRE           equ	16118	;# 
   603   003EF6                     ADPREL          equ	16118	;# 
   604   003EF7                     ADPREH          equ	16119	;# 
   605   003EF8                     ADCON0          equ	16120	;# 
   606   003EF9                     ADCON1          equ	16121	;# 
   607   003EFA                     ADCON2          equ	16122	;# 
   608   003EFB                     ADCON3          equ	16123	;# 
   609   003EFC                     ADSTAT          equ	16124	;# 
   610   003EFD                     ADREF           equ	16125	;# 
   611   003EFE                     ADACT           equ	16126	;# 
   612   003EFF                     ADCLK           equ	16127	;# 
   613   003F12                     SMT1TMR         equ	16146	;# 
   614   003F12                     SMT1TMRL        equ	16146	;# 
   615   003F13                     SMT1TMRH        equ	16147	;# 
   616   003F14                     SMT1TMRU        equ	16148	;# 
   617   003F15                     SMT1CPR         equ	16149	;# 
   618   003F15                     SMT1CPRL        equ	16149	;# 
   619   003F16                     SMT1CPRH        equ	16150	;# 
   620   003F17                     SMT1CPRU        equ	16151	;# 
   621   003F18                     SMT1CPW         equ	16152	;# 
   622   003F18                     SMT1CPWL        equ	16152	;# 
   623   003F19                     SMT1CPWH        equ	16153	;# 
   624   003F1A                     SMT1CPWU        equ	16154	;# 
   625   003F1B                     SMT1PR          equ	16155	;# 
   626   003F1B                     SMT1PRL         equ	16155	;# 
   627   003F1C                     SMT1PRH         equ	16156	;# 
   628   003F1D                     SMT1PRU         equ	16157	;# 
   629   003F1E                     SMT1CON0        equ	16158	;# 
   630   003F1F                     SMT1CON1        equ	16159	;# 
   631   003F20                     SMT1STAT        equ	16160	;# 
   632   003F21                     SMT1CLK         equ	16161	;# 
   633   003F22                     SMT1SIG         equ	16162	;# 
   634   003F23                     SMT1WIN         equ	16163	;# 
   635   003F38                     NCO1ACC         equ	16184	;# 
   636   003F38                     NCO1ACCL        equ	16184	;# 
   637   003F39                     NCO1ACCH        equ	16185	;# 
   638   003F3A                     NCO1ACCU        equ	16186	;# 
   639   003F3B                     NCO1INC         equ	16187	;# 
   640   003F3B                     NCO1INCL        equ	16187	;# 
   641   003F3C                     NCO1INCH        equ	16188	;# 
   642   003F3D                     NCO1INCU        equ	16189	;# 
   643   003F3E                     NCO1CON         equ	16190	;# 
   644   003F3F                     NCO1CLK         equ	16191	;# 
   645   003F40                     CWG3CLK         equ	16192	;# 
   646   003F40                     CWG3CLKCON      equ	16192	;# 
   647   003F41                     CWG3ISM         equ	16193	;# 
   648   003F41                     CWG3DAT         equ	16193	;# 
   649   003F42                     CWG3DBR         equ	16194	;# 
   650   003F43                     CWG3DBF         equ	16195	;# 
   651   003F44                     CWG3CON0        equ	16196	;# 
   652   003F45                     CWG3CON1        equ	16197	;# 
   653   003F46                     CWG3AS0         equ	16198	;# 
   654   003F47                     CWG3AS1         equ	16199	;# 
   655   003F48                     CWG3STR         equ	16200	;# 
   656   003F49                     CWG2CLK         equ	16201	;# 
   657   003F49                     CWG2CLKCON      equ	16201	;# 
   658   003F4A                     CWG2ISM         equ	16202	;# 
   659   003F4A                     CWG2DAT         equ	16202	;# 
   660   003F4B                     CWG2DBR         equ	16203	;# 
   661   003F4C                     CWG2DBF         equ	16204	;# 
   662   003F4D                     CWG2CON0        equ	16205	;# 
   663   003F4E                     CWG2CON1        equ	16206	;# 
   664   003F4F                     CWG2AS0         equ	16207	;# 
   665   003F50                     CWG2AS1         equ	16208	;# 
   666   003F51                     CWG2STR         equ	16209	;# 
   667   003F52                     CWG1CLK         equ	16210	;# 
   668   003F52                     CWG1CLKCON      equ	16210	;# 
   669   003F53                     CWG1ISM         equ	16211	;# 
   670   003F53                     CWG1DAT         equ	16211	;# 
   671   003F54                     CWG1DBR         equ	16212	;# 
   672   003F55                     CWG1DBF         equ	16213	;# 
   673   003F56                     CWG1CON0        equ	16214	;# 
   674   003F57                     CWG1CON1        equ	16215	;# 
   675   003F58                     CWG1AS0         equ	16216	;# 
   676   003F59                     CWG1AS1         equ	16217	;# 
   677   003F5A                     CWG1STR         equ	16218	;# 
   678   003F5E                     CCPTMRS0        equ	16222	;# 
   679   003F5F                     CCPTMRS1        equ	16223	;# 
   680   003F60                     PWM8DC          equ	16224	;# 
   681   003F60                     PWM8DCL         equ	16224	;# 
   682   003F61                     PWM8DCH         equ	16225	;# 
   683   003F62                     PWM8CON         equ	16226	;# 
   684   003F64                     PWM7DC          equ	16228	;# 
   685   003F64                     PWM7DCL         equ	16228	;# 
   686   003F65                     PWM7DCH         equ	16229	;# 
   687   003F66                     PWM7CON         equ	16230	;# 
   688   003F68                     PWM6DC          equ	16232	;# 
   689   003F68                     PWM6DCL         equ	16232	;# 
   690   003F69                     PWM6DCH         equ	16233	;# 
   691   003F6A                     PWM6CON         equ	16234	;# 
   692   003F6C                     PWM5DC          equ	16236	;# 
   693   003F6C                     PWM5DCL         equ	16236	;# 
   694   003F6D                     PWM5DCH         equ	16237	;# 
   695   003F6E                     PWM5CON         equ	16238	;# 
   696   003F70                     CCPR4           equ	16240	;# 
   697   003F70                     CCPR4L          equ	16240	;# 
   698   003F71                     CCPR4H          equ	16241	;# 
   699   003F72                     CCP4CON         equ	16242	;# 
   700   003F73                     CCP4CAP         equ	16243	;# 
   701   003F74                     CCPR3           equ	16244	;# 
   702   003F74                     CCPR3L          equ	16244	;# 
   703   003F75                     CCPR3H          equ	16245	;# 
   704   003F76                     CCP3CON         equ	16246	;# 
   705   003F77                     CCP3CAP         equ	16247	;# 
   706   003F78                     CCPR2           equ	16248	;# 
   707   003F78                     CCPR2L          equ	16248	;# 
   708   003F79                     CCPR2H          equ	16249	;# 
   709   003F7A                     CCP2CON         equ	16250	;# 
   710   003F7B                     CCP2CAP         equ	16251	;# 
   711   003F7C                     CCPR1           equ	16252	;# 
   712   003F7C                     CCPR1L          equ	16252	;# 
   713   003F7D                     CCPR1H          equ	16253	;# 
   714   003F7E                     CCP1CON         equ	16254	;# 
   715   003F7F                     CCP1CAP         equ	16255	;# 
   716   003F92                     T6TMR           equ	16274	;# 
   717   003F92                     TMR6            equ	16274	;# 
   718   003F93                     T6PR            equ	16275	;# 
   719   003F93                     PR6             equ	16275	;# 
   720   003F94                     T6CON           equ	16276	;# 
   721   003F95                     T6HLT           equ	16277	;# 
   722   003F96                     T6CLKCON        equ	16278	;# 
   723   003F96                     T6CLK           equ	16278	;# 
   724   003F97                     T6RST           equ	16279	;# 
   725   003F98                     TMR5            equ	16280	;# 
   726   003F98                     TMR5L           equ	16280	;# 
   727   003F99                     TMR5H           equ	16281	;# 
   728   003F9A                     T5CON           equ	16282	;# 
   729   003F9A                     TMR5CON         equ	16282	;# 
   730   003F9B                     T5GCON          equ	16283	;# 
   731   003F9B                     TMR5GCON        equ	16283	;# 
   732   003F9C                     T5GATE          equ	16284	;# 
   733   003F9C                     TMR5GATE        equ	16284	;# 
   734   003F9D                     T5CLK           equ	16285	;# 
   735   003F9D                     TMR5CLK         equ	16285	;# 
   736   003F9D                     PR5             equ	16285	;# 
   737   003F9E                     T4TMR           equ	16286	;# 
   738   003F9E                     TMR4            equ	16286	;# 
   739   003F9F                     T4PR            equ	16287	;# 
   740   003F9F                     PR4             equ	16287	;# 
   741   003FA0                     T4CON           equ	16288	;# 
   742   003FA1                     T4HLT           equ	16289	;# 
   743   003FA2                     T4CLKCON        equ	16290	;# 
   744   003FA2                     T4CLK           equ	16290	;# 
   745   003FA3                     T4RST           equ	16291	;# 
   746   003FA4                     TMR3            equ	16292	;# 
   747   003FA4                     TMR3L           equ	16292	;# 
   748   003FA5                     TMR3H           equ	16293	;# 
   749   003FA6                     T3CON           equ	16294	;# 
   750   003FA6                     TMR3CON         equ	16294	;# 
   751   003FA7                     T3GCON          equ	16295	;# 
   752   003FA7                     TMR3GCON        equ	16295	;# 
   753   003FA8                     T3GATE          equ	16296	;# 
   754   003FA8                     TMR3GATE        equ	16296	;# 
   755   003FA9                     T3CLK           equ	16297	;# 
   756   003FA9                     TMR3CLK         equ	16297	;# 
   757   003FA9                     PR3             equ	16297	;# 
   758   003FAA                     T2TMR           equ	16298	;# 
   759   003FAA                     TMR2            equ	16298	;# 
   760   003FAB                     T2PR            equ	16299	;# 
   761   003FAB                     PR2             equ	16299	;# 
   762   003FAC                     T2CON           equ	16300	;# 
   763   003FAD                     T2HLT           equ	16301	;# 
   764   003FAE                     T2CLKCON        equ	16302	;# 
   765   003FAE                     T2CLK           equ	16302	;# 
   766   003FAF                     T2RST           equ	16303	;# 
   767   003FB0                     TMR1            equ	16304	;# 
   768   003FB0                     TMR1L           equ	16304	;# 
   769   003FB1                     TMR1H           equ	16305	;# 
   770   003FB2                     T1CON           equ	16306	;# 
   771   003FB2                     TMR1CON         equ	16306	;# 
   772   003FB3                     T1GCON          equ	16307	;# 
   773   003FB3                     TMR1GCON        equ	16307	;# 
   774   003FB4                     T1GATE          equ	16308	;# 
   775   003FB4                     TMR1GATE        equ	16308	;# 
   776   003FB5                     T1CLK           equ	16309	;# 
   777   003FB5                     TMR1CLK         equ	16309	;# 
   778   003FB5                     PR1             equ	16309	;# 
   779   003FB6                     TMR0L           equ	16310	;# 
   780   003FB6                     TMR0            equ	16310	;# 
   781   003FB7                     TMR0H           equ	16311	;# 
   782   003FB7                     PR0             equ	16311	;# 
   783   003FB8                     T0CON0          equ	16312	;# 
   784   003FB9                     T0CON1          equ	16313	;# 
   785   003FBA                     LATA            equ	16314	;# 
   786   003FBB                     LATB            equ	16315	;# 
   787   003FBC                     LATC            equ	16316	;# 
   788   003FBD                     LATD            equ	16317	;# 
   789   003FBE                     LATE            equ	16318	;# 
   790   003FC2                     TRISA           equ	16322	;# 
   791   003FC3                     TRISB           equ	16323	;# 
   792   003FC4                     TRISC           equ	16324	;# 
   793   003FC5                     TRISD           equ	16325	;# 
   794   003FC6                     TRISE           equ	16326	;# 
   795   003FCA                     PORTA           equ	16330	;# 
   796   003FCB                     PORTB           equ	16331	;# 
   797   003FCC                     PORTC           equ	16332	;# 
   798   003FCD                     PORTD           equ	16333	;# 
   799   003FCE                     PORTE           equ	16334	;# 
   800   003FD2                     INTCON0         equ	16338	;# 
   801   003FD3                     INTCON1         equ	16339	;# 
   802   003FD4                     IVTLOCK         equ	16340	;# 
   803   003FD5                     IVTBASE         equ	16341	;# 
   804   003FD5                     IVTBASEL        equ	16341	;# 
   805   003FD6                     IVTBASEH        equ	16342	;# 
   806   003FD7                     IVTBASEU        equ	16343	;# 
   807   003FD8                     STATUS          equ	16344	;# 
   808   003FD9                     FSR2            equ	16345	;# 
   809   003FD9                     FSR2L           equ	16345	;# 
   810   003FDA                     FSR2H           equ	16346	;# 
   811   003FDB                     PLUSW2          equ	16347	;# 
   812   003FDC                     PREINC2         equ	16348	;# 
   813   003FDD                     POSTDEC2        equ	16349	;# 
   814   003FDE                     POSTINC2        equ	16350	;# 
   815   003FDF                     INDF2           equ	16351	;# 
   816   003FE0                     BSR             equ	16352	;# 
   817   003FE1                     FSR1            equ	16353	;# 
   818   003FE1                     FSR1L           equ	16353	;# 
   819   003FE2                     FSR1H           equ	16354	;# 
   820   003FE3                     PLUSW1          equ	16355	;# 
   821   003FE4                     PREINC1         equ	16356	;# 
   822   003FE5                     POSTDEC1        equ	16357	;# 
   823   003FE6                     POSTINC1        equ	16358	;# 
   824   003FE7                     INDF1           equ	16359	;# 
   825   003FE8                     WREG            equ	16360	;# 
   826   003FE9                     FSR0            equ	16361	;# 
   827   003FE9                     FSR0L           equ	16361	;# 
   828   003FEA                     FSR0H           equ	16362	;# 
   829   003FEB                     PLUSW0          equ	16363	;# 
   830   003FEC                     PREINC0         equ	16364	;# 
   831   003FED                     POSTDEC0        equ	16365	;# 
   832   003FEE                     POSTINC0        equ	16366	;# 
   833   003FEF                     INDF0           equ	16367	;# 
   834   003FF0                     PCON0           equ	16368	;# 
   835   003FF1                     PCON1           equ	16369	;# 
   836   003FF3                     PROD            equ	16371	;# 
   837   003FF3                     PRODL           equ	16371	;# 
   838   003FF4                     PRODH           equ	16372	;# 
   839   003FF5                     TABLAT          equ	16373	;# 
   840   003FF6                     TBLPTR          equ	16374	;# 
   841   003FF6                     TBLPTRL         equ	16374	;# 
   842   003FF7                     TBLPTRH         equ	16375	;# 
   843   003FF8                     TBLPTRU         equ	16376	;# 
   844   003FF9                     PCLAT           equ	16377	;# 
   845   003FF9                     PCL             equ	16377	;# 
   846   003FFA                     PCLATH          equ	16378	;# 
   847   003FFB                     PCLATU          equ	16379	;# 
   848   003FFC                     STKPTR          equ	16380	;# 
   849   003FFD                     TOS             equ	16381	;# 
   850   003FFD                     TOSL            equ	16381	;# 
   851   003FFE                     TOSH            equ	16382	;# 
   852   003FFF                     TOSU            equ	16383	;# 
   853   003880                     STATUS_CSHAD    equ	14464	;# 
   854   003881                     WREG_CSHAD      equ	14465	;# 
   855   003882                     BSR_CSHAD       equ	14466	;# 
   856   003883                     SHADCON         equ	14467	;# 
   857   003884                     STATUS_SHAD     equ	14468	;# 
   858   003885                     WREG_SHAD       equ	14469	;# 
   859   003886                     BSR_SHAD        equ	14470	;# 
   860   003887                     PCLATH_SHAD     equ	14471	;# 
   861   003888                     PCLATU_SHAD     equ	14472	;# 
   862   003889                     FSR0SH          equ	14473	;# 
   863   003889                     FSR0L_SHAD      equ	14473	;# 
   864   00388A                     FSR0H_SHAD      equ	14474	;# 
   865   00388B                     FSR1SH          equ	14475	;# 
   866   00388B                     FSR1L_SHAD      equ	14475	;# 
   867   00388C                     FSR1H_SHAD      equ	14476	;# 
   868   00388D                     FSR2SH          equ	14477	;# 
   869   00388D                     FSR2L_SHAD      equ	14477	;# 
   870   00388E                     FSR2H_SHAD      equ	14478	;# 
   871   00388F                     PRODSH          equ	14479	;# 
   872   00388F                     PRODL_SHAD      equ	14479	;# 
   873   003890                     PRODH_SHAD      equ	14480	;# 
   874   00389D                     IVTADL          equ	14493	;# 
   875   00389E                     IVTADH          equ	14494	;# 
   876   00389F                     IVTADU          equ	14495	;# 
   877   00395B                     WDTCON0         equ	14683	;# 
   878   00395C                     WDTCON1         equ	14684	;# 
   879   00395D                     WDTPSL          equ	14685	;# 
   880   00395E                     WDTPSH          equ	14686	;# 
   881   00395F                     WDTTMR          equ	14687	;# 
   882   003960                     CRCDATA         equ	14688	;# 
   883   003960                     CRCDATL         equ	14688	;# 
   884   003961                     CRCDATH         equ	14689	;# 
   885   003962                     CRCACC          equ	14690	;# 
   886   003962                     CRCACCL         equ	14690	;# 
   887   003963                     CRCACCH         equ	14691	;# 
   888   003964                     CRCSHFT         equ	14692	;# 
   889   003964                     CRCSHIFTL       equ	14692	;# 
   890   003965                     CRCSHIFTH       equ	14693	;# 
   891   003966                     CRCXOR          equ	14694	;# 
   892   003966                     CRCXORL         equ	14694	;# 
   893   003967                     CRCXORH         equ	14695	;# 
   894   003968                     CRCCON0         equ	14696	;# 
   895   003969                     CRCCON1         equ	14697	;# 
   896   003976                     SCANLADR        equ	14710	;# 
   897   003976                     SCANLADRL       equ	14710	;# 
   898   003977                     SCANLADRH       equ	14711	;# 
   899   003978                     SCANLADRU       equ	14712	;# 
   900   003979                     SCANHADR        equ	14713	;# 
   901   003979                     SCANHADRL       equ	14713	;# 
   902   00397A                     SCANHADRH       equ	14714	;# 
   903   00397B                     SCANHADRU       equ	14715	;# 
   904   00397C                     SCANCON0        equ	14716	;# 
   905   00397D                     SCANTRIG        equ	14717	;# 
   906   003980                     IPR0            equ	14720	;# 
   907   003981                     IPR1            equ	14721	;# 
   908   003982                     IPR2            equ	14722	;# 
   909   003983                     IPR3            equ	14723	;# 
   910   003984                     IPR4            equ	14724	;# 
   911   003985                     IPR5            equ	14725	;# 
   912   003986                     IPR6            equ	14726	;# 
   913   003987                     IPR7            equ	14727	;# 
   914   003988                     IPR8            equ	14728	;# 
   915   003989                     IPR9            equ	14729	;# 
   916   00398A                     IPR10           equ	14730	;# 
   917   003990                     PIE0            equ	14736	;# 
   918   003991                     PIE1            equ	14737	;# 
   919   003992                     PIE2            equ	14738	;# 
   920   003993                     PIE3            equ	14739	;# 
   921   003994                     PIE4            equ	14740	;# 
   922   003995                     PIE5            equ	14741	;# 
   923   003996                     PIE6            equ	14742	;# 
   924   003997                     PIE7            equ	14743	;# 
   925   003998                     PIE8            equ	14744	;# 
   926   003999                     PIE9            equ	14745	;# 
   927   00399A                     PIE10           equ	14746	;# 
   928   0039A0                     PIR0            equ	14752	;# 
   929   0039A1                     PIR1            equ	14753	;# 
   930   0039A2                     PIR2            equ	14754	;# 
   931   0039A3                     PIR3            equ	14755	;# 
   932   0039A4                     PIR4            equ	14756	;# 
   933   0039A5                     PIR5            equ	14757	;# 
   934   0039A6                     PIR6            equ	14758	;# 
   935   0039A7                     PIR7            equ	14759	;# 
   936   0039A8                     PIR8            equ	14760	;# 
   937   0039A9                     PIR9            equ	14761	;# 
   938   0039AA                     PIR10           equ	14762	;# 
   939   0039C0                     PMD0            equ	14784	;# 
   940   0039C1                     PMD1            equ	14785	;# 
   941   0039C2                     PMD2            equ	14786	;# 
   942   0039C3                     PMD3            equ	14787	;# 
   943   0039C4                     PMD4            equ	14788	;# 
   944   0039C5                     PMD5            equ	14789	;# 
   945   0039C6                     PMD6            equ	14790	;# 
   946   0039C7                     PMD7            equ	14791	;# 
   947   0039D0                     BORCON          equ	14800	;# 
   948   0039D1                     VREGCON         equ	14801	;# 
   949   0039D8                     CPUDOZE         equ	14808	;# 
   950   0039D9                     OSCCON1         equ	14809	;# 
   951   0039DA                     OSCCON2         equ	14810	;# 
   952   0039DB                     OSCCON3         equ	14811	;# 
   953   0039DC                     OSCSTAT         equ	14812	;# 
   954   0039DC                     OSCSTAT1        equ	14812	;# 
   955   0039DD                     OSCEN           equ	14813	;# 
   956   0039DE                     OSCTUNE         equ	14814	;# 
   957   0039DF                     OSCFRQ          equ	14815	;# 
   958   0039E0                     NVMADRL         equ	14816	;# 
   959   0039E1                     NVMADRH         equ	14817	;# 
   960   0039E3                     NVMDAT          equ	14819	;# 
   961   0039E5                     NVMCON1         equ	14821	;# 
   962   0039E6                     NVMCON2         equ	14822	;# 
   963   0039EF                     PRLOCK          equ	14831	;# 
   964   0039F1                     ISRPR           equ	14833	;# 
   965   0039F2                     MAINPR          equ	14834	;# 
   966   0039F3                     DMA1PR          equ	14835	;# 
   967   0039F4                     DMA2PR          equ	14836	;# 
   968   0039F7                     SCANPR          equ	14839	;# 
   969   003A00                     RA0PPS          equ	14848	;# 
   970   003A01                     RA1PPS          equ	14849	;# 
   971   003A02                     RA2PPS          equ	14850	;# 
   972   003A03                     RA3PPS          equ	14851	;# 
   973   003A04                     RA4PPS          equ	14852	;# 
   974   003A05                     RA5PPS          equ	14853	;# 
   975   003A06                     RA6PPS          equ	14854	;# 
   976   003A07                     RA7PPS          equ	14855	;# 
   977   003A08                     RB0PPS          equ	14856	;# 
   978   003A09                     RB1PPS          equ	14857	;# 
   979   003A0A                     RB2PPS          equ	14858	;# 
   980   003A0B                     RB3PPS          equ	14859	;# 
   981   003A0C                     RB4PPS          equ	14860	;# 
   982   003A0D                     RB5PPS          equ	14861	;# 
   983   003A0E                     RB6PPS          equ	14862	;# 
   984   003A0F                     RB7PPS          equ	14863	;# 
   985   003A10                     RC0PPS          equ	14864	;# 
   986   003A11                     RC1PPS          equ	14865	;# 
   987   003A12                     RC2PPS          equ	14866	;# 
   988   003A13                     RC3PPS          equ	14867	;# 
   989   003A14                     RC4PPS          equ	14868	;# 
   990   003A15                     RC5PPS          equ	14869	;# 
   991   003A16                     RC6PPS          equ	14870	;# 
   992   003A17                     RC7PPS          equ	14871	;# 
   993   003A18                     RD0PPS          equ	14872	;# 
   994   003A19                     RD1PPS          equ	14873	;# 
   995   003A1A                     RD2PPS          equ	14874	;# 
   996   003A1B                     RD3PPS          equ	14875	;# 
   997   003A1C                     RD4PPS          equ	14876	;# 
   998   003A1D                     RD5PPS          equ	14877	;# 
   999   003A1E                     RD6PPS          equ	14878	;# 
  1000   003A1F                     RD7PPS          equ	14879	;# 
  1001   003A20                     RE0PPS          equ	14880	;# 
  1002   003A21                     RE1PPS          equ	14881	;# 
  1003   003A22                     RE2PPS          equ	14882	;# 
  1004   003A40                     ANSELA          equ	14912	;# 
  1005   003A41                     WPUA            equ	14913	;# 
  1006   003A42                     ODCONA          equ	14914	;# 
  1007   003A43                     SLRCONA         equ	14915	;# 
  1008   003A44                     INLVLA          equ	14916	;# 
  1009   003A45                     IOCAP           equ	14917	;# 
  1010   003A46                     IOCAN           equ	14918	;# 
  1011   003A47                     IOCAF           equ	14919	;# 
  1012   003A50                     ANSELB          equ	14928	;# 
  1013   003A51                     WPUB            equ	14929	;# 
  1014   003A52                     ODCONB          equ	14930	;# 
  1015   003A53                     SLRCONB         equ	14931	;# 
  1016   003A54                     INLVLB          equ	14932	;# 
  1017   003A55                     IOCBP           equ	14933	;# 
  1018   003A56                     IOCBN           equ	14934	;# 
  1019   003A57                     IOCBF           equ	14935	;# 
  1020   003A5A                     RB1I2C          equ	14938	;# 
  1021   003A5B                     RB2I2C          equ	14939	;# 
  1022   003A60                     ANSELC          equ	14944	;# 
  1023   003A61                     WPUC            equ	14945	;# 
  1024   003A62                     ODCONC          equ	14946	;# 
  1025   003A63                     SLRCONC         equ	14947	;# 
  1026   003A64                     INLVLC          equ	14948	;# 
  1027   003A65                     IOCCP           equ	14949	;# 
  1028   003A66                     IOCCN           equ	14950	;# 
  1029   003A67                     IOCCF           equ	14951	;# 
  1030   003A6A                     RC3I2C          equ	14954	;# 
  1031   003A6B                     RC4I2C          equ	14955	;# 
  1032   003A70                     ANSELD          equ	14960	;# 
  1033   003A71                     WPUD            equ	14961	;# 
  1034   003A72                     ODCOND          equ	14962	;# 
  1035   003A73                     SLRCOND         equ	14963	;# 
  1036   003A74                     INLVLD          equ	14964	;# 
  1037   003A7A                     RD0I2C          equ	14970	;# 
  1038   003A7B                     RD1I2C          equ	14971	;# 
  1039   003A80                     ANSELE          equ	14976	;# 
  1040   003A81                     WPUE            equ	14977	;# 
  1041   003A82                     ODCONE          equ	14978	;# 
  1042   003A83                     SLRCONE         equ	14979	;# 
  1043   003A84                     INLVLE          equ	14980	;# 
  1044   003A85                     IOCEP           equ	14981	;# 
  1045   003A86                     IOCEN           equ	14982	;# 
  1046   003A87                     IOCEF           equ	14983	;# 
  1047   003ABF                     PPSLOCK         equ	15039	;# 
  1048   003AC0                     INT0PPS         equ	15040	;# 
  1049   003AC1                     INT1PPS         equ	15041	;# 
  1050   003AC2                     INT2PPS         equ	15042	;# 
  1051   003AC3                     T0CKIPPS        equ	15043	;# 
  1052   003AC4                     T1CKIPPS        equ	15044	;# 
  1053   003AC5                     T1GPPS          equ	15045	;# 
  1054   003AC6                     T3CKIPPS        equ	15046	;# 
  1055   003AC7                     T3GPPS          equ	15047	;# 
  1056   003AC8                     T5CKIPPS        equ	15048	;# 
  1057   003AC9                     T5GPPS          equ	15049	;# 
  1058   003ACA                     T2INPPS         equ	15050	;# 
  1059   003ACB                     T4INPPS         equ	15051	;# 
  1060   003ACC                     T6INPPS         equ	15052	;# 
  1061   003ACD                     CCP1PPS         equ	15053	;# 
  1062   003ACE                     CCP2PPS         equ	15054	;# 
  1063   003ACF                     CCP3PPS         equ	15055	;# 
  1064   003AD0                     CCP4PPS         equ	15056	;# 
  1065   003AD1                     SMT1WINPPS      equ	15057	;# 
  1066   003AD2                     SMT1SIGPPS      equ	15058	;# 
  1067   003AD3                     CWG1INPPS       equ	15059	;# 
  1068   003AD4                     CWG2INPPS       equ	15060	;# 
  1069   003AD5                     CWG3INPPS       equ	15061	;# 
  1070   003AD6                     MD1CARLPPS      equ	15062	;# 
  1071   003AD7                     MD1CARHPPS      equ	15063	;# 
  1072   003AD8                     MD1SRCPPS       equ	15064	;# 
  1073   003AD9                     CLCIN0PPS       equ	15065	;# 
  1074   003ADA                     CLCIN1PPS       equ	15066	;# 
  1075   003ADB                     CLCIN2PPS       equ	15067	;# 
  1076   003ADC                     CLCIN3PPS       equ	15068	;# 
  1077   003ADD                     ADACTPPS        equ	15069	;# 
  1078   003ADE                     SPI1SCKPPS      equ	15070	;# 
  1079   003ADF                     SPI1SDIPPS      equ	15071	;# 
  1080   003AE0                     SPI1SSPPS       equ	15072	;# 
  1081   003AE1                     I2C1SCLPPS      equ	15073	;# 
  1082   003AE2                     I2C1SDAPPS      equ	15074	;# 
  1083   003AE3                     I2C2SCLPPS      equ	15075	;# 
  1084   003AE4                     I2C2SDAPPS      equ	15076	;# 
  1085   003AE5                     U1RXPPS         equ	15077	;# 
  1086   003AE6                     U1CTSPPS        equ	15078	;# 
  1087   003AE8                     U2RXPPS         equ	15080	;# 
  1088   003AE9                     U2CTSPPS        equ	15081	;# 
  1089   003BC9                     DMA2BUF         equ	15305	;# 
  1090   003BCA                     DMA2DCNT        equ	15306	;# 
  1091   003BCA                     DMA2DCNTL       equ	15306	;# 
  1092   003BCB                     DMA2DCNTH       equ	15307	;# 
  1093   003BCC                     DMA2DPTR        equ	15308	;# 
  1094   003BCC                     DMA2DPTRL       equ	15308	;# 
  1095   003BCD                     DMA2DPTRH       equ	15309	;# 
  1096   003BCE                     DMA2DSZ         equ	15310	;# 
  1097   003BCE                     DMA2DSZL        equ	15310	;# 
  1098   003BCF                     DMA2DSZH        equ	15311	;# 
  1099   003BD0                     DMA2DSA         equ	15312	;# 
  1100   003BD0                     DMA2DSAL        equ	15312	;# 
  1101   003BD1                     DMA2DSAH        equ	15313	;# 
  1102   003BD2                     DMA2SCNT        equ	15314	;# 
  1103   003BD2                     DMA2SCNTL       equ	15314	;# 
  1104   003BD3                     DMA2SCNTH       equ	15315	;# 
  1105   003BD4                     DMA2SPTR        equ	15316	;# 
  1106   003BD4                     DMA2SPTRL       equ	15316	;# 
  1107   003BD5                     DMA2SPTRH       equ	15317	;# 
  1108   003BD6                     DMA2SPTRU       equ	15318	;# 
  1109   003BD7                     DMA2SSZ         equ	15319	;# 
  1110   003BD7                     DMA2SSZL        equ	15319	;# 
  1111   003BD8                     DMA2SSZH        equ	15320	;# 
  1112   003BD9                     DMA2SSA         equ	15321	;# 
  1113   003BD9                     DMA2SSAL        equ	15321	;# 
  1114   003BDA                     DMA2SSAH        equ	15322	;# 
  1115   003BDB                     DMA2SSAU        equ	15323	;# 
  1116   003BDC                     DMA2CON0        equ	15324	;# 
  1117   003BDD                     DMA2CON1        equ	15325	;# 
  1118   003BDE                     DMA2AIRQ        equ	15326	;# 
  1119   003BDF                     DMA2SIRQ        equ	15327	;# 
  1120   003BE9                     DMA1BUF         equ	15337	;# 
  1121   003BEA                     DMA1DCNT        equ	15338	;# 
  1122   003BEA                     DMA1DCNTL       equ	15338	;# 
  1123   003BEB                     DMA1DCNTH       equ	15339	;# 
  1124   003BEC                     DMA1DPTR        equ	15340	;# 
  1125   003BEC                     DMA1DPTRL       equ	15340	;# 
  1126   003BED                     DMA1DPTRH       equ	15341	;# 
  1127   003BEE                     DMA1DSZ         equ	15342	;# 
  1128   003BEE                     DMA1DSZL        equ	15342	;# 
  1129   003BEF                     DMA1DSZH        equ	15343	;# 
  1130   003BF0                     DMA1DSA         equ	15344	;# 
  1131   003BF0                     DMA1DSAL        equ	15344	;# 
  1132   003BF1                     DMA1DSAH        equ	15345	;# 
  1133   003BF2                     DMA1SCNT        equ	15346	;# 
  1134   003BF2                     DMA1SCNTL       equ	15346	;# 
  1135   003BF3                     DMA1SCNTH       equ	15347	;# 
  1136   003BF4                     DMA1SPTR        equ	15348	;# 
  1137   003BF4                     DMA1SPTRL       equ	15348	;# 
  1138   003BF5                     DMA1SPTRH       equ	15349	;# 
  1139   003BF6                     DMA1SPTRU       equ	15350	;# 
  1140   003BF7                     DMA1SSZ         equ	15351	;# 
  1141   003BF7                     DMA1SSZL        equ	15351	;# 
  1142   003BF8                     DMA1SSZH        equ	15352	;# 
  1143   003BF9                     DMA1SSA         equ	15353	;# 
  1144   003BF9                     DMA1SSAL        equ	15353	;# 
  1145   003BFA                     DMA1SSAH        equ	15354	;# 
  1146   003BFB                     DMA1SSAU        equ	15355	;# 
  1147   003BFC                     DMA1CON0        equ	15356	;# 
  1148   003BFD                     DMA1CON1        equ	15357	;# 
  1149   003BFE                     DMA1AIRQ        equ	15358	;# 
  1150   003BFF                     DMA1SIRQ        equ	15359	;# 
  1151   003C56                     CLC4CON         equ	15446	;# 
  1152   003C57                     CLC4POL         equ	15447	;# 
  1153   003C58                     CLC4SEL0        equ	15448	;# 
  1154   003C59                     CLC4SEL1        equ	15449	;# 
  1155   003C5A                     CLC4SEL2        equ	15450	;# 
  1156   003C5B                     CLC4SEL3        equ	15451	;# 
  1157   003C5C                     CLC4GLS0        equ	15452	;# 
  1158   003C5D                     CLC4GLS1        equ	15453	;# 
  1159   003C5E                     CLC4GLS2        equ	15454	;# 
  1160   003C5F                     CLC4GLS3        equ	15455	;# 
  1161   003C60                     CLC3CON         equ	15456	;# 
  1162   003C61                     CLC3POL         equ	15457	;# 
  1163   003C62                     CLC3SEL0        equ	15458	;# 
  1164   003C63                     CLC3SEL1        equ	15459	;# 
  1165   003C64                     CLC3SEL2        equ	15460	;# 
  1166   003C65                     CLC3SEL3        equ	15461	;# 
  1167   003C66                     CLC3GLS0        equ	15462	;# 
  1168   003C67                     CLC3GLS1        equ	15463	;# 
  1169   003C68                     CLC3GLS2        equ	15464	;# 
  1170   003C69                     CLC3GLS3        equ	15465	;# 
  1171   003C6A                     CLC2CON         equ	15466	;# 
  1172   003C6B                     CLC2POL         equ	15467	;# 
  1173   003C6C                     CLC2SEL0        equ	15468	;# 
  1174   003C6D                     CLC2SEL1        equ	15469	;# 
  1175   003C6E                     CLC2SEL2        equ	15470	;# 
  1176   003C6F                     CLC2SEL3        equ	15471	;# 
  1177   003C70                     CLC2GLS0        equ	15472	;# 
  1178   003C71                     CLC2GLS1        equ	15473	;# 
  1179   003C72                     CLC2GLS2        equ	15474	;# 
  1180   003C73                     CLC2GLS3        equ	15475	;# 
  1181   003C74                     CLC1CON         equ	15476	;# 
  1182   003C75                     CLC1POL         equ	15477	;# 
  1183   003C76                     CLC1SEL0        equ	15478	;# 
  1184   003C77                     CLC1SEL1        equ	15479	;# 
  1185   003C78                     CLC1SEL2        equ	15480	;# 
  1186   003C79                     CLC1SEL3        equ	15481	;# 
  1187   003C7A                     CLC1GLS0        equ	15482	;# 
  1188   003C7B                     CLC1GLS1        equ	15483	;# 
  1189   003C7C                     CLC1GLS2        equ	15484	;# 
  1190   003C7D                     CLC1GLS3        equ	15485	;# 
  1191   003C7E                     CLCDATA0        equ	15486	;# 
  1192   003CE5                     CLKRCON         equ	15589	;# 
  1193   003CE6                     CLKRCLK         equ	15590	;# 
  1194   003CFA                     MD1CON0         equ	15610	;# 
  1195   003CFB                     MD1CON1         equ	15611	;# 
  1196   003CFC                     MD1SRC          equ	15612	;# 
  1197   003CFD                     MD1CARL         equ	15613	;# 
  1198   003CFE                     MD1CARH         equ	15614	;# 
  1199   003D10                     SPI1RXB         equ	15632	;# 
  1200   003D11                     SPI1TXB         equ	15633	;# 
  1201   003D12                     SPI1TCNT        equ	15634	;# 
  1202   003D12                     SPI1TCNTL       equ	15634	;# 
  1203   003D13                     SPI1TCNTH       equ	15635	;# 
  1204   003D14                     SPI1CON0        equ	15636	;# 
  1205   003D15                     SPI1CON1        equ	15637	;# 
  1206   003D16                     SPI1CON2        equ	15638	;# 
  1207   003D17                     SPI1STATUS      equ	15639	;# 
  1208   003D18                     SPI1TWIDTH      equ	15640	;# 
  1209   003D19                     SPI1BAUD        equ	15641	;# 
  1210   003D1A                     SPI1INTF        equ	15642	;# 
  1211   003D1B                     SPI1INTE        equ	15643	;# 
  1212   003D1C                     SPI1CLK         equ	15644	;# 
  1213   003D54                     I2C2RXB         equ	15700	;# 
  1214   003D55                     I2C2TXB         equ	15701	;# 
  1215   003D56                     I2C2CNT         equ	15702	;# 
  1216   003D57                     I2C2ADB0        equ	15703	;# 
  1217   003D58                     I2C2ADB1        equ	15704	;# 
  1218   003D59                     I2C2ADR0        equ	15705	;# 
  1219   003D5A                     I2C2ADR1        equ	15706	;# 
  1220   003D5B                     I2C2ADR2        equ	15707	;# 
  1221   003D5C                     I2C2ADR3        equ	15708	;# 
  1222   003D5D                     I2C2CON0        equ	15709	;# 
  1223   003D5E                     I2C2CON1        equ	15710	;# 
  1224   003D5F                     I2C2CON2        equ	15711	;# 
  1225   003D60                     I2C2ERR         equ	15712	;# 
  1226   003D61                     I2C2STAT0       equ	15713	;# 
  1227   003D62                     I2C2STAT1       equ	15714	;# 
  1228   003D63                     I2C2PIR         equ	15715	;# 
  1229   003D64                     I2C2PIE         equ	15716	;# 
  1230   003D65                     I2C2CLK         equ	15717	;# 
  1231   003D66                     I2C2BTO         equ	15718	;# 
  1232   003D6A                     I2C1RXB         equ	15722	;# 
  1233   003D6B                     I2C1TXB         equ	15723	;# 
  1234   003D6C                     I2C1CNT         equ	15724	;# 
  1235   003D6D                     I2C1ADB0        equ	15725	;# 
  1236   003D6E                     I2C1ADB1        equ	15726	;# 
  1237   003D6F                     I2C1ADR0        equ	15727	;# 
  1238   003D70                     I2C1ADR1        equ	15728	;# 
  1239   003D71                     I2C1ADR2        equ	15729	;# 
  1240   003D72                     I2C1ADR3        equ	15730	;# 
  1241   003D73                     I2C1CON0        equ	15731	;# 
  1242   003D74                     I2C1CON1        equ	15732	;# 
  1243   003D75                     I2C1CON2        equ	15733	;# 
  1244   003D76                     I2C1ERR         equ	15734	;# 
  1245   003D77                     I2C1STAT0       equ	15735	;# 
  1246   003D78                     I2C1STAT1       equ	15736	;# 
  1247   003D79                     I2C1PIR         equ	15737	;# 
  1248   003D7A                     I2C1PIE         equ	15738	;# 
  1249   003D7B                     I2C1CLK         equ	15739	;# 
  1250   003D7C                     I2C1BTO         equ	15740	;# 
  1251   003DD0                     U2RXB           equ	15824	;# 
  1252   003DD0                     U2RXBL          equ	15824	;# 
  1253   003DD2                     U2TXB           equ	15826	;# 
  1254   003DD2                     U2TXBL          equ	15826	;# 
  1255   003DD4                     U2P1            equ	15828	;# 
  1256   003DD4                     U2P1L           equ	15828	;# 
  1257   003DD6                     U2P2            equ	15830	;# 
  1258   003DD6                     U2P2L           equ	15830	;# 
  1259   003DD8                     U2P3            equ	15832	;# 
  1260   003DD8                     U2P3L           equ	15832	;# 
  1261   003DDA                     U2CON0          equ	15834	;# 
  1262   003DDB                     U2CON1          equ	15835	;# 
  1263   003DDC                     U2CON2          equ	15836	;# 
  1264   003DDD                     U2BRG           equ	15837	;# 
  1265   003DDD                     U2BRGL          equ	15837	;# 
  1266   003DDE                     U2BRGH          equ	15838	;# 
  1267   003DDF                     U2FIFO          equ	15839	;# 
  1268   003DE0                     U2UIR           equ	15840	;# 
  1269   003DE1                     U2ERRIR         equ	15841	;# 
  1270   003DE2                     U2ERRIE         equ	15842	;# 
  1271   003DE8                     U1RXB           equ	15848	;# 
  1272   003DE8                     U1RXBL          equ	15848	;# 
  1273   003DE9                     U1RXCHK         equ	15849	;# 
  1274   003DEA                     U1TXB           equ	15850	;# 
  1275   003DEA                     U1TXBL          equ	15850	;# 
  1276   003DEB                     U1TXCHK         equ	15851	;# 
  1277   003DEC                     U1P1            equ	15852	;# 
  1278   003DEC                     U1P1L           equ	15852	;# 
  1279   003DED                     U1P1H           equ	15853	;# 
  1280   003DEE                     U1P2            equ	15854	;# 
  1281   003DEE                     U1P2L           equ	15854	;# 
  1282   003DEF                     U1P2H           equ	15855	;# 
  1283   003DF0                     U1P3            equ	15856	;# 
  1284   003DF0                     U1P3L           equ	15856	;# 
  1285   003DF1                     U1P3H           equ	15857	;# 
  1286   003DF2                     U1CON0          equ	15858	;# 
  1287   003DF3                     U1CON1          equ	15859	;# 
  1288   003DF4                     U1CON2          equ	15860	;# 
  1289   003DF5                     U1BRG           equ	15861	;# 
  1290   003DF5                     U1BRGL          equ	15861	;# 
  1291   003DF6                     U1BRGH          equ	15862	;# 
  1292   003DF7                     U1FIFO          equ	15863	;# 
  1293   003DF8                     U1UIR           equ	15864	;# 
  1294   003DF9                     U1ERRIR         equ	15865	;# 
  1295   003DFA                     U1ERRIE         equ	15866	;# 
  1296   003E9C                     DAC1CON1        equ	16028	;# 
  1297   003E9E                     DAC1CON0        equ	16030	;# 
  1298   003EB8                     CM2CON0         equ	16056	;# 
  1299   003EB9                     CM2CON1         equ	16057	;# 
  1300   003EBA                     CM2NCH          equ	16058	;# 
  1301   003EBB                     CM2PCH          equ	16059	;# 
  1302   003EBC                     CM1CON0         equ	16060	;# 
  1303   003EBD                     CM1CON1         equ	16061	;# 
  1304   003EBE                     CM1NCH          equ	16062	;# 
  1305   003EBF                     CM1PCH          equ	16063	;# 
  1306   003EC0                     CMOUT           equ	16064	;# 
  1307   003EC1                     FVRCON          equ	16065	;# 
  1308   003EC3                     ZCDCON          equ	16067	;# 
  1309   003EC9                     HLVDCON0        equ	16073	;# 
  1310   003ECA                     HLVDCON1        equ	16074	;# 
  1311   003ED7                     ADCP            equ	16087	;# 
  1312   003EDE                     ADLTH           equ	16094	;# 
  1313   003EDE                     ADLTHL          equ	16094	;# 
  1314   003EDF                     ADLTHH          equ	16095	;# 
  1315   003EE0                     ADUTH           equ	16096	;# 
  1316   003EE0                     ADUTHL          equ	16096	;# 
  1317   003EE1                     ADUTHH          equ	16097	;# 
  1318   003EE2                     ADERR           equ	16098	;# 
  1319   003EE2                     ADERRL          equ	16098	;# 
  1320   003EE3                     ADERRH          equ	16099	;# 
  1321   003EE4                     ADSTPT          equ	16100	;# 
  1322   003EE4                     ADSTPTL         equ	16100	;# 
  1323   003EE5                     ADSTPTH         equ	16101	;# 
  1324   003EE6                     ADFLTR          equ	16102	;# 
  1325   003EE6                     ADFLTRL         equ	16102	;# 
  1326   003EE7                     ADFLTRH         equ	16103	;# 
  1327   003EE8                     ADACC           equ	16104	;# 
  1328   003EE8                     ADACCL          equ	16104	;# 
  1329   003EE9                     ADACCH          equ	16105	;# 
  1330   003EEA                     ADACCU          equ	16106	;# 
  1331   003EEB                     ADCNT           equ	16107	;# 
  1332   003EEC                     ADRPT           equ	16108	;# 
  1333   003EED                     ADPREV          equ	16109	;# 
  1334   003EED                     ADPREVL         equ	16109	;# 
  1335   003EEE                     ADPREVH         equ	16110	;# 
  1336   003EEF                     ADRES           equ	16111	;# 
  1337   003EEF                     ADRESL          equ	16111	;# 
  1338   003EF0                     ADRESH          equ	16112	;# 
  1339   003EF1                     ADPCH           equ	16113	;# 
  1340   003EF3                     ADACQ           equ	16115	;# 
  1341   003EF3                     ADACQL          equ	16115	;# 
  1342   003EF4                     ADACQH          equ	16116	;# 
  1343   003EF5                     ADCAP           equ	16117	;# 
  1344   003EF6                     ADPRE           equ	16118	;# 
  1345   003EF6                     ADPREL          equ	16118	;# 
  1346   003EF7                     ADPREH          equ	16119	;# 
  1347   003EF8                     ADCON0          equ	16120	;# 
  1348   003EF9                     ADCON1          equ	16121	;# 
  1349   003EFA                     ADCON2          equ	16122	;# 
  1350   003EFB                     ADCON3          equ	16123	;# 
  1351   003EFC                     ADSTAT          equ	16124	;# 
  1352   003EFD                     ADREF           equ	16125	;# 
  1353   003EFE                     ADACT           equ	16126	;# 
  1354   003EFF                     ADCLK           equ	16127	;# 
  1355   003F12                     SMT1TMR         equ	16146	;# 
  1356   003F12                     SMT1TMRL        equ	16146	;# 
  1357   003F13                     SMT1TMRH        equ	16147	;# 
  1358   003F14                     SMT1TMRU        equ	16148	;# 
  1359   003F15                     SMT1CPR         equ	16149	;# 
  1360   003F15                     SMT1CPRL        equ	16149	;# 
  1361   003F16                     SMT1CPRH        equ	16150	;# 
  1362   003F17                     SMT1CPRU        equ	16151	;# 
  1363   003F18                     SMT1CPW         equ	16152	;# 
  1364   003F18                     SMT1CPWL        equ	16152	;# 
  1365   003F19                     SMT1CPWH        equ	16153	;# 
  1366   003F1A                     SMT1CPWU        equ	16154	;# 
  1367   003F1B                     SMT1PR          equ	16155	;# 
  1368   003F1B                     SMT1PRL         equ	16155	;# 
  1369   003F1C                     SMT1PRH         equ	16156	;# 
  1370   003F1D                     SMT1PRU         equ	16157	;# 
  1371   003F1E                     SMT1CON0        equ	16158	;# 
  1372   003F1F                     SMT1CON1        equ	16159	;# 
  1373   003F20                     SMT1STAT        equ	16160	;# 
  1374   003F21                     SMT1CLK         equ	16161	;# 
  1375   003F22                     SMT1SIG         equ	16162	;# 
  1376   003F23                     SMT1WIN         equ	16163	;# 
  1377   003F38                     NCO1ACC         equ	16184	;# 
  1378   003F38                     NCO1ACCL        equ	16184	;# 
  1379   003F39                     NCO1ACCH        equ	16185	;# 
  1380   003F3A                     NCO1ACCU        equ	16186	;# 
  1381   003F3B                     NCO1INC         equ	16187	;# 
  1382   003F3B                     NCO1INCL        equ	16187	;# 
  1383   003F3C                     NCO1INCH        equ	16188	;# 
  1384   003F3D                     NCO1INCU        equ	16189	;# 
  1385   003F3E                     NCO1CON         equ	16190	;# 
  1386   003F3F                     NCO1CLK         equ	16191	;# 
  1387   003F40                     CWG3CLK         equ	16192	;# 
  1388   003F40                     CWG3CLKCON      equ	16192	;# 
  1389   003F41                     CWG3ISM         equ	16193	;# 
  1390   003F41                     CWG3DAT         equ	16193	;# 
  1391   003F42                     CWG3DBR         equ	16194	;# 
  1392   003F43                     CWG3DBF         equ	16195	;# 
  1393   003F44                     CWG3CON0        equ	16196	;# 
  1394   003F45                     CWG3CON1        equ	16197	;# 
  1395   003F46                     CWG3AS0         equ	16198	;# 
  1396   003F47                     CWG3AS1         equ	16199	;# 
  1397   003F48                     CWG3STR         equ	16200	;# 
  1398   003F49                     CWG2CLK         equ	16201	;# 
  1399   003F49                     CWG2CLKCON      equ	16201	;# 
  1400   003F4A                     CWG2ISM         equ	16202	;# 
  1401   003F4A                     CWG2DAT         equ	16202	;# 
  1402   003F4B                     CWG2DBR         equ	16203	;# 
  1403   003F4C                     CWG2DBF         equ	16204	;# 
  1404   003F4D                     CWG2CON0        equ	16205	;# 
  1405   003F4E                     CWG2CON1        equ	16206	;# 
  1406   003F4F                     CWG2AS0         equ	16207	;# 
  1407   003F50                     CWG2AS1         equ	16208	;# 
  1408   003F51                     CWG2STR         equ	16209	;# 
  1409   003F52                     CWG1CLK         equ	16210	;# 
  1410   003F52                     CWG1CLKCON      equ	16210	;# 
  1411   003F53                     CWG1ISM         equ	16211	;# 
  1412   003F53                     CWG1DAT         equ	16211	;# 
  1413   003F54                     CWG1DBR         equ	16212	;# 
  1414   003F55                     CWG1DBF         equ	16213	;# 
  1415   003F56                     CWG1CON0        equ	16214	;# 
  1416   003F57                     CWG1CON1        equ	16215	;# 
  1417   003F58                     CWG1AS0         equ	16216	;# 
  1418   003F59                     CWG1AS1         equ	16217	;# 
  1419   003F5A                     CWG1STR         equ	16218	;# 
  1420   003F5E                     CCPTMRS0        equ	16222	;# 
  1421   003F5F                     CCPTMRS1        equ	16223	;# 
  1422   003F60                     PWM8DC          equ	16224	;# 
  1423   003F60                     PWM8DCL         equ	16224	;# 
  1424   003F61                     PWM8DCH         equ	16225	;# 
  1425   003F62                     PWM8CON         equ	16226	;# 
  1426   003F64                     PWM7DC          equ	16228	;# 
  1427   003F64                     PWM7DCL         equ	16228	;# 
  1428   003F65                     PWM7DCH         equ	16229	;# 
  1429   003F66                     PWM7CON         equ	16230	;# 
  1430   003F68                     PWM6DC          equ	16232	;# 
  1431   003F68                     PWM6DCL         equ	16232	;# 
  1432   003F69                     PWM6DCH         equ	16233	;# 
  1433   003F6A                     PWM6CON         equ	16234	;# 
  1434   003F6C                     PWM5DC          equ	16236	;# 
  1435   003F6C                     PWM5DCL         equ	16236	;# 
  1436   003F6D                     PWM5DCH         equ	16237	;# 
  1437   003F6E                     PWM5CON         equ	16238	;# 
  1438   003F70                     CCPR4           equ	16240	;# 
  1439   003F70                     CCPR4L          equ	16240	;# 
  1440   003F71                     CCPR4H          equ	16241	;# 
  1441   003F72                     CCP4CON         equ	16242	;# 
  1442   003F73                     CCP4CAP         equ	16243	;# 
  1443   003F74                     CCPR3           equ	16244	;# 
  1444   003F74                     CCPR3L          equ	16244	;# 
  1445   003F75                     CCPR3H          equ	16245	;# 
  1446   003F76                     CCP3CON         equ	16246	;# 
  1447   003F77                     CCP3CAP         equ	16247	;# 
  1448   003F78                     CCPR2           equ	16248	;# 
  1449   003F78                     CCPR2L          equ	16248	;# 
  1450   003F79                     CCPR2H          equ	16249	;# 
  1451   003F7A                     CCP2CON         equ	16250	;# 
  1452   003F7B                     CCP2CAP         equ	16251	;# 
  1453   003F7C                     CCPR1           equ	16252	;# 
  1454   003F7C                     CCPR1L          equ	16252	;# 
  1455   003F7D                     CCPR1H          equ	16253	;# 
  1456   003F7E                     CCP1CON         equ	16254	;# 
  1457   003F7F                     CCP1CAP         equ	16255	;# 
  1458   003F92                     T6TMR           equ	16274	;# 
  1459   003F92                     TMR6            equ	16274	;# 
  1460   003F93                     T6PR            equ	16275	;# 
  1461   003F93                     PR6             equ	16275	;# 
  1462   003F94                     T6CON           equ	16276	;# 
  1463   003F95                     T6HLT           equ	16277	;# 
  1464   003F96                     T6CLKCON        equ	16278	;# 
  1465   003F96                     T6CLK           equ	16278	;# 
  1466   003F97                     T6RST           equ	16279	;# 
  1467   003F98                     TMR5            equ	16280	;# 
  1468   003F98                     TMR5L           equ	16280	;# 
  1469   003F99                     TMR5H           equ	16281	;# 
  1470   003F9A                     T5CON           equ	16282	;# 
  1471   003F9A                     TMR5CON         equ	16282	;# 
  1472   003F9B                     T5GCON          equ	16283	;# 
  1473   003F9B                     TMR5GCON        equ	16283	;# 
  1474   003F9C                     T5GATE          equ	16284	;# 
  1475   003F9C                     TMR5GATE        equ	16284	;# 
  1476   003F9D                     T5CLK           equ	16285	;# 
  1477   003F9D                     TMR5CLK         equ	16285	;# 
  1478   003F9D                     PR5             equ	16285	;# 
  1479   003F9E                     T4TMR           equ	16286	;# 
  1480   003F9E                     TMR4            equ	16286	;# 
  1481   003F9F                     T4PR            equ	16287	;# 
  1482   003F9F                     PR4             equ	16287	;# 
  1483   003FA0                     T4CON           equ	16288	;# 
  1484   003FA1                     T4HLT           equ	16289	;# 
  1485   003FA2                     T4CLKCON        equ	16290	;# 
  1486   003FA2                     T4CLK           equ	16290	;# 
  1487   003FA3                     T4RST           equ	16291	;# 
  1488   003FA4                     TMR3            equ	16292	;# 
  1489   003FA4                     TMR3L           equ	16292	;# 
  1490   003FA5                     TMR3H           equ	16293	;# 
  1491   003FA6                     T3CON           equ	16294	;# 
  1492   003FA6                     TMR3CON         equ	16294	;# 
  1493   003FA7                     T3GCON          equ	16295	;# 
  1494   003FA7                     TMR3GCON        equ	16295	;# 
  1495   003FA8                     T3GATE          equ	16296	;# 
  1496   003FA8                     TMR3GATE        equ	16296	;# 
  1497   003FA9                     T3CLK           equ	16297	;# 
  1498   003FA9                     TMR3CLK         equ	16297	;# 
  1499   003FA9                     PR3             equ	16297	;# 
  1500   003FAA                     T2TMR           equ	16298	;# 
  1501   003FAA                     TMR2            equ	16298	;# 
  1502   003FAB                     T2PR            equ	16299	;# 
  1503   003FAB                     PR2             equ	16299	;# 
  1504   003FAC                     T2CON           equ	16300	;# 
  1505   003FAD                     T2HLT           equ	16301	;# 
  1506   003FAE                     T2CLKCON        equ	16302	;# 
  1507   003FAE                     T2CLK           equ	16302	;# 
  1508   003FAF                     T2RST           equ	16303	;# 
  1509   003FB0                     TMR1            equ	16304	;# 
  1510   003FB0                     TMR1L           equ	16304	;# 
  1511   003FB1                     TMR1H           equ	16305	;# 
  1512   003FB2                     T1CON           equ	16306	;# 
  1513   003FB2                     TMR1CON         equ	16306	;# 
  1514   003FB3                     T1GCON          equ	16307	;# 
  1515   003FB3                     TMR1GCON        equ	16307	;# 
  1516   003FB4                     T1GATE          equ	16308	;# 
  1517   003FB4                     TMR1GATE        equ	16308	;# 
  1518   003FB5                     T1CLK           equ	16309	;# 
  1519   003FB5                     TMR1CLK         equ	16309	;# 
  1520   003FB5                     PR1             equ	16309	;# 
  1521   003FB6                     TMR0L           equ	16310	;# 
  1522   003FB6                     TMR0            equ	16310	;# 
  1523   003FB7                     TMR0H           equ	16311	;# 
  1524   003FB7                     PR0             equ	16311	;# 
  1525   003FB8                     T0CON0          equ	16312	;# 
  1526   003FB9                     T0CON1          equ	16313	;# 
  1527   003FBA                     LATA            equ	16314	;# 
  1528   003FBB                     LATB            equ	16315	;# 
  1529   003FBC                     LATC            equ	16316	;# 
  1530   003FBD                     LATD            equ	16317	;# 
  1531   003FBE                     LATE            equ	16318	;# 
  1532   003FC2                     TRISA           equ	16322	;# 
  1533   003FC3                     TRISB           equ	16323	;# 
  1534   003FC4                     TRISC           equ	16324	;# 
  1535   003FC5                     TRISD           equ	16325	;# 
  1536   003FC6                     TRISE           equ	16326	;# 
  1537   003FCA                     PORTA           equ	16330	;# 
  1538   003FCB                     PORTB           equ	16331	;# 
  1539   003FCC                     PORTC           equ	16332	;# 
  1540   003FCD                     PORTD           equ	16333	;# 
  1541   003FCE                     PORTE           equ	16334	;# 
  1542   003FD2                     INTCON0         equ	16338	;# 
  1543   003FD3                     INTCON1         equ	16339	;# 
  1544   003FD4                     IVTLOCK         equ	16340	;# 
  1545   003FD5                     IVTBASE         equ	16341	;# 
  1546   003FD5                     IVTBASEL        equ	16341	;# 
  1547   003FD6                     IVTBASEH        equ	16342	;# 
  1548   003FD7                     IVTBASEU        equ	16343	;# 
  1549   003FD8                     STATUS          equ	16344	;# 
  1550   003FD9                     FSR2            equ	16345	;# 
  1551   003FD9                     FSR2L           equ	16345	;# 
  1552   003FDA                     FSR2H           equ	16346	;# 
  1553   003FDB                     PLUSW2          equ	16347	;# 
  1554   003FDC                     PREINC2         equ	16348	;# 
  1555   003FDD                     POSTDEC2        equ	16349	;# 
  1556   003FDE                     POSTINC2        equ	16350	;# 
  1557   003FDF                     INDF2           equ	16351	;# 
  1558   003FE0                     BSR             equ	16352	;# 
  1559   003FE1                     FSR1            equ	16353	;# 
  1560   003FE1                     FSR1L           equ	16353	;# 
  1561   003FE2                     FSR1H           equ	16354	;# 
  1562   003FE3                     PLUSW1          equ	16355	;# 
  1563   003FE4                     PREINC1         equ	16356	;# 
  1564   003FE5                     POSTDEC1        equ	16357	;# 
  1565   003FE6                     POSTINC1        equ	16358	;# 
  1566   003FE7                     INDF1           equ	16359	;# 
  1567   003FE8                     WREG            equ	16360	;# 
  1568   003FE9                     FSR0            equ	16361	;# 
  1569   003FE9                     FSR0L           equ	16361	;# 
  1570   003FEA                     FSR0H           equ	16362	;# 
  1571   003FEB                     PLUSW0          equ	16363	;# 
  1572   003FEC                     PREINC0         equ	16364	;# 
  1573   003FED                     POSTDEC0        equ	16365	;# 
  1574   003FEE                     POSTINC0        equ	16366	;# 
  1575   003FEF                     INDF0           equ	16367	;# 
  1576   003FF0                     PCON0           equ	16368	;# 
  1577   003FF1                     PCON1           equ	16369	;# 
  1578   003FF3                     PROD            equ	16371	;# 
  1579   003FF3                     PRODL           equ	16371	;# 
  1580   003FF4                     PRODH           equ	16372	;# 
  1581   003FF5                     TABLAT          equ	16373	;# 
  1582   003FF6                     TBLPTR          equ	16374	;# 
  1583   003FF6                     TBLPTRL         equ	16374	;# 
  1584   003FF7                     TBLPTRH         equ	16375	;# 
  1585   003FF8                     TBLPTRU         equ	16376	;# 
  1586   003FF9                     PCLAT           equ	16377	;# 
  1587   003FF9                     PCL             equ	16377	;# 
  1588   003FFA                     PCLATH          equ	16378	;# 
  1589   003FFB                     PCLATU          equ	16379	;# 
  1590   003FFC                     STKPTR          equ	16380	;# 
  1591   003FFD                     TOS             equ	16381	;# 
  1592   003FFD                     TOSL            equ	16381	;# 
  1593   003FFE                     TOSH            equ	16382	;# 
  1594   003FFF                     TOSU            equ	16383	;# 
  1595   003880                     STATUS_CSHAD    equ	14464	;# 
  1596   003881                     WREG_CSHAD      equ	14465	;# 
  1597   003882                     BSR_CSHAD       equ	14466	;# 
  1598   003883                     SHADCON         equ	14467	;# 
  1599   003884                     STATUS_SHAD     equ	14468	;# 
  1600   003885                     WREG_SHAD       equ	14469	;# 
  1601   003886                     BSR_SHAD        equ	14470	;# 
  1602   003887                     PCLATH_SHAD     equ	14471	;# 
  1603   003888                     PCLATU_SHAD     equ	14472	;# 
  1604   003889                     FSR0SH          equ	14473	;# 
  1605   003889                     FSR0L_SHAD      equ	14473	;# 
  1606   00388A                     FSR0H_SHAD      equ	14474	;# 
  1607   00388B                     FSR1SH          equ	14475	;# 
  1608   00388B                     FSR1L_SHAD      equ	14475	;# 
  1609   00388C                     FSR1H_SHAD      equ	14476	;# 
  1610   00388D                     FSR2SH          equ	14477	;# 
  1611   00388D                     FSR2L_SHAD      equ	14477	;# 
  1612   00388E                     FSR2H_SHAD      equ	14478	;# 
  1613   00388F                     PRODSH          equ	14479	;# 
  1614   00388F                     PRODL_SHAD      equ	14479	;# 
  1615   003890                     PRODH_SHAD      equ	14480	;# 
  1616   00389D                     IVTADL          equ	14493	;# 
  1617   00389E                     IVTADH          equ	14494	;# 
  1618   00389F                     IVTADU          equ	14495	;# 
  1619   00395B                     WDTCON0         equ	14683	;# 
  1620   00395C                     WDTCON1         equ	14684	;# 
  1621   00395D                     WDTPSL          equ	14685	;# 
  1622   00395E                     WDTPSH          equ	14686	;# 
  1623   00395F                     WDTTMR          equ	14687	;# 
  1624   003960                     CRCDATA         equ	14688	;# 
  1625   003960                     CRCDATL         equ	14688	;# 
  1626   003961                     CRCDATH         equ	14689	;# 
  1627   003962                     CRCACC          equ	14690	;# 
  1628   003962                     CRCACCL         equ	14690	;# 
  1629   003963                     CRCACCH         equ	14691	;# 
  1630   003964                     CRCSHFT         equ	14692	;# 
  1631   003964                     CRCSHIFTL       equ	14692	;# 
  1632   003965                     CRCSHIFTH       equ	14693	;# 
  1633   003966                     CRCXOR          equ	14694	;# 
  1634   003966                     CRCXORL         equ	14694	;# 
  1635   003967                     CRCXORH         equ	14695	;# 
  1636   003968                     CRCCON0         equ	14696	;# 
  1637   003969                     CRCCON1         equ	14697	;# 
  1638   003976                     SCANLADR        equ	14710	;# 
  1639   003976                     SCANLADRL       equ	14710	;# 
  1640   003977                     SCANLADRH       equ	14711	;# 
  1641   003978                     SCANLADRU       equ	14712	;# 
  1642   003979                     SCANHADR        equ	14713	;# 
  1643   003979                     SCANHADRL       equ	14713	;# 
  1644   00397A                     SCANHADRH       equ	14714	;# 
  1645   00397B                     SCANHADRU       equ	14715	;# 
  1646   00397C                     SCANCON0        equ	14716	;# 
  1647   00397D                     SCANTRIG        equ	14717	;# 
  1648   003980                     IPR0            equ	14720	;# 
  1649   003981                     IPR1            equ	14721	;# 
  1650   003982                     IPR2            equ	14722	;# 
  1651   003983                     IPR3            equ	14723	;# 
  1652   003984                     IPR4            equ	14724	;# 
  1653   003985                     IPR5            equ	14725	;# 
  1654   003986                     IPR6            equ	14726	;# 
  1655   003987                     IPR7            equ	14727	;# 
  1656   003988                     IPR8            equ	14728	;# 
  1657   003989                     IPR9            equ	14729	;# 
  1658   00398A                     IPR10           equ	14730	;# 
  1659   003990                     PIE0            equ	14736	;# 
  1660   003991                     PIE1            equ	14737	;# 
  1661   003992                     PIE2            equ	14738	;# 
  1662   003993                     PIE3            equ	14739	;# 
  1663   003994                     PIE4            equ	14740	;# 
  1664   003995                     PIE5            equ	14741	;# 
  1665   003996                     PIE6            equ	14742	;# 
  1666   003997                     PIE7            equ	14743	;# 
  1667   003998                     PIE8            equ	14744	;# 
  1668   003999                     PIE9            equ	14745	;# 
  1669   00399A                     PIE10           equ	14746	;# 
  1670   0039A0                     PIR0            equ	14752	;# 
  1671   0039A1                     PIR1            equ	14753	;# 
  1672   0039A2                     PIR2            equ	14754	;# 
  1673   0039A3                     PIR3            equ	14755	;# 
  1674   0039A4                     PIR4            equ	14756	;# 
  1675   0039A5                     PIR5            equ	14757	;# 
  1676   0039A6                     PIR6            equ	14758	;# 
  1677   0039A7                     PIR7            equ	14759	;# 
  1678   0039A8                     PIR8            equ	14760	;# 
  1679   0039A9                     PIR9            equ	14761	;# 
  1680   0039AA                     PIR10           equ	14762	;# 
  1681   0039C0                     PMD0            equ	14784	;# 
  1682   0039C1                     PMD1            equ	14785	;# 
  1683   0039C2                     PMD2            equ	14786	;# 
  1684   0039C3                     PMD3            equ	14787	;# 
  1685   0039C4                     PMD4            equ	14788	;# 
  1686   0039C5                     PMD5            equ	14789	;# 
  1687   0039C6                     PMD6            equ	14790	;# 
  1688   0039C7                     PMD7            equ	14791	;# 
  1689   0039D0                     BORCON          equ	14800	;# 
  1690   0039D1                     VREGCON         equ	14801	;# 
  1691   0039D8                     CPUDOZE         equ	14808	;# 
  1692   0039D9                     OSCCON1         equ	14809	;# 
  1693   0039DA                     OSCCON2         equ	14810	;# 
  1694   0039DB                     OSCCON3         equ	14811	;# 
  1695   0039DC                     OSCSTAT         equ	14812	;# 
  1696   0039DC                     OSCSTAT1        equ	14812	;# 
  1697   0039DD                     OSCEN           equ	14813	;# 
  1698   0039DE                     OSCTUNE         equ	14814	;# 
  1699   0039DF                     OSCFRQ          equ	14815	;# 
  1700   0039E0                     NVMADRL         equ	14816	;# 
  1701   0039E1                     NVMADRH         equ	14817	;# 
  1702   0039E3                     NVMDAT          equ	14819	;# 
  1703   0039E5                     NVMCON1         equ	14821	;# 
  1704   0039E6                     NVMCON2         equ	14822	;# 
  1705   0039EF                     PRLOCK          equ	14831	;# 
  1706   0039F1                     ISRPR           equ	14833	;# 
  1707   0039F2                     MAINPR          equ	14834	;# 
  1708   0039F3                     DMA1PR          equ	14835	;# 
  1709   0039F4                     DMA2PR          equ	14836	;# 
  1710   0039F7                     SCANPR          equ	14839	;# 
  1711   003A00                     RA0PPS          equ	14848	;# 
  1712   003A01                     RA1PPS          equ	14849	;# 
  1713   003A02                     RA2PPS          equ	14850	;# 
  1714   003A03                     RA3PPS          equ	14851	;# 
  1715   003A04                     RA4PPS          equ	14852	;# 
  1716   003A05                     RA5PPS          equ	14853	;# 
  1717   003A06                     RA6PPS          equ	14854	;# 
  1718   003A07                     RA7PPS          equ	14855	;# 
  1719   003A08                     RB0PPS          equ	14856	;# 
  1720   003A09                     RB1PPS          equ	14857	;# 
  1721   003A0A                     RB2PPS          equ	14858	;# 
  1722   003A0B                     RB3PPS          equ	14859	;# 
  1723   003A0C                     RB4PPS          equ	14860	;# 
  1724   003A0D                     RB5PPS          equ	14861	;# 
  1725   003A0E                     RB6PPS          equ	14862	;# 
  1726   003A0F                     RB7PPS          equ	14863	;# 
  1727   003A10                     RC0PPS          equ	14864	;# 
  1728   003A11                     RC1PPS          equ	14865	;# 
  1729   003A12                     RC2PPS          equ	14866	;# 
  1730   003A13                     RC3PPS          equ	14867	;# 
  1731   003A14                     RC4PPS          equ	14868	;# 
  1732   003A15                     RC5PPS          equ	14869	;# 
  1733   003A16                     RC6PPS          equ	14870	;# 
  1734   003A17                     RC7PPS          equ	14871	;# 
  1735   003A18                     RD0PPS          equ	14872	;# 
  1736   003A19                     RD1PPS          equ	14873	;# 
  1737   003A1A                     RD2PPS          equ	14874	;# 
  1738   003A1B                     RD3PPS          equ	14875	;# 
  1739   003A1C                     RD4PPS          equ	14876	;# 
  1740   003A1D                     RD5PPS          equ	14877	;# 
  1741   003A1E                     RD6PPS          equ	14878	;# 
  1742   003A1F                     RD7PPS          equ	14879	;# 
  1743   003A20                     RE0PPS          equ	14880	;# 
  1744   003A21                     RE1PPS          equ	14881	;# 
  1745   003A22                     RE2PPS          equ	14882	;# 
  1746   003A40                     ANSELA          equ	14912	;# 
  1747   003A41                     WPUA            equ	14913	;# 
  1748   003A42                     ODCONA          equ	14914	;# 
  1749   003A43                     SLRCONA         equ	14915	;# 
  1750   003A44                     INLVLA          equ	14916	;# 
  1751   003A45                     IOCAP           equ	14917	;# 
  1752   003A46                     IOCAN           equ	14918	;# 
  1753   003A47                     IOCAF           equ	14919	;# 
  1754   003A50                     ANSELB          equ	14928	;# 
  1755   003A51                     WPUB            equ	14929	;# 
  1756   003A52                     ODCONB          equ	14930	;# 
  1757   003A53                     SLRCONB         equ	14931	;# 
  1758   003A54                     INLVLB          equ	14932	;# 
  1759   003A55                     IOCBP           equ	14933	;# 
  1760   003A56                     IOCBN           equ	14934	;# 
  1761   003A57                     IOCBF           equ	14935	;# 
  1762   003A5A                     RB1I2C          equ	14938	;# 
  1763   003A5B                     RB2I2C          equ	14939	;# 
  1764   003A60                     ANSELC          equ	14944	;# 
  1765   003A61                     WPUC            equ	14945	;# 
  1766   003A62                     ODCONC          equ	14946	;# 
  1767   003A63                     SLRCONC         equ	14947	;# 
  1768   003A64                     INLVLC          equ	14948	;# 
  1769   003A65                     IOCCP           equ	14949	;# 
  1770   003A66                     IOCCN           equ	14950	;# 
  1771   003A67                     IOCCF           equ	14951	;# 
  1772   003A6A                     RC3I2C          equ	14954	;# 
  1773   003A6B                     RC4I2C          equ	14955	;# 
  1774   003A70                     ANSELD          equ	14960	;# 
  1775   003A71                     WPUD            equ	14961	;# 
  1776   003A72                     ODCOND          equ	14962	;# 
  1777   003A73                     SLRCOND         equ	14963	;# 
  1778   003A74                     INLVLD          equ	14964	;# 
  1779   003A7A                     RD0I2C          equ	14970	;# 
  1780   003A7B                     RD1I2C          equ	14971	;# 
  1781   003A80                     ANSELE          equ	14976	;# 
  1782   003A81                     WPUE            equ	14977	;# 
  1783   003A82                     ODCONE          equ	14978	;# 
  1784   003A83                     SLRCONE         equ	14979	;# 
  1785   003A84                     INLVLE          equ	14980	;# 
  1786   003A85                     IOCEP           equ	14981	;# 
  1787   003A86                     IOCEN           equ	14982	;# 
  1788   003A87                     IOCEF           equ	14983	;# 
  1789   003ABF                     PPSLOCK         equ	15039	;# 
  1790   003AC0                     INT0PPS         equ	15040	;# 
  1791   003AC1                     INT1PPS         equ	15041	;# 
  1792   003AC2                     INT2PPS         equ	15042	;# 
  1793   003AC3                     T0CKIPPS        equ	15043	;# 
  1794   003AC4                     T1CKIPPS        equ	15044	;# 
  1795   003AC5                     T1GPPS          equ	15045	;# 
  1796   003AC6                     T3CKIPPS        equ	15046	;# 
  1797   003AC7                     T3GPPS          equ	15047	;# 
  1798   003AC8                     T5CKIPPS        equ	15048	;# 
  1799   003AC9                     T5GPPS          equ	15049	;# 
  1800   003ACA                     T2INPPS         equ	15050	;# 
  1801   003ACB                     T4INPPS         equ	15051	;# 
  1802   003ACC                     T6INPPS         equ	15052	;# 
  1803   003ACD                     CCP1PPS         equ	15053	;# 
  1804   003ACE                     CCP2PPS         equ	15054	;# 
  1805   003ACF                     CCP3PPS         equ	15055	;# 
  1806   003AD0                     CCP4PPS         equ	15056	;# 
  1807   003AD1                     SMT1WINPPS      equ	15057	;# 
  1808   003AD2                     SMT1SIGPPS      equ	15058	;# 
  1809   003AD3                     CWG1INPPS       equ	15059	;# 
  1810   003AD4                     CWG2INPPS       equ	15060	;# 
  1811   003AD5                     CWG3INPPS       equ	15061	;# 
  1812   003AD6                     MD1CARLPPS      equ	15062	;# 
  1813   003AD7                     MD1CARHPPS      equ	15063	;# 
  1814   003AD8                     MD1SRCPPS       equ	15064	;# 
  1815   003AD9                     CLCIN0PPS       equ	15065	;# 
  1816   003ADA                     CLCIN1PPS       equ	15066	;# 
  1817   003ADB                     CLCIN2PPS       equ	15067	;# 
  1818   003ADC                     CLCIN3PPS       equ	15068	;# 
  1819   003ADD                     ADACTPPS        equ	15069	;# 
  1820   003ADE                     SPI1SCKPPS      equ	15070	;# 
  1821   003ADF                     SPI1SDIPPS      equ	15071	;# 
  1822   003AE0                     SPI1SSPPS       equ	15072	;# 
  1823   003AE1                     I2C1SCLPPS      equ	15073	;# 
  1824   003AE2                     I2C1SDAPPS      equ	15074	;# 
  1825   003AE3                     I2C2SCLPPS      equ	15075	;# 
  1826   003AE4                     I2C2SDAPPS      equ	15076	;# 
  1827   003AE5                     U1RXPPS         equ	15077	;# 
  1828   003AE6                     U1CTSPPS        equ	15078	;# 
  1829   003AE8                     U2RXPPS         equ	15080	;# 
  1830   003AE9                     U2CTSPPS        equ	15081	;# 
  1831   003BC9                     DMA2BUF         equ	15305	;# 
  1832   003BCA                     DMA2DCNT        equ	15306	;# 
  1833   003BCA                     DMA2DCNTL       equ	15306	;# 
  1834   003BCB                     DMA2DCNTH       equ	15307	;# 
  1835   003BCC                     DMA2DPTR        equ	15308	;# 
  1836   003BCC                     DMA2DPTRL       equ	15308	;# 
  1837   003BCD                     DMA2DPTRH       equ	15309	;# 
  1838   003BCE                     DMA2DSZ         equ	15310	;# 
  1839   003BCE                     DMA2DSZL        equ	15310	;# 
  1840   003BCF                     DMA2DSZH        equ	15311	;# 
  1841   003BD0                     DMA2DSA         equ	15312	;# 
  1842   003BD0                     DMA2DSAL        equ	15312	;# 
  1843   003BD1                     DMA2DSAH        equ	15313	;# 
  1844   003BD2                     DMA2SCNT        equ	15314	;# 
  1845   003BD2                     DMA2SCNTL       equ	15314	;# 
  1846   003BD3                     DMA2SCNTH       equ	15315	;# 
  1847   003BD4                     DMA2SPTR        equ	15316	;# 
  1848   003BD4                     DMA2SPTRL       equ	15316	;# 
  1849   003BD5                     DMA2SPTRH       equ	15317	;# 
  1850   003BD6                     DMA2SPTRU       equ	15318	;# 
  1851   003BD7                     DMA2SSZ         equ	15319	;# 
  1852   003BD7                     DMA2SSZL        equ	15319	;# 
  1853   003BD8                     DMA2SSZH        equ	15320	;# 
  1854   003BD9                     DMA2SSA         equ	15321	;# 
  1855   003BD9                     DMA2SSAL        equ	15321	;# 
  1856   003BDA                     DMA2SSAH        equ	15322	;# 
  1857   003BDB                     DMA2SSAU        equ	15323	;# 
  1858   003BDC                     DMA2CON0        equ	15324	;# 
  1859   003BDD                     DMA2CON1        equ	15325	;# 
  1860   003BDE                     DMA2AIRQ        equ	15326	;# 
  1861   003BDF                     DMA2SIRQ        equ	15327	;# 
  1862   003BE9                     DMA1BUF         equ	15337	;# 
  1863   003BEA                     DMA1DCNT        equ	15338	;# 
  1864   003BEA                     DMA1DCNTL       equ	15338	;# 
  1865   003BEB                     DMA1DCNTH       equ	15339	;# 
  1866   003BEC                     DMA1DPTR        equ	15340	;# 
  1867   003BEC                     DMA1DPTRL       equ	15340	;# 
  1868   003BED                     DMA1DPTRH       equ	15341	;# 
  1869   003BEE                     DMA1DSZ         equ	15342	;# 
  1870   003BEE                     DMA1DSZL        equ	15342	;# 
  1871   003BEF                     DMA1DSZH        equ	15343	;# 
  1872   003BF0                     DMA1DSA         equ	15344	;# 
  1873   003BF0                     DMA1DSAL        equ	15344	;# 
  1874   003BF1                     DMA1DSAH        equ	15345	;# 
  1875   003BF2                     DMA1SCNT        equ	15346	;# 
  1876   003BF2                     DMA1SCNTL       equ	15346	;# 
  1877   003BF3                     DMA1SCNTH       equ	15347	;# 
  1878   003BF4                     DMA1SPTR        equ	15348	;# 
  1879   003BF4                     DMA1SPTRL       equ	15348	;# 
  1880   003BF5                     DMA1SPTRH       equ	15349	;# 
  1881   003BF6                     DMA1SPTRU       equ	15350	;# 
  1882   003BF7                     DMA1SSZ         equ	15351	;# 
  1883   003BF7                     DMA1SSZL        equ	15351	;# 
  1884   003BF8                     DMA1SSZH        equ	15352	;# 
  1885   003BF9                     DMA1SSA         equ	15353	;# 
  1886   003BF9                     DMA1SSAL        equ	15353	;# 
  1887   003BFA                     DMA1SSAH        equ	15354	;# 
  1888   003BFB                     DMA1SSAU        equ	15355	;# 
  1889   003BFC                     DMA1CON0        equ	15356	;# 
  1890   003BFD                     DMA1CON1        equ	15357	;# 
  1891   003BFE                     DMA1AIRQ        equ	15358	;# 
  1892   003BFF                     DMA1SIRQ        equ	15359	;# 
  1893   003C56                     CLC4CON         equ	15446	;# 
  1894   003C57                     CLC4POL         equ	15447	;# 
  1895   003C58                     CLC4SEL0        equ	15448	;# 
  1896   003C59                     CLC4SEL1        equ	15449	;# 
  1897   003C5A                     CLC4SEL2        equ	15450	;# 
  1898   003C5B                     CLC4SEL3        equ	15451	;# 
  1899   003C5C                     CLC4GLS0        equ	15452	;# 
  1900   003C5D                     CLC4GLS1        equ	15453	;# 
  1901   003C5E                     CLC4GLS2        equ	15454	;# 
  1902   003C5F                     CLC4GLS3        equ	15455	;# 
  1903   003C60                     CLC3CON         equ	15456	;# 
  1904   003C61                     CLC3POL         equ	15457	;# 
  1905   003C62                     CLC3SEL0        equ	15458	;# 
  1906   003C63                     CLC3SEL1        equ	15459	;# 
  1907   003C64                     CLC3SEL2        equ	15460	;# 
  1908   003C65                     CLC3SEL3        equ	15461	;# 
  1909   003C66                     CLC3GLS0        equ	15462	;# 
  1910   003C67                     CLC3GLS1        equ	15463	;# 
  1911   003C68                     CLC3GLS2        equ	15464	;# 
  1912   003C69                     CLC3GLS3        equ	15465	;# 
  1913   003C6A                     CLC2CON         equ	15466	;# 
  1914   003C6B                     CLC2POL         equ	15467	;# 
  1915   003C6C                     CLC2SEL0        equ	15468	;# 
  1916   003C6D                     CLC2SEL1        equ	15469	;# 
  1917   003C6E                     CLC2SEL2        equ	15470	;# 
  1918   003C6F                     CLC2SEL3        equ	15471	;# 
  1919   003C70                     CLC2GLS0        equ	15472	;# 
  1920   003C71                     CLC2GLS1        equ	15473	;# 
  1921   003C72                     CLC2GLS2        equ	15474	;# 
  1922   003C73                     CLC2GLS3        equ	15475	;# 
  1923   003C74                     CLC1CON         equ	15476	;# 
  1924   003C75                     CLC1POL         equ	15477	;# 
  1925   003C76                     CLC1SEL0        equ	15478	;# 
  1926   003C77                     CLC1SEL1        equ	15479	;# 
  1927   003C78                     CLC1SEL2        equ	15480	;# 
  1928   003C79                     CLC1SEL3        equ	15481	;# 
  1929   003C7A                     CLC1GLS0        equ	15482	;# 
  1930   003C7B                     CLC1GLS1        equ	15483	;# 
  1931   003C7C                     CLC1GLS2        equ	15484	;# 
  1932   003C7D                     CLC1GLS3        equ	15485	;# 
  1933   003C7E                     CLCDATA0        equ	15486	;# 
  1934   003CE5                     CLKRCON         equ	15589	;# 
  1935   003CE6                     CLKRCLK         equ	15590	;# 
  1936   003CFA                     MD1CON0         equ	15610	;# 
  1937   003CFB                     MD1CON1         equ	15611	;# 
  1938   003CFC                     MD1SRC          equ	15612	;# 
  1939   003CFD                     MD1CARL         equ	15613	;# 
  1940   003CFE                     MD1CARH         equ	15614	;# 
  1941   003D10                     SPI1RXB         equ	15632	;# 
  1942   003D11                     SPI1TXB         equ	15633	;# 
  1943   003D12                     SPI1TCNT        equ	15634	;# 
  1944   003D12                     SPI1TCNTL       equ	15634	;# 
  1945   003D13                     SPI1TCNTH       equ	15635	;# 
  1946   003D14                     SPI1CON0        equ	15636	;# 
  1947   003D15                     SPI1CON1        equ	15637	;# 
  1948   003D16                     SPI1CON2        equ	15638	;# 
  1949   003D17                     SPI1STATUS      equ	15639	;# 
  1950   003D18                     SPI1TWIDTH      equ	15640	;# 
  1951   003D19                     SPI1BAUD        equ	15641	;# 
  1952   003D1A                     SPI1INTF        equ	15642	;# 
  1953   003D1B                     SPI1INTE        equ	15643	;# 
  1954   003D1C                     SPI1CLK         equ	15644	;# 
  1955   003D54                     I2C2RXB         equ	15700	;# 
  1956   003D55                     I2C2TXB         equ	15701	;# 
  1957   003D56                     I2C2CNT         equ	15702	;# 
  1958   003D57                     I2C2ADB0        equ	15703	;# 
  1959   003D58                     I2C2ADB1        equ	15704	;# 
  1960   003D59                     I2C2ADR0        equ	15705	;# 
  1961   003D5A                     I2C2ADR1        equ	15706	;# 
  1962   003D5B                     I2C2ADR2        equ	15707	;# 
  1963   003D5C                     I2C2ADR3        equ	15708	;# 
  1964   003D5D                     I2C2CON0        equ	15709	;# 
  1965   003D5E                     I2C2CON1        equ	15710	;# 
  1966   003D5F                     I2C2CON2        equ	15711	;# 
  1967   003D60                     I2C2ERR         equ	15712	;# 
  1968   003D61                     I2C2STAT0       equ	15713	;# 
  1969   003D62                     I2C2STAT1       equ	15714	;# 
  1970   003D63                     I2C2PIR         equ	15715	;# 
  1971   003D64                     I2C2PIE         equ	15716	;# 
  1972   003D65                     I2C2CLK         equ	15717	;# 
  1973   003D66                     I2C2BTO         equ	15718	;# 
  1974   003D6A                     I2C1RXB         equ	15722	;# 
  1975   003D6B                     I2C1TXB         equ	15723	;# 
  1976   003D6C                     I2C1CNT         equ	15724	;# 
  1977   003D6D                     I2C1ADB0        equ	15725	;# 
  1978   003D6E                     I2C1ADB1        equ	15726	;# 
  1979   003D6F                     I2C1ADR0        equ	15727	;# 
  1980   003D70                     I2C1ADR1        equ	15728	;# 
  1981   003D71                     I2C1ADR2        equ	15729	;# 
  1982   003D72                     I2C1ADR3        equ	15730	;# 
  1983   003D73                     I2C1CON0        equ	15731	;# 
  1984   003D74                     I2C1CON1        equ	15732	;# 
  1985   003D75                     I2C1CON2        equ	15733	;# 
  1986   003D76                     I2C1ERR         equ	15734	;# 
  1987   003D77                     I2C1STAT0       equ	15735	;# 
  1988   003D78                     I2C1STAT1       equ	15736	;# 
  1989   003D79                     I2C1PIR         equ	15737	;# 
  1990   003D7A                     I2C1PIE         equ	15738	;# 
  1991   003D7B                     I2C1CLK         equ	15739	;# 
  1992   003D7C                     I2C1BTO         equ	15740	;# 
  1993   003DD0                     U2RXB           equ	15824	;# 
  1994   003DD0                     U2RXBL          equ	15824	;# 
  1995   003DD2                     U2TXB           equ	15826	;# 
  1996   003DD2                     U2TXBL          equ	15826	;# 
  1997   003DD4                     U2P1            equ	15828	;# 
  1998   003DD4                     U2P1L           equ	15828	;# 
  1999   003DD6                     U2P2            equ	15830	;# 
  2000   003DD6                     U2P2L           equ	15830	;# 
  2001   003DD8                     U2P3            equ	15832	;# 
  2002   003DD8                     U2P3L           equ	15832	;# 
  2003   003DDA                     U2CON0          equ	15834	;# 
  2004   003DDB                     U2CON1          equ	15835	;# 
  2005   003DDC                     U2CON2          equ	15836	;# 
  2006   003DDD                     U2BRG           equ	15837	;# 
  2007   003DDD                     U2BRGL          equ	15837	;# 
  2008   003DDE                     U2BRGH          equ	15838	;# 
  2009   003DDF                     U2FIFO          equ	15839	;# 
  2010   003DE0                     U2UIR           equ	15840	;# 
  2011   003DE1                     U2ERRIR         equ	15841	;# 
  2012   003DE2                     U2ERRIE         equ	15842	;# 
  2013   003DE8                     U1RXB           equ	15848	;# 
  2014   003DE8                     U1RXBL          equ	15848	;# 
  2015   003DE9                     U1RXCHK         equ	15849	;# 
  2016   003DEA                     U1TXB           equ	15850	;# 
  2017   003DEA                     U1TXBL          equ	15850	;# 
  2018   003DEB                     U1TXCHK         equ	15851	;# 
  2019   003DEC                     U1P1            equ	15852	;# 
  2020   003DEC                     U1P1L           equ	15852	;# 
  2021   003DED                     U1P1H           equ	15853	;# 
  2022   003DEE                     U1P2            equ	15854	;# 
  2023   003DEE                     U1P2L           equ	15854	;# 
  2024   003DEF                     U1P2H           equ	15855	;# 
  2025   003DF0                     U1P3            equ	15856	;# 
  2026   003DF0                     U1P3L           equ	15856	;# 
  2027   003DF1                     U1P3H           equ	15857	;# 
  2028   003DF2                     U1CON0          equ	15858	;# 
  2029   003DF3                     U1CON1          equ	15859	;# 
  2030   003DF4                     U1CON2          equ	15860	;# 
  2031   003DF5                     U1BRG           equ	15861	;# 
  2032   003DF5                     U1BRGL          equ	15861	;# 
  2033   003DF6                     U1BRGH          equ	15862	;# 
  2034   003DF7                     U1FIFO          equ	15863	;# 
  2035   003DF8                     U1UIR           equ	15864	;# 
  2036   003DF9                     U1ERRIR         equ	15865	;# 
  2037   003DFA                     U1ERRIE         equ	15866	;# 
  2038   003E9C                     DAC1CON1        equ	16028	;# 
  2039   003E9E                     DAC1CON0        equ	16030	;# 
  2040   003EB8                     CM2CON0         equ	16056	;# 
  2041   003EB9                     CM2CON1         equ	16057	;# 
  2042   003EBA                     CM2NCH          equ	16058	;# 
  2043   003EBB                     CM2PCH          equ	16059	;# 
  2044   003EBC                     CM1CON0         equ	16060	;# 
  2045   003EBD                     CM1CON1         equ	16061	;# 
  2046   003EBE                     CM1NCH          equ	16062	;# 
  2047   003EBF                     CM1PCH          equ	16063	;# 
  2048   003EC0                     CMOUT           equ	16064	;# 
  2049   003EC1                     FVRCON          equ	16065	;# 
  2050   003EC3                     ZCDCON          equ	16067	;# 
  2051   003EC9                     HLVDCON0        equ	16073	;# 
  2052   003ECA                     HLVDCON1        equ	16074	;# 
  2053   003ED7                     ADCP            equ	16087	;# 
  2054   003EDE                     ADLTH           equ	16094	;# 
  2055   003EDE                     ADLTHL          equ	16094	;# 
  2056   003EDF                     ADLTHH          equ	16095	;# 
  2057   003EE0                     ADUTH           equ	16096	;# 
  2058   003EE0                     ADUTHL          equ	16096	;# 
  2059   003EE1                     ADUTHH          equ	16097	;# 
  2060   003EE2                     ADERR           equ	16098	;# 
  2061   003EE2                     ADERRL          equ	16098	;# 
  2062   003EE3                     ADERRH          equ	16099	;# 
  2063   003EE4                     ADSTPT          equ	16100	;# 
  2064   003EE4                     ADSTPTL         equ	16100	;# 
  2065   003EE5                     ADSTPTH         equ	16101	;# 
  2066   003EE6                     ADFLTR          equ	16102	;# 
  2067   003EE6                     ADFLTRL         equ	16102	;# 
  2068   003EE7                     ADFLTRH         equ	16103	;# 
  2069   003EE8                     ADACC           equ	16104	;# 
  2070   003EE8                     ADACCL          equ	16104	;# 
  2071   003EE9                     ADACCH          equ	16105	;# 
  2072   003EEA                     ADACCU          equ	16106	;# 
  2073   003EEB                     ADCNT           equ	16107	;# 
  2074   003EEC                     ADRPT           equ	16108	;# 
  2075   003EED                     ADPREV          equ	16109	;# 
  2076   003EED                     ADPREVL         equ	16109	;# 
  2077   003EEE                     ADPREVH         equ	16110	;# 
  2078   003EEF                     ADRES           equ	16111	;# 
  2079   003EEF                     ADRESL          equ	16111	;# 
  2080   003EF0                     ADRESH          equ	16112	;# 
  2081   003EF1                     ADPCH           equ	16113	;# 
  2082   003EF3                     ADACQ           equ	16115	;# 
  2083   003EF3                     ADACQL          equ	16115	;# 
  2084   003EF4                     ADACQH          equ	16116	;# 
  2085   003EF5                     ADCAP           equ	16117	;# 
  2086   003EF6                     ADPRE           equ	16118	;# 
  2087   003EF6                     ADPREL          equ	16118	;# 
  2088   003EF7                     ADPREH          equ	16119	;# 
  2089   003EF8                     ADCON0          equ	16120	;# 
  2090   003EF9                     ADCON1          equ	16121	;# 
  2091   003EFA                     ADCON2          equ	16122	;# 
  2092   003EFB                     ADCON3          equ	16123	;# 
  2093   003EFC                     ADSTAT          equ	16124	;# 
  2094   003EFD                     ADREF           equ	16125	;# 
  2095   003EFE                     ADACT           equ	16126	;# 
  2096   003EFF                     ADCLK           equ	16127	;# 
  2097   003F12                     SMT1TMR         equ	16146	;# 
  2098   003F12                     SMT1TMRL        equ	16146	;# 
  2099   003F13                     SMT1TMRH        equ	16147	;# 
  2100   003F14                     SMT1TMRU        equ	16148	;# 
  2101   003F15                     SMT1CPR         equ	16149	;# 
  2102   003F15                     SMT1CPRL        equ	16149	;# 
  2103   003F16                     SMT1CPRH        equ	16150	;# 
  2104   003F17                     SMT1CPRU        equ	16151	;# 
  2105   003F18                     SMT1CPW         equ	16152	;# 
  2106   003F18                     SMT1CPWL        equ	16152	;# 
  2107   003F19                     SMT1CPWH        equ	16153	;# 
  2108   003F1A                     SMT1CPWU        equ	16154	;# 
  2109   003F1B                     SMT1PR          equ	16155	;# 
  2110   003F1B                     SMT1PRL         equ	16155	;# 
  2111   003F1C                     SMT1PRH         equ	16156	;# 
  2112   003F1D                     SMT1PRU         equ	16157	;# 
  2113   003F1E                     SMT1CON0        equ	16158	;# 
  2114   003F1F                     SMT1CON1        equ	16159	;# 
  2115   003F20                     SMT1STAT        equ	16160	;# 
  2116   003F21                     SMT1CLK         equ	16161	;# 
  2117   003F22                     SMT1SIG         equ	16162	;# 
  2118   003F23                     SMT1WIN         equ	16163	;# 
  2119   003F38                     NCO1ACC         equ	16184	;# 
  2120   003F38                     NCO1ACCL        equ	16184	;# 
  2121   003F39                     NCO1ACCH        equ	16185	;# 
  2122   003F3A                     NCO1ACCU        equ	16186	;# 
  2123   003F3B                     NCO1INC         equ	16187	;# 
  2124   003F3B                     NCO1INCL        equ	16187	;# 
  2125   003F3C                     NCO1INCH        equ	16188	;# 
  2126   003F3D                     NCO1INCU        equ	16189	;# 
  2127   003F3E                     NCO1CON         equ	16190	;# 
  2128   003F3F                     NCO1CLK         equ	16191	;# 
  2129   003F40                     CWG3CLK         equ	16192	;# 
  2130   003F40                     CWG3CLKCON      equ	16192	;# 
  2131   003F41                     CWG3ISM         equ	16193	;# 
  2132   003F41                     CWG3DAT         equ	16193	;# 
  2133   003F42                     CWG3DBR         equ	16194	;# 
  2134   003F43                     CWG3DBF         equ	16195	;# 
  2135   003F44                     CWG3CON0        equ	16196	;# 
  2136   003F45                     CWG3CON1        equ	16197	;# 
  2137   003F46                     CWG3AS0         equ	16198	;# 
  2138   003F47                     CWG3AS1         equ	16199	;# 
  2139   003F48                     CWG3STR         equ	16200	;# 
  2140   003F49                     CWG2CLK         equ	16201	;# 
  2141   003F49                     CWG2CLKCON      equ	16201	;# 
  2142   003F4A                     CWG2ISM         equ	16202	;# 
  2143   003F4A                     CWG2DAT         equ	16202	;# 
  2144   003F4B                     CWG2DBR         equ	16203	;# 
  2145   003F4C                     CWG2DBF         equ	16204	;# 
  2146   003F4D                     CWG2CON0        equ	16205	;# 
  2147   003F4E                     CWG2CON1        equ	16206	;# 
  2148   003F4F                     CWG2AS0         equ	16207	;# 
  2149   003F50                     CWG2AS1         equ	16208	;# 
  2150   003F51                     CWG2STR         equ	16209	;# 
  2151   003F52                     CWG1CLK         equ	16210	;# 
  2152   003F52                     CWG1CLKCON      equ	16210	;# 
  2153   003F53                     CWG1ISM         equ	16211	;# 
  2154   003F53                     CWG1DAT         equ	16211	;# 
  2155   003F54                     CWG1DBR         equ	16212	;# 
  2156   003F55                     CWG1DBF         equ	16213	;# 
  2157   003F56                     CWG1CON0        equ	16214	;# 
  2158   003F57                     CWG1CON1        equ	16215	;# 
  2159   003F58                     CWG1AS0         equ	16216	;# 
  2160   003F59                     CWG1AS1         equ	16217	;# 
  2161   003F5A                     CWG1STR         equ	16218	;# 
  2162   003F5E                     CCPTMRS0        equ	16222	;# 
  2163   003F5F                     CCPTMRS1        equ	16223	;# 
  2164   003F60                     PWM8DC          equ	16224	;# 
  2165   003F60                     PWM8DCL         equ	16224	;# 
  2166   003F61                     PWM8DCH         equ	16225	;# 
  2167   003F62                     PWM8CON         equ	16226	;# 
  2168   003F64                     PWM7DC          equ	16228	;# 
  2169   003F64                     PWM7DCL         equ	16228	;# 
  2170   003F65                     PWM7DCH         equ	16229	;# 
  2171   003F66                     PWM7CON         equ	16230	;# 
  2172   003F68                     PWM6DC          equ	16232	;# 
  2173   003F68                     PWM6DCL         equ	16232	;# 
  2174   003F69                     PWM6DCH         equ	16233	;# 
  2175   003F6A                     PWM6CON         equ	16234	;# 
  2176   003F6C                     PWM5DC          equ	16236	;# 
  2177   003F6C                     PWM5DCL         equ	16236	;# 
  2178   003F6D                     PWM5DCH         equ	16237	;# 
  2179   003F6E                     PWM5CON         equ	16238	;# 
  2180   003F70                     CCPR4           equ	16240	;# 
  2181   003F70                     CCPR4L          equ	16240	;# 
  2182   003F71                     CCPR4H          equ	16241	;# 
  2183   003F72                     CCP4CON         equ	16242	;# 
  2184   003F73                     CCP4CAP         equ	16243	;# 
  2185   003F74                     CCPR3           equ	16244	;# 
  2186   003F74                     CCPR3L          equ	16244	;# 
  2187   003F75                     CCPR3H          equ	16245	;# 
  2188   003F76                     CCP3CON         equ	16246	;# 
  2189   003F77                     CCP3CAP         equ	16247	;# 
  2190   003F78                     CCPR2           equ	16248	;# 
  2191   003F78                     CCPR2L          equ	16248	;# 
  2192   003F79                     CCPR2H          equ	16249	;# 
  2193   003F7A                     CCP2CON         equ	16250	;# 
  2194   003F7B                     CCP2CAP         equ	16251	;# 
  2195   003F7C                     CCPR1           equ	16252	;# 
  2196   003F7C                     CCPR1L          equ	16252	;# 
  2197   003F7D                     CCPR1H          equ	16253	;# 
  2198   003F7E                     CCP1CON         equ	16254	;# 
  2199   003F7F                     CCP1CAP         equ	16255	;# 
  2200   003F92                     T6TMR           equ	16274	;# 
  2201   003F92                     TMR6            equ	16274	;# 
  2202   003F93                     T6PR            equ	16275	;# 
  2203   003F93                     PR6             equ	16275	;# 
  2204   003F94                     T6CON           equ	16276	;# 
  2205   003F95                     T6HLT           equ	16277	;# 
  2206   003F96                     T6CLKCON        equ	16278	;# 
  2207   003F96                     T6CLK           equ	16278	;# 
  2208   003F97                     T6RST           equ	16279	;# 
  2209   003F98                     TMR5            equ	16280	;# 
  2210   003F98                     TMR5L           equ	16280	;# 
  2211   003F99                     TMR5H           equ	16281	;# 
  2212   003F9A                     T5CON           equ	16282	;# 
  2213   003F9A                     TMR5CON         equ	16282	;# 
  2214   003F9B                     T5GCON          equ	16283	;# 
  2215   003F9B                     TMR5GCON        equ	16283	;# 
  2216   003F9C                     T5GATE          equ	16284	;# 
  2217   003F9C                     TMR5GATE        equ	16284	;# 
  2218   003F9D                     T5CLK           equ	16285	;# 
  2219   003F9D                     TMR5CLK         equ	16285	;# 
  2220   003F9D                     PR5             equ	16285	;# 
  2221   003F9E                     T4TMR           equ	16286	;# 
  2222   003F9E                     TMR4            equ	16286	;# 
  2223   003F9F                     T4PR            equ	16287	;# 
  2224   003F9F                     PR4             equ	16287	;# 
  2225   003FA0                     T4CON           equ	16288	;# 
  2226   003FA1                     T4HLT           equ	16289	;# 
  2227   003FA2                     T4CLKCON        equ	16290	;# 
  2228   003FA2                     T4CLK           equ	16290	;# 
  2229   003FA3                     T4RST           equ	16291	;# 
  2230   003FA4                     TMR3            equ	16292	;# 
  2231   003FA4                     TMR3L           equ	16292	;# 
  2232   003FA5                     TMR3H           equ	16293	;# 
  2233   003FA6                     T3CON           equ	16294	;# 
  2234   003FA6                     TMR3CON         equ	16294	;# 
  2235   003FA7                     T3GCON          equ	16295	;# 
  2236   003FA7                     TMR3GCON        equ	16295	;# 
  2237   003FA8                     T3GATE          equ	16296	;# 
  2238   003FA8                     TMR3GATE        equ	16296	;# 
  2239   003FA9                     T3CLK           equ	16297	;# 
  2240   003FA9                     TMR3CLK         equ	16297	;# 
  2241   003FA9                     PR3             equ	16297	;# 
  2242   003FAA                     T2TMR           equ	16298	;# 
  2243   003FAA                     TMR2            equ	16298	;# 
  2244   003FAB                     T2PR            equ	16299	;# 
  2245   003FAB                     PR2             equ	16299	;# 
  2246   003FAC                     T2CON           equ	16300	;# 
  2247   003FAD                     T2HLT           equ	16301	;# 
  2248   003FAE                     T2CLKCON        equ	16302	;# 
  2249   003FAE                     T2CLK           equ	16302	;# 
  2250   003FAF                     T2RST           equ	16303	;# 
  2251   003FB0                     TMR1            equ	16304	;# 
  2252   003FB0                     TMR1L           equ	16304	;# 
  2253   003FB1                     TMR1H           equ	16305	;# 
  2254   003FB2                     T1CON           equ	16306	;# 
  2255   003FB2                     TMR1CON         equ	16306	;# 
  2256   003FB3                     T1GCON          equ	16307	;# 
  2257   003FB3                     TMR1GCON        equ	16307	;# 
  2258   003FB4                     T1GATE          equ	16308	;# 
  2259   003FB4                     TMR1GATE        equ	16308	;# 
  2260   003FB5                     T1CLK           equ	16309	;# 
  2261   003FB5                     TMR1CLK         equ	16309	;# 
  2262   003FB5                     PR1             equ	16309	;# 
  2263   003FB6                     TMR0L           equ	16310	;# 
  2264   003FB6                     TMR0            equ	16310	;# 
  2265   003FB7                     TMR0H           equ	16311	;# 
  2266   003FB7                     PR0             equ	16311	;# 
  2267   003FB8                     T0CON0          equ	16312	;# 
  2268   003FB9                     T0CON1          equ	16313	;# 
  2269   003FBA                     LATA            equ	16314	;# 
  2270   003FBB                     LATB            equ	16315	;# 
  2271   003FBC                     LATC            equ	16316	;# 
  2272   003FBD                     LATD            equ	16317	;# 
  2273   003FBE                     LATE            equ	16318	;# 
  2274   003FC2                     TRISA           equ	16322	;# 
  2275   003FC3                     TRISB           equ	16323	;# 
  2276   003FC4                     TRISC           equ	16324	;# 
  2277   003FC5                     TRISD           equ	16325	;# 
  2278   003FC6                     TRISE           equ	16326	;# 
  2279   003FCA                     PORTA           equ	16330	;# 
  2280   003FCB                     PORTB           equ	16331	;# 
  2281   003FCC                     PORTC           equ	16332	;# 
  2282   003FCD                     PORTD           equ	16333	;# 
  2283   003FCE                     PORTE           equ	16334	;# 
  2284   003FD2                     INTCON0         equ	16338	;# 
  2285   003FD3                     INTCON1         equ	16339	;# 
  2286   003FD4                     IVTLOCK         equ	16340	;# 
  2287   003FD5                     IVTBASE         equ	16341	;# 
  2288   003FD5                     IVTBASEL        equ	16341	;# 
  2289   003FD6                     IVTBASEH        equ	16342	;# 
  2290   003FD7                     IVTBASEU        equ	16343	;# 
  2291   003FD8                     STATUS          equ	16344	;# 
  2292   003FD9                     FSR2            equ	16345	;# 
  2293   003FD9                     FSR2L           equ	16345	;# 
  2294   003FDA                     FSR2H           equ	16346	;# 
  2295   003FDB                     PLUSW2          equ	16347	;# 
  2296   003FDC                     PREINC2         equ	16348	;# 
  2297   003FDD                     POSTDEC2        equ	16349	;# 
  2298   003FDE                     POSTINC2        equ	16350	;# 
  2299   003FDF                     INDF2           equ	16351	;# 
  2300   003FE0                     BSR             equ	16352	;# 
  2301   003FE1                     FSR1            equ	16353	;# 
  2302   003FE1                     FSR1L           equ	16353	;# 
  2303   003FE2                     FSR1H           equ	16354	;# 
  2304   003FE3                     PLUSW1          equ	16355	;# 
  2305   003FE4                     PREINC1         equ	16356	;# 
  2306   003FE5                     POSTDEC1        equ	16357	;# 
  2307   003FE6                     POSTINC1        equ	16358	;# 
  2308   003FE7                     INDF1           equ	16359	;# 
  2309   003FE8                     WREG            equ	16360	;# 
  2310   003FE9                     FSR0            equ	16361	;# 
  2311   003FE9                     FSR0L           equ	16361	;# 
  2312   003FEA                     FSR0H           equ	16362	;# 
  2313   003FEB                     PLUSW0          equ	16363	;# 
  2314   003FEC                     PREINC0         equ	16364	;# 
  2315   003FED                     POSTDEC0        equ	16365	;# 
  2316   003FEE                     POSTINC0        equ	16366	;# 
  2317   003FEF                     INDF0           equ	16367	;# 
  2318   003FF0                     PCON0           equ	16368	;# 
  2319   003FF1                     PCON1           equ	16369	;# 
  2320   003FF3                     PROD            equ	16371	;# 
  2321   003FF3                     PRODL           equ	16371	;# 
  2322   003FF4                     PRODH           equ	16372	;# 
  2323   003FF5                     TABLAT          equ	16373	;# 
  2324   003FF6                     TBLPTR          equ	16374	;# 
  2325   003FF6                     TBLPTRL         equ	16374	;# 
  2326   003FF7                     TBLPTRH         equ	16375	;# 
  2327   003FF8                     TBLPTRU         equ	16376	;# 
  2328   003FF9                     PCLAT           equ	16377	;# 
  2329   003FF9                     PCL             equ	16377	;# 
  2330   003FFA                     PCLATH          equ	16378	;# 
  2331   003FFB                     PCLATU          equ	16379	;# 
  2332   003FFC                     STKPTR          equ	16380	;# 
  2333   003FFD                     TOS             equ	16381	;# 
  2334   003FFD                     TOSL            equ	16381	;# 
  2335   003FFE                     TOSH            equ	16382	;# 
  2336   003FFF                     TOSU            equ	16383	;# 
  2337   003880                     STATUS_CSHAD    equ	14464	;# 
  2338   003881                     WREG_CSHAD      equ	14465	;# 
  2339   003882                     BSR_CSHAD       equ	14466	;# 
  2340   003883                     SHADCON         equ	14467	;# 
  2341   003884                     STATUS_SHAD     equ	14468	;# 
  2342   003885                     WREG_SHAD       equ	14469	;# 
  2343   003886                     BSR_SHAD        equ	14470	;# 
  2344   003887                     PCLATH_SHAD     equ	14471	;# 
  2345   003888                     PCLATU_SHAD     equ	14472	;# 
  2346   003889                     FSR0SH          equ	14473	;# 
  2347   003889                     FSR0L_SHAD      equ	14473	;# 
  2348   00388A                     FSR0H_SHAD      equ	14474	;# 
  2349   00388B                     FSR1SH          equ	14475	;# 
  2350   00388B                     FSR1L_SHAD      equ	14475	;# 
  2351   00388C                     FSR1H_SHAD      equ	14476	;# 
  2352   00388D                     FSR2SH          equ	14477	;# 
  2353   00388D                     FSR2L_SHAD      equ	14477	;# 
  2354   00388E                     FSR2H_SHAD      equ	14478	;# 
  2355   00388F                     PRODSH          equ	14479	;# 
  2356   00388F                     PRODL_SHAD      equ	14479	;# 
  2357   003890                     PRODH_SHAD      equ	14480	;# 
  2358   00389D                     IVTADL          equ	14493	;# 
  2359   00389E                     IVTADH          equ	14494	;# 
  2360   00389F                     IVTADU          equ	14495	;# 
  2361   00395B                     WDTCON0         equ	14683	;# 
  2362   00395C                     WDTCON1         equ	14684	;# 
  2363   00395D                     WDTPSL          equ	14685	;# 
  2364   00395E                     WDTPSH          equ	14686	;# 
  2365   00395F                     WDTTMR          equ	14687	;# 
  2366   003960                     CRCDATA         equ	14688	;# 
  2367   003960                     CRCDATL         equ	14688	;# 
  2368   003961                     CRCDATH         equ	14689	;# 
  2369   003962                     CRCACC          equ	14690	;# 
  2370   003962                     CRCACCL         equ	14690	;# 
  2371   003963                     CRCACCH         equ	14691	;# 
  2372   003964                     CRCSHFT         equ	14692	;# 
  2373   003964                     CRCSHIFTL       equ	14692	;# 
  2374   003965                     CRCSHIFTH       equ	14693	;# 
  2375   003966                     CRCXOR          equ	14694	;# 
  2376   003966                     CRCXORL         equ	14694	;# 
  2377   003967                     CRCXORH         equ	14695	;# 
  2378   003968                     CRCCON0         equ	14696	;# 
  2379   003969                     CRCCON1         equ	14697	;# 
  2380   003976                     SCANLADR        equ	14710	;# 
  2381   003976                     SCANLADRL       equ	14710	;# 
  2382   003977                     SCANLADRH       equ	14711	;# 
  2383   003978                     SCANLADRU       equ	14712	;# 
  2384   003979                     SCANHADR        equ	14713	;# 
  2385   003979                     SCANHADRL       equ	14713	;# 
  2386   00397A                     SCANHADRH       equ	14714	;# 
  2387   00397B                     SCANHADRU       equ	14715	;# 
  2388   00397C                     SCANCON0        equ	14716	;# 
  2389   00397D                     SCANTRIG        equ	14717	;# 
  2390   003980                     IPR0            equ	14720	;# 
  2391   003981                     IPR1            equ	14721	;# 
  2392   003982                     IPR2            equ	14722	;# 
  2393   003983                     IPR3            equ	14723	;# 
  2394   003984                     IPR4            equ	14724	;# 
  2395   003985                     IPR5            equ	14725	;# 
  2396   003986                     IPR6            equ	14726	;# 
  2397   003987                     IPR7            equ	14727	;# 
  2398   003988                     IPR8            equ	14728	;# 
  2399   003989                     IPR9            equ	14729	;# 
  2400   00398A                     IPR10           equ	14730	;# 
  2401   003990                     PIE0            equ	14736	;# 
  2402   003991                     PIE1            equ	14737	;# 
  2403   003992                     PIE2            equ	14738	;# 
  2404   003993                     PIE3            equ	14739	;# 
  2405   003994                     PIE4            equ	14740	;# 
  2406   003995                     PIE5            equ	14741	;# 
  2407   003996                     PIE6            equ	14742	;# 
  2408   003997                     PIE7            equ	14743	;# 
  2409   003998                     PIE8            equ	14744	;# 
  2410   003999                     PIE9            equ	14745	;# 
  2411   00399A                     PIE10           equ	14746	;# 
  2412   0039A0                     PIR0            equ	14752	;# 
  2413   0039A1                     PIR1            equ	14753	;# 
  2414   0039A2                     PIR2            equ	14754	;# 
  2415   0039A3                     PIR3            equ	14755	;# 
  2416   0039A4                     PIR4            equ	14756	;# 
  2417   0039A5                     PIR5            equ	14757	;# 
  2418   0039A6                     PIR6            equ	14758	;# 
  2419   0039A7                     PIR7            equ	14759	;# 
  2420   0039A8                     PIR8            equ	14760	;# 
  2421   0039A9                     PIR9            equ	14761	;# 
  2422   0039AA                     PIR10           equ	14762	;# 
  2423   0039C0                     PMD0            equ	14784	;# 
  2424   0039C1                     PMD1            equ	14785	;# 
  2425   0039C2                     PMD2            equ	14786	;# 
  2426   0039C3                     PMD3            equ	14787	;# 
  2427   0039C4                     PMD4            equ	14788	;# 
  2428   0039C5                     PMD5            equ	14789	;# 
  2429   0039C6                     PMD6            equ	14790	;# 
  2430   0039C7                     PMD7            equ	14791	;# 
  2431   0039D0                     BORCON          equ	14800	;# 
  2432   0039D1                     VREGCON         equ	14801	;# 
  2433   0039D8                     CPUDOZE         equ	14808	;# 
  2434   0039D9                     OSCCON1         equ	14809	;# 
  2435   0039DA                     OSCCON2         equ	14810	;# 
  2436   0039DB                     OSCCON3         equ	14811	;# 
  2437   0039DC                     OSCSTAT         equ	14812	;# 
  2438   0039DC                     OSCSTAT1        equ	14812	;# 
  2439   0039DD                     OSCEN           equ	14813	;# 
  2440   0039DE                     OSCTUNE         equ	14814	;# 
  2441   0039DF                     OSCFRQ          equ	14815	;# 
  2442   0039E0                     NVMADRL         equ	14816	;# 
  2443   0039E1                     NVMADRH         equ	14817	;# 
  2444   0039E3                     NVMDAT          equ	14819	;# 
  2445   0039E5                     NVMCON1         equ	14821	;# 
  2446   0039E6                     NVMCON2         equ	14822	;# 
  2447   0039EF                     PRLOCK          equ	14831	;# 
  2448   0039F1                     ISRPR           equ	14833	;# 
  2449   0039F2                     MAINPR          equ	14834	;# 
  2450   0039F3                     DMA1PR          equ	14835	;# 
  2451   0039F4                     DMA2PR          equ	14836	;# 
  2452   0039F7                     SCANPR          equ	14839	;# 
  2453   003A00                     RA0PPS          equ	14848	;# 
  2454   003A01                     RA1PPS          equ	14849	;# 
  2455   003A02                     RA2PPS          equ	14850	;# 
  2456   003A03                     RA3PPS          equ	14851	;# 
  2457   003A04                     RA4PPS          equ	14852	;# 
  2458   003A05                     RA5PPS          equ	14853	;# 
  2459   003A06                     RA6PPS          equ	14854	;# 
  2460   003A07                     RA7PPS          equ	14855	;# 
  2461   003A08                     RB0PPS          equ	14856	;# 
  2462   003A09                     RB1PPS          equ	14857	;# 
  2463   003A0A                     RB2PPS          equ	14858	;# 
  2464   003A0B                     RB3PPS          equ	14859	;# 
  2465   003A0C                     RB4PPS          equ	14860	;# 
  2466   003A0D                     RB5PPS          equ	14861	;# 
  2467   003A0E                     RB6PPS          equ	14862	;# 
  2468   003A0F                     RB7PPS          equ	14863	;# 
  2469   003A10                     RC0PPS          equ	14864	;# 
  2470   003A11                     RC1PPS          equ	14865	;# 
  2471   003A12                     RC2PPS          equ	14866	;# 
  2472   003A13                     RC3PPS          equ	14867	;# 
  2473   003A14                     RC4PPS          equ	14868	;# 
  2474   003A15                     RC5PPS          equ	14869	;# 
  2475   003A16                     RC6PPS          equ	14870	;# 
  2476   003A17                     RC7PPS          equ	14871	;# 
  2477   003A18                     RD0PPS          equ	14872	;# 
  2478   003A19                     RD1PPS          equ	14873	;# 
  2479   003A1A                     RD2PPS          equ	14874	;# 
  2480   003A1B                     RD3PPS          equ	14875	;# 
  2481   003A1C                     RD4PPS          equ	14876	;# 
  2482   003A1D                     RD5PPS          equ	14877	;# 
  2483   003A1E                     RD6PPS          equ	14878	;# 
  2484   003A1F                     RD7PPS          equ	14879	;# 
  2485   003A20                     RE0PPS          equ	14880	;# 
  2486   003A21                     RE1PPS          equ	14881	;# 
  2487   003A22                     RE2PPS          equ	14882	;# 
  2488   003A40                     ANSELA          equ	14912	;# 
  2489   003A41                     WPUA            equ	14913	;# 
  2490   003A42                     ODCONA          equ	14914	;# 
  2491   003A43                     SLRCONA         equ	14915	;# 
  2492   003A44                     INLVLA          equ	14916	;# 
  2493   003A45                     IOCAP           equ	14917	;# 
  2494   003A46                     IOCAN           equ	14918	;# 
  2495   003A47                     IOCAF           equ	14919	;# 
  2496   003A50                     ANSELB          equ	14928	;# 
  2497   003A51                     WPUB            equ	14929	;# 
  2498   003A52                     ODCONB          equ	14930	;# 
  2499   003A53                     SLRCONB         equ	14931	;# 
  2500   003A54                     INLVLB          equ	14932	;# 
  2501   003A55                     IOCBP           equ	14933	;# 
  2502   003A56                     IOCBN           equ	14934	;# 
  2503   003A57                     IOCBF           equ	14935	;# 
  2504   003A5A                     RB1I2C          equ	14938	;# 
  2505   003A5B                     RB2I2C          equ	14939	;# 
  2506   003A60                     ANSELC          equ	14944	;# 
  2507   003A61                     WPUC            equ	14945	;# 
  2508   003A62                     ODCONC          equ	14946	;# 
  2509   003A63                     SLRCONC         equ	14947	;# 
  2510   003A64                     INLVLC          equ	14948	;# 
  2511   003A65                     IOCCP           equ	14949	;# 
  2512   003A66                     IOCCN           equ	14950	;# 
  2513   003A67                     IOCCF           equ	14951	;# 
  2514   003A6A                     RC3I2C          equ	14954	;# 
  2515   003A6B                     RC4I2C          equ	14955	;# 
  2516   003A70                     ANSELD          equ	14960	;# 
  2517   003A71                     WPUD            equ	14961	;# 
  2518   003A72                     ODCOND          equ	14962	;# 
  2519   003A73                     SLRCOND         equ	14963	;# 
  2520   003A74                     INLVLD          equ	14964	;# 
  2521   003A7A                     RD0I2C          equ	14970	;# 
  2522   003A7B                     RD1I2C          equ	14971	;# 
  2523   003A80                     ANSELE          equ	14976	;# 
  2524   003A81                     WPUE            equ	14977	;# 
  2525   003A82                     ODCONE          equ	14978	;# 
  2526   003A83                     SLRCONE         equ	14979	;# 
  2527   003A84                     INLVLE          equ	14980	;# 
  2528   003A85                     IOCEP           equ	14981	;# 
  2529   003A86                     IOCEN           equ	14982	;# 
  2530   003A87                     IOCEF           equ	14983	;# 
  2531   003ABF                     PPSLOCK         equ	15039	;# 
  2532   003AC0                     INT0PPS         equ	15040	;# 
  2533   003AC1                     INT1PPS         equ	15041	;# 
  2534   003AC2                     INT2PPS         equ	15042	;# 
  2535   003AC3                     T0CKIPPS        equ	15043	;# 
  2536   003AC4                     T1CKIPPS        equ	15044	;# 
  2537   003AC5                     T1GPPS          equ	15045	;# 
  2538   003AC6                     T3CKIPPS        equ	15046	;# 
  2539   003AC7                     T3GPPS          equ	15047	;# 
  2540   003AC8                     T5CKIPPS        equ	15048	;# 
  2541   003AC9                     T5GPPS          equ	15049	;# 
  2542   003ACA                     T2INPPS         equ	15050	;# 
  2543   003ACB                     T4INPPS         equ	15051	;# 
  2544   003ACC                     T6INPPS         equ	15052	;# 
  2545   003ACD                     CCP1PPS         equ	15053	;# 
  2546   003ACE                     CCP2PPS         equ	15054	;# 
  2547   003ACF                     CCP3PPS         equ	15055	;# 
  2548   003AD0                     CCP4PPS         equ	15056	;# 
  2549   003AD1                     SMT1WINPPS      equ	15057	;# 
  2550   003AD2                     SMT1SIGPPS      equ	15058	;# 
  2551   003AD3                     CWG1INPPS       equ	15059	;# 
  2552   003AD4                     CWG2INPPS       equ	15060	;# 
  2553   003AD5                     CWG3INPPS       equ	15061	;# 
  2554   003AD6                     MD1CARLPPS      equ	15062	;# 
  2555   003AD7                     MD1CARHPPS      equ	15063	;# 
  2556   003AD8                     MD1SRCPPS       equ	15064	;# 
  2557   003AD9                     CLCIN0PPS       equ	15065	;# 
  2558   003ADA                     CLCIN1PPS       equ	15066	;# 
  2559   003ADB                     CLCIN2PPS       equ	15067	;# 
  2560   003ADC                     CLCIN3PPS       equ	15068	;# 
  2561   003ADD                     ADACTPPS        equ	15069	;# 
  2562   003ADE                     SPI1SCKPPS      equ	15070	;# 
  2563   003ADF                     SPI1SDIPPS      equ	15071	;# 
  2564   003AE0                     SPI1SSPPS       equ	15072	;# 
  2565   003AE1                     I2C1SCLPPS      equ	15073	;# 
  2566   003AE2                     I2C1SDAPPS      equ	15074	;# 
  2567   003AE3                     I2C2SCLPPS      equ	15075	;# 
  2568   003AE4                     I2C2SDAPPS      equ	15076	;# 
  2569   003AE5                     U1RXPPS         equ	15077	;# 
  2570   003AE6                     U1CTSPPS        equ	15078	;# 
  2571   003AE8                     U2RXPPS         equ	15080	;# 
  2572   003AE9                     U2CTSPPS        equ	15081	;# 
  2573   003BC9                     DMA2BUF         equ	15305	;# 
  2574   003BCA                     DMA2DCNT        equ	15306	;# 
  2575   003BCA                     DMA2DCNTL       equ	15306	;# 
  2576   003BCB                     DMA2DCNTH       equ	15307	;# 
  2577   003BCC                     DMA2DPTR        equ	15308	;# 
  2578   003BCC                     DMA2DPTRL       equ	15308	;# 
  2579   003BCD                     DMA2DPTRH       equ	15309	;# 
  2580   003BCE                     DMA2DSZ         equ	15310	;# 
  2581   003BCE                     DMA2DSZL        equ	15310	;# 
  2582   003BCF                     DMA2DSZH        equ	15311	;# 
  2583   003BD0                     DMA2DSA         equ	15312	;# 
  2584   003BD0                     DMA2DSAL        equ	15312	;# 
  2585   003BD1                     DMA2DSAH        equ	15313	;# 
  2586   003BD2                     DMA2SCNT        equ	15314	;# 
  2587   003BD2                     DMA2SCNTL       equ	15314	;# 
  2588   003BD3                     DMA2SCNTH       equ	15315	;# 
  2589   003BD4                     DMA2SPTR        equ	15316	;# 
  2590   003BD4                     DMA2SPTRL       equ	15316	;# 
  2591   003BD5                     DMA2SPTRH       equ	15317	;# 
  2592   003BD6                     DMA2SPTRU       equ	15318	;# 
  2593   003BD7                     DMA2SSZ         equ	15319	;# 
  2594   003BD7                     DMA2SSZL        equ	15319	;# 
  2595   003BD8                     DMA2SSZH        equ	15320	;# 
  2596   003BD9                     DMA2SSA         equ	15321	;# 
  2597   003BD9                     DMA2SSAL        equ	15321	;# 
  2598   003BDA                     DMA2SSAH        equ	15322	;# 
  2599   003BDB                     DMA2SSAU        equ	15323	;# 
  2600   003BDC                     DMA2CON0        equ	15324	;# 
  2601   003BDD                     DMA2CON1        equ	15325	;# 
  2602   003BDE                     DMA2AIRQ        equ	15326	;# 
  2603   003BDF                     DMA2SIRQ        equ	15327	;# 
  2604   003BE9                     DMA1BUF         equ	15337	;# 
  2605   003BEA                     DMA1DCNT        equ	15338	;# 
  2606   003BEA                     DMA1DCNTL       equ	15338	;# 
  2607   003BEB                     DMA1DCNTH       equ	15339	;# 
  2608   003BEC                     DMA1DPTR        equ	15340	;# 
  2609   003BEC                     DMA1DPTRL       equ	15340	;# 
  2610   003BED                     DMA1DPTRH       equ	15341	;# 
  2611   003BEE                     DMA1DSZ         equ	15342	;# 
  2612   003BEE                     DMA1DSZL        equ	15342	;# 
  2613   003BEF                     DMA1DSZH        equ	15343	;# 
  2614   003BF0                     DMA1DSA         equ	15344	;# 
  2615   003BF0                     DMA1DSAL        equ	15344	;# 
  2616   003BF1                     DMA1DSAH        equ	15345	;# 
  2617   003BF2                     DMA1SCNT        equ	15346	;# 
  2618   003BF2                     DMA1SCNTL       equ	15346	;# 
  2619   003BF3                     DMA1SCNTH       equ	15347	;# 
  2620   003BF4                     DMA1SPTR        equ	15348	;# 
  2621   003BF4                     DMA1SPTRL       equ	15348	;# 
  2622   003BF5                     DMA1SPTRH       equ	15349	;# 
  2623   003BF6                     DMA1SPTRU       equ	15350	;# 
  2624   003BF7                     DMA1SSZ         equ	15351	;# 
  2625   003BF7                     DMA1SSZL        equ	15351	;# 
  2626   003BF8                     DMA1SSZH        equ	15352	;# 
  2627   003BF9                     DMA1SSA         equ	15353	;# 
  2628   003BF9                     DMA1SSAL        equ	15353	;# 
  2629   003BFA                     DMA1SSAH        equ	15354	;# 
  2630   003BFB                     DMA1SSAU        equ	15355	;# 
  2631   003BFC                     DMA1CON0        equ	15356	;# 
  2632   003BFD                     DMA1CON1        equ	15357	;# 
  2633   003BFE                     DMA1AIRQ        equ	15358	;# 
  2634   003BFF                     DMA1SIRQ        equ	15359	;# 
  2635   003C56                     CLC4CON         equ	15446	;# 
  2636   003C57                     CLC4POL         equ	15447	;# 
  2637   003C58                     CLC4SEL0        equ	15448	;# 
  2638   003C59                     CLC4SEL1        equ	15449	;# 
  2639   003C5A                     CLC4SEL2        equ	15450	;# 
  2640   003C5B                     CLC4SEL3        equ	15451	;# 
  2641   003C5C                     CLC4GLS0        equ	15452	;# 
  2642   003C5D                     CLC4GLS1        equ	15453	;# 
  2643   003C5E                     CLC4GLS2        equ	15454	;# 
  2644   003C5F                     CLC4GLS3        equ	15455	;# 
  2645   003C60                     CLC3CON         equ	15456	;# 
  2646   003C61                     CLC3POL         equ	15457	;# 
  2647   003C62                     CLC3SEL0        equ	15458	;# 
  2648   003C63                     CLC3SEL1        equ	15459	;# 
  2649   003C64                     CLC3SEL2        equ	15460	;# 
  2650   003C65                     CLC3SEL3        equ	15461	;# 
  2651   003C66                     CLC3GLS0        equ	15462	;# 
  2652   003C67                     CLC3GLS1        equ	15463	;# 
  2653   003C68                     CLC3GLS2        equ	15464	;# 
  2654   003C69                     CLC3GLS3        equ	15465	;# 
  2655   003C6A                     CLC2CON         equ	15466	;# 
  2656   003C6B                     CLC2POL         equ	15467	;# 
  2657   003C6C                     CLC2SEL0        equ	15468	;# 
  2658   003C6D                     CLC2SEL1        equ	15469	;# 
  2659   003C6E                     CLC2SEL2        equ	15470	;# 
  2660   003C6F                     CLC2SEL3        equ	15471	;# 
  2661   003C70                     CLC2GLS0        equ	15472	;# 
  2662   003C71                     CLC2GLS1        equ	15473	;# 
  2663   003C72                     CLC2GLS2        equ	15474	;# 
  2664   003C73                     CLC2GLS3        equ	15475	;# 
  2665   003C74                     CLC1CON         equ	15476	;# 
  2666   003C75                     CLC1POL         equ	15477	;# 
  2667   003C76                     CLC1SEL0        equ	15478	;# 
  2668   003C77                     CLC1SEL1        equ	15479	;# 
  2669   003C78                     CLC1SEL2        equ	15480	;# 
  2670   003C79                     CLC1SEL3        equ	15481	;# 
  2671   003C7A                     CLC1GLS0        equ	15482	;# 
  2672   003C7B                     CLC1GLS1        equ	15483	;# 
  2673   003C7C                     CLC1GLS2        equ	15484	;# 
  2674   003C7D                     CLC1GLS3        equ	15485	;# 
  2675   003C7E                     CLCDATA0        equ	15486	;# 
  2676   003CE5                     CLKRCON         equ	15589	;# 
  2677   003CE6                     CLKRCLK         equ	15590	;# 
  2678   003CFA                     MD1CON0         equ	15610	;# 
  2679   003CFB                     MD1CON1         equ	15611	;# 
  2680   003CFC                     MD1SRC          equ	15612	;# 
  2681   003CFD                     MD1CARL         equ	15613	;# 
  2682   003CFE                     MD1CARH         equ	15614	;# 
  2683   003D10                     SPI1RXB         equ	15632	;# 
  2684   003D11                     SPI1TXB         equ	15633	;# 
  2685   003D12                     SPI1TCNT        equ	15634	;# 
  2686   003D12                     SPI1TCNTL       equ	15634	;# 
  2687   003D13                     SPI1TCNTH       equ	15635	;# 
  2688   003D14                     SPI1CON0        equ	15636	;# 
  2689   003D15                     SPI1CON1        equ	15637	;# 
  2690   003D16                     SPI1CON2        equ	15638	;# 
  2691   003D17                     SPI1STATUS      equ	15639	;# 
  2692   003D18                     SPI1TWIDTH      equ	15640	;# 
  2693   003D19                     SPI1BAUD        equ	15641	;# 
  2694   003D1A                     SPI1INTF        equ	15642	;# 
  2695   003D1B                     SPI1INTE        equ	15643	;# 
  2696   003D1C                     SPI1CLK         equ	15644	;# 
  2697   003D54                     I2C2RXB         equ	15700	;# 
  2698   003D55                     I2C2TXB         equ	15701	;# 
  2699   003D56                     I2C2CNT         equ	15702	;# 
  2700   003D57                     I2C2ADB0        equ	15703	;# 
  2701   003D58                     I2C2ADB1        equ	15704	;# 
  2702   003D59                     I2C2ADR0        equ	15705	;# 
  2703   003D5A                     I2C2ADR1        equ	15706	;# 
  2704   003D5B                     I2C2ADR2        equ	15707	;# 
  2705   003D5C                     I2C2ADR3        equ	15708	;# 
  2706   003D5D                     I2C2CON0        equ	15709	;# 
  2707   003D5E                     I2C2CON1        equ	15710	;# 
  2708   003D5F                     I2C2CON2        equ	15711	;# 
  2709   003D60                     I2C2ERR         equ	15712	;# 
  2710   003D61                     I2C2STAT0       equ	15713	;# 
  2711   003D62                     I2C2STAT1       equ	15714	;# 
  2712   003D63                     I2C2PIR         equ	15715	;# 
  2713   003D64                     I2C2PIE         equ	15716	;# 
  2714   003D65                     I2C2CLK         equ	15717	;# 
  2715   003D66                     I2C2BTO         equ	15718	;# 
  2716   003D6A                     I2C1RXB         equ	15722	;# 
  2717   003D6B                     I2C1TXB         equ	15723	;# 
  2718   003D6C                     I2C1CNT         equ	15724	;# 
  2719   003D6D                     I2C1ADB0        equ	15725	;# 
  2720   003D6E                     I2C1ADB1        equ	15726	;# 
  2721   003D6F                     I2C1ADR0        equ	15727	;# 
  2722   003D70                     I2C1ADR1        equ	15728	;# 
  2723   003D71                     I2C1ADR2        equ	15729	;# 
  2724   003D72                     I2C1ADR3        equ	15730	;# 
  2725   003D73                     I2C1CON0        equ	15731	;# 
  2726   003D74                     I2C1CON1        equ	15732	;# 
  2727   003D75                     I2C1CON2        equ	15733	;# 
  2728   003D76                     I2C1ERR         equ	15734	;# 
  2729   003D77                     I2C1STAT0       equ	15735	;# 
  2730   003D78                     I2C1STAT1       equ	15736	;# 
  2731   003D79                     I2C1PIR         equ	15737	;# 
  2732   003D7A                     I2C1PIE         equ	15738	;# 
  2733   003D7B                     I2C1CLK         equ	15739	;# 
  2734   003D7C                     I2C1BTO         equ	15740	;# 
  2735   003DD0                     U2RXB           equ	15824	;# 
  2736   003DD0                     U2RXBL          equ	15824	;# 
  2737   003DD2                     U2TXB           equ	15826	;# 
  2738   003DD2                     U2TXBL          equ	15826	;# 
  2739   003DD4                     U2P1            equ	15828	;# 
  2740   003DD4                     U2P1L           equ	15828	;# 
  2741   003DD6                     U2P2            equ	15830	;# 
  2742   003DD6                     U2P2L           equ	15830	;# 
  2743   003DD8                     U2P3            equ	15832	;# 
  2744   003DD8                     U2P3L           equ	15832	;# 
  2745   003DDA                     U2CON0          equ	15834	;# 
  2746   003DDB                     U2CON1          equ	15835	;# 
  2747   003DDC                     U2CON2          equ	15836	;# 
  2748   003DDD                     U2BRG           equ	15837	;# 
  2749   003DDD                     U2BRGL          equ	15837	;# 
  2750   003DDE                     U2BRGH          equ	15838	;# 
  2751   003DDF                     U2FIFO          equ	15839	;# 
  2752   003DE0                     U2UIR           equ	15840	;# 
  2753   003DE1                     U2ERRIR         equ	15841	;# 
  2754   003DE2                     U2ERRIE         equ	15842	;# 
  2755   003DE8                     U1RXB           equ	15848	;# 
  2756   003DE8                     U1RXBL          equ	15848	;# 
  2757   003DE9                     U1RXCHK         equ	15849	;# 
  2758   003DEA                     U1TXB           equ	15850	;# 
  2759   003DEA                     U1TXBL          equ	15850	;# 
  2760   003DEB                     U1TXCHK         equ	15851	;# 
  2761   003DEC                     U1P1            equ	15852	;# 
  2762   003DEC                     U1P1L           equ	15852	;# 
  2763   003DED                     U1P1H           equ	15853	;# 
  2764   003DEE                     U1P2            equ	15854	;# 
  2765   003DEE                     U1P2L           equ	15854	;# 
  2766   003DEF                     U1P2H           equ	15855	;# 
  2767   003DF0                     U1P3            equ	15856	;# 
  2768   003DF0                     U1P3L           equ	15856	;# 
  2769   003DF1                     U1P3H           equ	15857	;# 
  2770   003DF2                     U1CON0          equ	15858	;# 
  2771   003DF3                     U1CON1          equ	15859	;# 
  2772   003DF4                     U1CON2          equ	15860	;# 
  2773   003DF5                     U1BRG           equ	15861	;# 
  2774   003DF5                     U1BRGL          equ	15861	;# 
  2775   003DF6                     U1BRGH          equ	15862	;# 
  2776   003DF7                     U1FIFO          equ	15863	;# 
  2777   003DF8                     U1UIR           equ	15864	;# 
  2778   003DF9                     U1ERRIR         equ	15865	;# 
  2779   003DFA                     U1ERRIE         equ	15866	;# 
  2780   003E9C                     DAC1CON1        equ	16028	;# 
  2781   003E9E                     DAC1CON0        equ	16030	;# 
  2782   003EB8                     CM2CON0         equ	16056	;# 
  2783   003EB9                     CM2CON1         equ	16057	;# 
  2784   003EBA                     CM2NCH          equ	16058	;# 
  2785   003EBB                     CM2PCH          equ	16059	;# 
  2786   003EBC                     CM1CON0         equ	16060	;# 
  2787   003EBD                     CM1CON1         equ	16061	;# 
  2788   003EBE                     CM1NCH          equ	16062	;# 
  2789   003EBF                     CM1PCH          equ	16063	;# 
  2790   003EC0                     CMOUT           equ	16064	;# 
  2791   003EC1                     FVRCON          equ	16065	;# 
  2792   003EC3                     ZCDCON          equ	16067	;# 
  2793   003EC9                     HLVDCON0        equ	16073	;# 
  2794   003ECA                     HLVDCON1        equ	16074	;# 
  2795   003ED7                     ADCP            equ	16087	;# 
  2796   003EDE                     ADLTH           equ	16094	;# 
  2797   003EDE                     ADLTHL          equ	16094	;# 
  2798   003EDF                     ADLTHH          equ	16095	;# 
  2799   003EE0                     ADUTH           equ	16096	;# 
  2800   003EE0                     ADUTHL          equ	16096	;# 
  2801   003EE1                     ADUTHH          equ	16097	;# 
  2802   003EE2                     ADERR           equ	16098	;# 
  2803   003EE2                     ADERRL          equ	16098	;# 
  2804   003EE3                     ADERRH          equ	16099	;# 
  2805   003EE4                     ADSTPT          equ	16100	;# 
  2806   003EE4                     ADSTPTL         equ	16100	;# 
  2807   003EE5                     ADSTPTH         equ	16101	;# 
  2808   003EE6                     ADFLTR          equ	16102	;# 
  2809   003EE6                     ADFLTRL         equ	16102	;# 
  2810   003EE7                     ADFLTRH         equ	16103	;# 
  2811   003EE8                     ADACC           equ	16104	;# 
  2812   003EE8                     ADACCL          equ	16104	;# 
  2813   003EE9                     ADACCH          equ	16105	;# 
  2814   003EEA                     ADACCU          equ	16106	;# 
  2815   003EEB                     ADCNT           equ	16107	;# 
  2816   003EEC                     ADRPT           equ	16108	;# 
  2817   003EED                     ADPREV          equ	16109	;# 
  2818   003EED                     ADPREVL         equ	16109	;# 
  2819   003EEE                     ADPREVH         equ	16110	;# 
  2820   003EEF                     ADRES           equ	16111	;# 
  2821   003EEF                     ADRESL          equ	16111	;# 
  2822   003EF0                     ADRESH          equ	16112	;# 
  2823   003EF1                     ADPCH           equ	16113	;# 
  2824   003EF3                     ADACQ           equ	16115	;# 
  2825   003EF3                     ADACQL          equ	16115	;# 
  2826   003EF4                     ADACQH          equ	16116	;# 
  2827   003EF5                     ADCAP           equ	16117	;# 
  2828   003EF6                     ADPRE           equ	16118	;# 
  2829   003EF6                     ADPREL          equ	16118	;# 
  2830   003EF7                     ADPREH          equ	16119	;# 
  2831   003EF8                     ADCON0          equ	16120	;# 
  2832   003EF9                     ADCON1          equ	16121	;# 
  2833   003EFA                     ADCON2          equ	16122	;# 
  2834   003EFB                     ADCON3          equ	16123	;# 
  2835   003EFC                     ADSTAT          equ	16124	;# 
  2836   003EFD                     ADREF           equ	16125	;# 
  2837   003EFE                     ADACT           equ	16126	;# 
  2838   003EFF                     ADCLK           equ	16127	;# 
  2839   003F12                     SMT1TMR         equ	16146	;# 
  2840   003F12                     SMT1TMRL        equ	16146	;# 
  2841   003F13                     SMT1TMRH        equ	16147	;# 
  2842   003F14                     SMT1TMRU        equ	16148	;# 
  2843   003F15                     SMT1CPR         equ	16149	;# 
  2844   003F15                     SMT1CPRL        equ	16149	;# 
  2845   003F16                     SMT1CPRH        equ	16150	;# 
  2846   003F17                     SMT1CPRU        equ	16151	;# 
  2847   003F18                     SMT1CPW         equ	16152	;# 
  2848   003F18                     SMT1CPWL        equ	16152	;# 
  2849   003F19                     SMT1CPWH        equ	16153	;# 
  2850   003F1A                     SMT1CPWU        equ	16154	;# 
  2851   003F1B                     SMT1PR          equ	16155	;# 
  2852   003F1B                     SMT1PRL         equ	16155	;# 
  2853   003F1C                     SMT1PRH         equ	16156	;# 
  2854   003F1D                     SMT1PRU         equ	16157	;# 
  2855   003F1E                     SMT1CON0        equ	16158	;# 
  2856   003F1F                     SMT1CON1        equ	16159	;# 
  2857   003F20                     SMT1STAT        equ	16160	;# 
  2858   003F21                     SMT1CLK         equ	16161	;# 
  2859   003F22                     SMT1SIG         equ	16162	;# 
  2860   003F23                     SMT1WIN         equ	16163	;# 
  2861   003F38                     NCO1ACC         equ	16184	;# 
  2862   003F38                     NCO1ACCL        equ	16184	;# 
  2863   003F39                     NCO1ACCH        equ	16185	;# 
  2864   003F3A                     NCO1ACCU        equ	16186	;# 
  2865   003F3B                     NCO1INC         equ	16187	;# 
  2866   003F3B                     NCO1INCL        equ	16187	;# 
  2867   003F3C                     NCO1INCH        equ	16188	;# 
  2868   003F3D                     NCO1INCU        equ	16189	;# 
  2869   003F3E                     NCO1CON         equ	16190	;# 
  2870   003F3F                     NCO1CLK         equ	16191	;# 
  2871   003F40                     CWG3CLK         equ	16192	;# 
  2872   003F40                     CWG3CLKCON      equ	16192	;# 
  2873   003F41                     CWG3ISM         equ	16193	;# 
  2874   003F41                     CWG3DAT         equ	16193	;# 
  2875   003F42                     CWG3DBR         equ	16194	;# 
  2876   003F43                     CWG3DBF         equ	16195	;# 
  2877   003F44                     CWG3CON0        equ	16196	;# 
  2878   003F45                     CWG3CON1        equ	16197	;# 
  2879   003F46                     CWG3AS0         equ	16198	;# 
  2880   003F47                     CWG3AS1         equ	16199	;# 
  2881   003F48                     CWG3STR         equ	16200	;# 
  2882   003F49                     CWG2CLK         equ	16201	;# 
  2883   003F49                     CWG2CLKCON      equ	16201	;# 
  2884   003F4A                     CWG2ISM         equ	16202	;# 
  2885   003F4A                     CWG2DAT         equ	16202	;# 
  2886   003F4B                     CWG2DBR         equ	16203	;# 
  2887   003F4C                     CWG2DBF         equ	16204	;# 
  2888   003F4D                     CWG2CON0        equ	16205	;# 
  2889   003F4E                     CWG2CON1        equ	16206	;# 
  2890   003F4F                     CWG2AS0         equ	16207	;# 
  2891   003F50                     CWG2AS1         equ	16208	;# 
  2892   003F51                     CWG2STR         equ	16209	;# 
  2893   003F52                     CWG1CLK         equ	16210	;# 
  2894   003F52                     CWG1CLKCON      equ	16210	;# 
  2895   003F53                     CWG1ISM         equ	16211	;# 
  2896   003F53                     CWG1DAT         equ	16211	;# 
  2897   003F54                     CWG1DBR         equ	16212	;# 
  2898   003F55                     CWG1DBF         equ	16213	;# 
  2899   003F56                     CWG1CON0        equ	16214	;# 
  2900   003F57                     CWG1CON1        equ	16215	;# 
  2901   003F58                     CWG1AS0         equ	16216	;# 
  2902   003F59                     CWG1AS1         equ	16217	;# 
  2903   003F5A                     CWG1STR         equ	16218	;# 
  2904   003F5E                     CCPTMRS0        equ	16222	;# 
  2905   003F5F                     CCPTMRS1        equ	16223	;# 
  2906   003F60                     PWM8DC          equ	16224	;# 
  2907   003F60                     PWM8DCL         equ	16224	;# 
  2908   003F61                     PWM8DCH         equ	16225	;# 
  2909   003F62                     PWM8CON         equ	16226	;# 
  2910   003F64                     PWM7DC          equ	16228	;# 
  2911   003F64                     PWM7DCL         equ	16228	;# 
  2912   003F65                     PWM7DCH         equ	16229	;# 
  2913   003F66                     PWM7CON         equ	16230	;# 
  2914   003F68                     PWM6DC          equ	16232	;# 
  2915   003F68                     PWM6DCL         equ	16232	;# 
  2916   003F69                     PWM6DCH         equ	16233	;# 
  2917   003F6A                     PWM6CON         equ	16234	;# 
  2918   003F6C                     PWM5DC          equ	16236	;# 
  2919   003F6C                     PWM5DCL         equ	16236	;# 
  2920   003F6D                     PWM5DCH         equ	16237	;# 
  2921   003F6E                     PWM5CON         equ	16238	;# 
  2922   003F70                     CCPR4           equ	16240	;# 
  2923   003F70                     CCPR4L          equ	16240	;# 
  2924   003F71                     CCPR4H          equ	16241	;# 
  2925   003F72                     CCP4CON         equ	16242	;# 
  2926   003F73                     CCP4CAP         equ	16243	;# 
  2927   003F74                     CCPR3           equ	16244	;# 
  2928   003F74                     CCPR3L          equ	16244	;# 
  2929   003F75                     CCPR3H          equ	16245	;# 
  2930   003F76                     CCP3CON         equ	16246	;# 
  2931   003F77                     CCP3CAP         equ	16247	;# 
  2932   003F78                     CCPR2           equ	16248	;# 
  2933   003F78                     CCPR2L          equ	16248	;# 
  2934   003F79                     CCPR2H          equ	16249	;# 
  2935   003F7A                     CCP2CON         equ	16250	;# 
  2936   003F7B                     CCP2CAP         equ	16251	;# 
  2937   003F7C                     CCPR1           equ	16252	;# 
  2938   003F7C                     CCPR1L          equ	16252	;# 
  2939   003F7D                     CCPR1H          equ	16253	;# 
  2940   003F7E                     CCP1CON         equ	16254	;# 
  2941   003F7F                     CCP1CAP         equ	16255	;# 
  2942   003F92                     T6TMR           equ	16274	;# 
  2943   003F92                     TMR6            equ	16274	;# 
  2944   003F93                     T6PR            equ	16275	;# 
  2945   003F93                     PR6             equ	16275	;# 
  2946   003F94                     T6CON           equ	16276	;# 
  2947   003F95                     T6HLT           equ	16277	;# 
  2948   003F96                     T6CLKCON        equ	16278	;# 
  2949   003F96                     T6CLK           equ	16278	;# 
  2950   003F97                     T6RST           equ	16279	;# 
  2951   003F98                     TMR5            equ	16280	;# 
  2952   003F98                     TMR5L           equ	16280	;# 
  2953   003F99                     TMR5H           equ	16281	;# 
  2954   003F9A                     T5CON           equ	16282	;# 
  2955   003F9A                     TMR5CON         equ	16282	;# 
  2956   003F9B                     T5GCON          equ	16283	;# 
  2957   003F9B                     TMR5GCON        equ	16283	;# 
  2958   003F9C                     T5GATE          equ	16284	;# 
  2959   003F9C                     TMR5GATE        equ	16284	;# 
  2960   003F9D                     T5CLK           equ	16285	;# 
  2961   003F9D                     TMR5CLK         equ	16285	;# 
  2962   003F9D                     PR5             equ	16285	;# 
  2963   003F9E                     T4TMR           equ	16286	;# 
  2964   003F9E                     TMR4            equ	16286	;# 
  2965   003F9F                     T4PR            equ	16287	;# 
  2966   003F9F                     PR4             equ	16287	;# 
  2967   003FA0                     T4CON           equ	16288	;# 
  2968   003FA1                     T4HLT           equ	16289	;# 
  2969   003FA2                     T4CLKCON        equ	16290	;# 
  2970   003FA2                     T4CLK           equ	16290	;# 
  2971   003FA3                     T4RST           equ	16291	;# 
  2972   003FA4                     TMR3            equ	16292	;# 
  2973   003FA4                     TMR3L           equ	16292	;# 
  2974   003FA5                     TMR3H           equ	16293	;# 
  2975   003FA6                     T3CON           equ	16294	;# 
  2976   003FA6                     TMR3CON         equ	16294	;# 
  2977   003FA7                     T3GCON          equ	16295	;# 
  2978   003FA7                     TMR3GCON        equ	16295	;# 
  2979   003FA8                     T3GATE          equ	16296	;# 
  2980   003FA8                     TMR3GATE        equ	16296	;# 
  2981   003FA9                     T3CLK           equ	16297	;# 
  2982   003FA9                     TMR3CLK         equ	16297	;# 
  2983   003FA9                     PR3             equ	16297	;# 
  2984   003FAA                     T2TMR           equ	16298	;# 
  2985   003FAA                     TMR2            equ	16298	;# 
  2986   003FAB                     T2PR            equ	16299	;# 
  2987   003FAB                     PR2             equ	16299	;# 
  2988   003FAC                     T2CON           equ	16300	;# 
  2989   003FAD                     T2HLT           equ	16301	;# 
  2990   003FAE                     T2CLKCON        equ	16302	;# 
  2991   003FAE                     T2CLK           equ	16302	;# 
  2992   003FAF                     T2RST           equ	16303	;# 
  2993   003FB0                     TMR1            equ	16304	;# 
  2994   003FB0                     TMR1L           equ	16304	;# 
  2995   003FB1                     TMR1H           equ	16305	;# 
  2996   003FB2                     T1CON           equ	16306	;# 
  2997   003FB2                     TMR1CON         equ	16306	;# 
  2998   003FB3                     T1GCON          equ	16307	;# 
  2999   003FB3                     TMR1GCON        equ	16307	;# 
  3000   003FB4                     T1GATE          equ	16308	;# 
  3001   003FB4                     TMR1GATE        equ	16308	;# 
  3002   003FB5                     T1CLK           equ	16309	;# 
  3003   003FB5                     TMR1CLK         equ	16309	;# 
  3004   003FB5                     PR1             equ	16309	;# 
  3005   003FB6                     TMR0L           equ	16310	;# 
  3006   003FB6                     TMR0            equ	16310	;# 
  3007   003FB7                     TMR0H           equ	16311	;# 
  3008   003FB7                     PR0             equ	16311	;# 
  3009   003FB8                     T0CON0          equ	16312	;# 
  3010   003FB9                     T0CON1          equ	16313	;# 
  3011   003FBA                     LATA            equ	16314	;# 
  3012   003FBB                     LATB            equ	16315	;# 
  3013   003FBC                     LATC            equ	16316	;# 
  3014   003FBD                     LATD            equ	16317	;# 
  3015   003FBE                     LATE            equ	16318	;# 
  3016   003FC2                     TRISA           equ	16322	;# 
  3017   003FC3                     TRISB           equ	16323	;# 
  3018   003FC4                     TRISC           equ	16324	;# 
  3019   003FC5                     TRISD           equ	16325	;# 
  3020   003FC6                     TRISE           equ	16326	;# 
  3021   003FCA                     PORTA           equ	16330	;# 
  3022   003FCB                     PORTB           equ	16331	;# 
  3023   003FCC                     PORTC           equ	16332	;# 
  3024   003FCD                     PORTD           equ	16333	;# 
  3025   003FCE                     PORTE           equ	16334	;# 
  3026   003FD2                     INTCON0         equ	16338	;# 
  3027   003FD3                     INTCON1         equ	16339	;# 
  3028   003FD4                     IVTLOCK         equ	16340	;# 
  3029   003FD5                     IVTBASE         equ	16341	;# 
  3030   003FD5                     IVTBASEL        equ	16341	;# 
  3031   003FD6                     IVTBASEH        equ	16342	;# 
  3032   003FD7                     IVTBASEU        equ	16343	;# 
  3033   003FD8                     STATUS          equ	16344	;# 
  3034   003FD9                     FSR2            equ	16345	;# 
  3035   003FD9                     FSR2L           equ	16345	;# 
  3036   003FDA                     FSR2H           equ	16346	;# 
  3037   003FDB                     PLUSW2          equ	16347	;# 
  3038   003FDC                     PREINC2         equ	16348	;# 
  3039   003FDD                     POSTDEC2        equ	16349	;# 
  3040   003FDE                     POSTINC2        equ	16350	;# 
  3041   003FDF                     INDF2           equ	16351	;# 
  3042   003FE0                     BSR             equ	16352	;# 
  3043   003FE1                     FSR1            equ	16353	;# 
  3044   003FE1                     FSR1L           equ	16353	;# 
  3045   003FE2                     FSR1H           equ	16354	;# 
  3046   003FE3                     PLUSW1          equ	16355	;# 
  3047   003FE4                     PREINC1         equ	16356	;# 
  3048   003FE5                     POSTDEC1        equ	16357	;# 
  3049   003FE6                     POSTINC1        equ	16358	;# 
  3050   003FE7                     INDF1           equ	16359	;# 
  3051   003FE8                     WREG            equ	16360	;# 
  3052   003FE9                     FSR0            equ	16361	;# 
  3053   003FE9                     FSR0L           equ	16361	;# 
  3054   003FEA                     FSR0H           equ	16362	;# 
  3055   003FEB                     PLUSW0          equ	16363	;# 
  3056   003FEC                     PREINC0         equ	16364	;# 
  3057   003FED                     POSTDEC0        equ	16365	;# 
  3058   003FEE                     POSTINC0        equ	16366	;# 
  3059   003FEF                     INDF0           equ	16367	;# 
  3060   003FF0                     PCON0           equ	16368	;# 
  3061   003FF1                     PCON1           equ	16369	;# 
  3062   003FF3                     PROD            equ	16371	;# 
  3063   003FF3                     PRODL           equ	16371	;# 
  3064   003FF4                     PRODH           equ	16372	;# 
  3065   003FF5                     TABLAT          equ	16373	;# 
  3066   003FF6                     TBLPTR          equ	16374	;# 
  3067   003FF6                     TBLPTRL         equ	16374	;# 
  3068   003FF7                     TBLPTRH         equ	16375	;# 
  3069   003FF8                     TBLPTRU         equ	16376	;# 
  3070   003FF9                     PCLAT           equ	16377	;# 
  3071   003FF9                     PCL             equ	16377	;# 
  3072   003FFA                     PCLATH          equ	16378	;# 
  3073   003FFB                     PCLATU          equ	16379	;# 
  3074   003FFC                     STKPTR          equ	16380	;# 
  3075   003FFD                     TOS             equ	16381	;# 
  3076   003FFD                     TOSL            equ	16381	;# 
  3077   003FFE                     TOSH            equ	16382	;# 
  3078   003FFF                     TOSU            equ	16383	;# 
  3079   003880                     STATUS_CSHAD    equ	14464	;# 
  3080   003881                     WREG_CSHAD      equ	14465	;# 
  3081   003882                     BSR_CSHAD       equ	14466	;# 
  3082   003883                     SHADCON         equ	14467	;# 
  3083   003884                     STATUS_SHAD     equ	14468	;# 
  3084   003885                     WREG_SHAD       equ	14469	;# 
  3085   003886                     BSR_SHAD        equ	14470	;# 
  3086   003887                     PCLATH_SHAD     equ	14471	;# 
  3087   003888                     PCLATU_SHAD     equ	14472	;# 
  3088   003889                     FSR0SH          equ	14473	;# 
  3089   003889                     FSR0L_SHAD      equ	14473	;# 
  3090   00388A                     FSR0H_SHAD      equ	14474	;# 
  3091   00388B                     FSR1SH          equ	14475	;# 
  3092   00388B                     FSR1L_SHAD      equ	14475	;# 
  3093   00388C                     FSR1H_SHAD      equ	14476	;# 
  3094   00388D                     FSR2SH          equ	14477	;# 
  3095   00388D                     FSR2L_SHAD      equ	14477	;# 
  3096   00388E                     FSR2H_SHAD      equ	14478	;# 
  3097   00388F                     PRODSH          equ	14479	;# 
  3098   00388F                     PRODL_SHAD      equ	14479	;# 
  3099   003890                     PRODH_SHAD      equ	14480	;# 
  3100   00389D                     IVTADL          equ	14493	;# 
  3101   00389E                     IVTADH          equ	14494	;# 
  3102   00389F                     IVTADU          equ	14495	;# 
  3103   00395B                     WDTCON0         equ	14683	;# 
  3104   00395C                     WDTCON1         equ	14684	;# 
  3105   00395D                     WDTPSL          equ	14685	;# 
  3106   00395E                     WDTPSH          equ	14686	;# 
  3107   00395F                     WDTTMR          equ	14687	;# 
  3108   003960                     CRCDATA         equ	14688	;# 
  3109   003960                     CRCDATL         equ	14688	;# 
  3110   003961                     CRCDATH         equ	14689	;# 
  3111   003962                     CRCACC          equ	14690	;# 
  3112   003962                     CRCACCL         equ	14690	;# 
  3113   003963                     CRCACCH         equ	14691	;# 
  3114   003964                     CRCSHFT         equ	14692	;# 
  3115   003964                     CRCSHIFTL       equ	14692	;# 
  3116   003965                     CRCSHIFTH       equ	14693	;# 
  3117   003966                     CRCXOR          equ	14694	;# 
  3118   003966                     CRCXORL         equ	14694	;# 
  3119   003967                     CRCXORH         equ	14695	;# 
  3120   003968                     CRCCON0         equ	14696	;# 
  3121   003969                     CRCCON1         equ	14697	;# 
  3122   003976                     SCANLADR        equ	14710	;# 
  3123   003976                     SCANLADRL       equ	14710	;# 
  3124   003977                     SCANLADRH       equ	14711	;# 
  3125   003978                     SCANLADRU       equ	14712	;# 
  3126   003979                     SCANHADR        equ	14713	;# 
  3127   003979                     SCANHADRL       equ	14713	;# 
  3128   00397A                     SCANHADRH       equ	14714	;# 
  3129   00397B                     SCANHADRU       equ	14715	;# 
  3130   00397C                     SCANCON0        equ	14716	;# 
  3131   00397D                     SCANTRIG        equ	14717	;# 
  3132   003980                     IPR0            equ	14720	;# 
  3133   003981                     IPR1            equ	14721	;# 
  3134   003982                     IPR2            equ	14722	;# 
  3135   003983                     IPR3            equ	14723	;# 
  3136   003984                     IPR4            equ	14724	;# 
  3137   003985                     IPR5            equ	14725	;# 
  3138   003986                     IPR6            equ	14726	;# 
  3139   003987                     IPR7            equ	14727	;# 
  3140   003988                     IPR8            equ	14728	;# 
  3141   003989                     IPR9            equ	14729	;# 
  3142   00398A                     IPR10           equ	14730	;# 
  3143   003990                     PIE0            equ	14736	;# 
  3144   003991                     PIE1            equ	14737	;# 
  3145   003992                     PIE2            equ	14738	;# 
  3146   003993                     PIE3            equ	14739	;# 
  3147   003994                     PIE4            equ	14740	;# 
  3148   003995                     PIE5            equ	14741	;# 
  3149   003996                     PIE6            equ	14742	;# 
  3150   003997                     PIE7            equ	14743	;# 
  3151   003998                     PIE8            equ	14744	;# 
  3152   003999                     PIE9            equ	14745	;# 
  3153   00399A                     PIE10           equ	14746	;# 
  3154   0039A0                     PIR0            equ	14752	;# 
  3155   0039A1                     PIR1            equ	14753	;# 
  3156   0039A2                     PIR2            equ	14754	;# 
  3157   0039A3                     PIR3            equ	14755	;# 
  3158   0039A4                     PIR4            equ	14756	;# 
  3159   0039A5                     PIR5            equ	14757	;# 
  3160   0039A6                     PIR6            equ	14758	;# 
  3161   0039A7                     PIR7            equ	14759	;# 
  3162   0039A8                     PIR8            equ	14760	;# 
  3163   0039A9                     PIR9            equ	14761	;# 
  3164   0039AA                     PIR10           equ	14762	;# 
  3165   0039C0                     PMD0            equ	14784	;# 
  3166   0039C1                     PMD1            equ	14785	;# 
  3167   0039C2                     PMD2            equ	14786	;# 
  3168   0039C3                     PMD3            equ	14787	;# 
  3169   0039C4                     PMD4            equ	14788	;# 
  3170   0039C5                     PMD5            equ	14789	;# 
  3171   0039C6                     PMD6            equ	14790	;# 
  3172   0039C7                     PMD7            equ	14791	;# 
  3173   0039D0                     BORCON          equ	14800	;# 
  3174   0039D1                     VREGCON         equ	14801	;# 
  3175   0039D8                     CPUDOZE         equ	14808	;# 
  3176   0039D9                     OSCCON1         equ	14809	;# 
  3177   0039DA                     OSCCON2         equ	14810	;# 
  3178   0039DB                     OSCCON3         equ	14811	;# 
  3179   0039DC                     OSCSTAT         equ	14812	;# 
  3180   0039DC                     OSCSTAT1        equ	14812	;# 
  3181   0039DD                     OSCEN           equ	14813	;# 
  3182   0039DE                     OSCTUNE         equ	14814	;# 
  3183   0039DF                     OSCFRQ          equ	14815	;# 
  3184   0039E0                     NVMADRL         equ	14816	;# 
  3185   0039E1                     NVMADRH         equ	14817	;# 
  3186   0039E3                     NVMDAT          equ	14819	;# 
  3187   0039E5                     NVMCON1         equ	14821	;# 
  3188   0039E6                     NVMCON2         equ	14822	;# 
  3189   0039EF                     PRLOCK          equ	14831	;# 
  3190   0039F1                     ISRPR           equ	14833	;# 
  3191   0039F2                     MAINPR          equ	14834	;# 
  3192   0039F3                     DMA1PR          equ	14835	;# 
  3193   0039F4                     DMA2PR          equ	14836	;# 
  3194   0039F7                     SCANPR          equ	14839	;# 
  3195   003A00                     RA0PPS          equ	14848	;# 
  3196   003A01                     RA1PPS          equ	14849	;# 
  3197   003A02                     RA2PPS          equ	14850	;# 
  3198   003A03                     RA3PPS          equ	14851	;# 
  3199   003A04                     RA4PPS          equ	14852	;# 
  3200   003A05                     RA5PPS          equ	14853	;# 
  3201   003A06                     RA6PPS          equ	14854	;# 
  3202   003A07                     RA7PPS          equ	14855	;# 
  3203   003A08                     RB0PPS          equ	14856	;# 
  3204   003A09                     RB1PPS          equ	14857	;# 
  3205   003A0A                     RB2PPS          equ	14858	;# 
  3206   003A0B                     RB3PPS          equ	14859	;# 
  3207   003A0C                     RB4PPS          equ	14860	;# 
  3208   003A0D                     RB5PPS          equ	14861	;# 
  3209   003A0E                     RB6PPS          equ	14862	;# 
  3210   003A0F                     RB7PPS          equ	14863	;# 
  3211   003A10                     RC0PPS          equ	14864	;# 
  3212   003A11                     RC1PPS          equ	14865	;# 
  3213   003A12                     RC2PPS          equ	14866	;# 
  3214   003A13                     RC3PPS          equ	14867	;# 
  3215   003A14                     RC4PPS          equ	14868	;# 
  3216   003A15                     RC5PPS          equ	14869	;# 
  3217   003A16                     RC6PPS          equ	14870	;# 
  3218   003A17                     RC7PPS          equ	14871	;# 
  3219   003A18                     RD0PPS          equ	14872	;# 
  3220   003A19                     RD1PPS          equ	14873	;# 
  3221   003A1A                     RD2PPS          equ	14874	;# 
  3222   003A1B                     RD3PPS          equ	14875	;# 
  3223   003A1C                     RD4PPS          equ	14876	;# 
  3224   003A1D                     RD5PPS          equ	14877	;# 
  3225   003A1E                     RD6PPS          equ	14878	;# 
  3226   003A1F                     RD7PPS          equ	14879	;# 
  3227   003A20                     RE0PPS          equ	14880	;# 
  3228   003A21                     RE1PPS          equ	14881	;# 
  3229   003A22                     RE2PPS          equ	14882	;# 
  3230   003A40                     ANSELA          equ	14912	;# 
  3231   003A41                     WPUA            equ	14913	;# 
  3232   003A42                     ODCONA          equ	14914	;# 
  3233   003A43                     SLRCONA         equ	14915	;# 
  3234   003A44                     INLVLA          equ	14916	;# 
  3235   003A45                     IOCAP           equ	14917	;# 
  3236   003A46                     IOCAN           equ	14918	;# 
  3237   003A47                     IOCAF           equ	14919	;# 
  3238   003A50                     ANSELB          equ	14928	;# 
  3239   003A51                     WPUB            equ	14929	;# 
  3240   003A52                     ODCONB          equ	14930	;# 
  3241   003A53                     SLRCONB         equ	14931	;# 
  3242   003A54                     INLVLB          equ	14932	;# 
  3243   003A55                     IOCBP           equ	14933	;# 
  3244   003A56                     IOCBN           equ	14934	;# 
  3245   003A57                     IOCBF           equ	14935	;# 
  3246   003A5A                     RB1I2C          equ	14938	;# 
  3247   003A5B                     RB2I2C          equ	14939	;# 
  3248   003A60                     ANSELC          equ	14944	;# 
  3249   003A61                     WPUC            equ	14945	;# 
  3250   003A62                     ODCONC          equ	14946	;# 
  3251   003A63                     SLRCONC         equ	14947	;# 
  3252   003A64                     INLVLC          equ	14948	;# 
  3253   003A65                     IOCCP           equ	14949	;# 
  3254   003A66                     IOCCN           equ	14950	;# 
  3255   003A67                     IOCCF           equ	14951	;# 
  3256   003A6A                     RC3I2C          equ	14954	;# 
  3257   003A6B                     RC4I2C          equ	14955	;# 
  3258   003A70                     ANSELD          equ	14960	;# 
  3259   003A71                     WPUD            equ	14961	;# 
  3260   003A72                     ODCOND          equ	14962	;# 
  3261   003A73                     SLRCOND         equ	14963	;# 
  3262   003A74                     INLVLD          equ	14964	;# 
  3263   003A7A                     RD0I2C          equ	14970	;# 
  3264   003A7B                     RD1I2C          equ	14971	;# 
  3265   003A80                     ANSELE          equ	14976	;# 
  3266   003A81                     WPUE            equ	14977	;# 
  3267   003A82                     ODCONE          equ	14978	;# 
  3268   003A83                     SLRCONE         equ	14979	;# 
  3269   003A84                     INLVLE          equ	14980	;# 
  3270   003A85                     IOCEP           equ	14981	;# 
  3271   003A86                     IOCEN           equ	14982	;# 
  3272   003A87                     IOCEF           equ	14983	;# 
  3273   003ABF                     PPSLOCK         equ	15039	;# 
  3274   003AC0                     INT0PPS         equ	15040	;# 
  3275   003AC1                     INT1PPS         equ	15041	;# 
  3276   003AC2                     INT2PPS         equ	15042	;# 
  3277   003AC3                     T0CKIPPS        equ	15043	;# 
  3278   003AC4                     T1CKIPPS        equ	15044	;# 
  3279   003AC5                     T1GPPS          equ	15045	;# 
  3280   003AC6                     T3CKIPPS        equ	15046	;# 
  3281   003AC7                     T3GPPS          equ	15047	;# 
  3282   003AC8                     T5CKIPPS        equ	15048	;# 
  3283   003AC9                     T5GPPS          equ	15049	;# 
  3284   003ACA                     T2INPPS         equ	15050	;# 
  3285   003ACB                     T4INPPS         equ	15051	;# 
  3286   003ACC                     T6INPPS         equ	15052	;# 
  3287   003ACD                     CCP1PPS         equ	15053	;# 
  3288   003ACE                     CCP2PPS         equ	15054	;# 
  3289   003ACF                     CCP3PPS         equ	15055	;# 
  3290   003AD0                     CCP4PPS         equ	15056	;# 
  3291   003AD1                     SMT1WINPPS      equ	15057	;# 
  3292   003AD2                     SMT1SIGPPS      equ	15058	;# 
  3293   003AD3                     CWG1INPPS       equ	15059	;# 
  3294   003AD4                     CWG2INPPS       equ	15060	;# 
  3295   003AD5                     CWG3INPPS       equ	15061	;# 
  3296   003AD6                     MD1CARLPPS      equ	15062	;# 
  3297   003AD7                     MD1CARHPPS      equ	15063	;# 
  3298   003AD8                     MD1SRCPPS       equ	15064	;# 
  3299   003AD9                     CLCIN0PPS       equ	15065	;# 
  3300   003ADA                     CLCIN1PPS       equ	15066	;# 
  3301   003ADB                     CLCIN2PPS       equ	15067	;# 
  3302   003ADC                     CLCIN3PPS       equ	15068	;# 
  3303   003ADD                     ADACTPPS        equ	15069	;# 
  3304   003ADE                     SPI1SCKPPS      equ	15070	;# 
  3305   003ADF                     SPI1SDIPPS      equ	15071	;# 
  3306   003AE0                     SPI1SSPPS       equ	15072	;# 
  3307   003AE1                     I2C1SCLPPS      equ	15073	;# 
  3308   003AE2                     I2C1SDAPPS      equ	15074	;# 
  3309   003AE3                     I2C2SCLPPS      equ	15075	;# 
  3310   003AE4                     I2C2SDAPPS      equ	15076	;# 
  3311   003AE5                     U1RXPPS         equ	15077	;# 
  3312   003AE6                     U1CTSPPS        equ	15078	;# 
  3313   003AE8                     U2RXPPS         equ	15080	;# 
  3314   003AE9                     U2CTSPPS        equ	15081	;# 
  3315   003BC9                     DMA2BUF         equ	15305	;# 
  3316   003BCA                     DMA2DCNT        equ	15306	;# 
  3317   003BCA                     DMA2DCNTL       equ	15306	;# 
  3318   003BCB                     DMA2DCNTH       equ	15307	;# 
  3319   003BCC                     DMA2DPTR        equ	15308	;# 
  3320   003BCC                     DMA2DPTRL       equ	15308	;# 
  3321   003BCD                     DMA2DPTRH       equ	15309	;# 
  3322   003BCE                     DMA2DSZ         equ	15310	;# 
  3323   003BCE                     DMA2DSZL        equ	15310	;# 
  3324   003BCF                     DMA2DSZH        equ	15311	;# 
  3325   003BD0                     DMA2DSA         equ	15312	;# 
  3326   003BD0                     DMA2DSAL        equ	15312	;# 
  3327   003BD1                     DMA2DSAH        equ	15313	;# 
  3328   003BD2                     DMA2SCNT        equ	15314	;# 
  3329   003BD2                     DMA2SCNTL       equ	15314	;# 
  3330   003BD3                     DMA2SCNTH       equ	15315	;# 
  3331   003BD4                     DMA2SPTR        equ	15316	;# 
  3332   003BD4                     DMA2SPTRL       equ	15316	;# 
  3333   003BD5                     DMA2SPTRH       equ	15317	;# 
  3334   003BD6                     DMA2SPTRU       equ	15318	;# 
  3335   003BD7                     DMA2SSZ         equ	15319	;# 
  3336   003BD7                     DMA2SSZL        equ	15319	;# 
  3337   003BD8                     DMA2SSZH        equ	15320	;# 
  3338   003BD9                     DMA2SSA         equ	15321	;# 
  3339   003BD9                     DMA2SSAL        equ	15321	;# 
  3340   003BDA                     DMA2SSAH        equ	15322	;# 
  3341   003BDB                     DMA2SSAU        equ	15323	;# 
  3342   003BDC                     DMA2CON0        equ	15324	;# 
  3343   003BDD                     DMA2CON1        equ	15325	;# 
  3344   003BDE                     DMA2AIRQ        equ	15326	;# 
  3345   003BDF                     DMA2SIRQ        equ	15327	;# 
  3346   003BE9                     DMA1BUF         equ	15337	;# 
  3347   003BEA                     DMA1DCNT        equ	15338	;# 
  3348   003BEA                     DMA1DCNTL       equ	15338	;# 
  3349   003BEB                     DMA1DCNTH       equ	15339	;# 
  3350   003BEC                     DMA1DPTR        equ	15340	;# 
  3351   003BEC                     DMA1DPTRL       equ	15340	;# 
  3352   003BED                     DMA1DPTRH       equ	15341	;# 
  3353   003BEE                     DMA1DSZ         equ	15342	;# 
  3354   003BEE                     DMA1DSZL        equ	15342	;# 
  3355   003BEF                     DMA1DSZH        equ	15343	;# 
  3356   003BF0                     DMA1DSA         equ	15344	;# 
  3357   003BF0                     DMA1DSAL        equ	15344	;# 
  3358   003BF1                     DMA1DSAH        equ	15345	;# 
  3359   003BF2                     DMA1SCNT        equ	15346	;# 
  3360   003BF2                     DMA1SCNTL       equ	15346	;# 
  3361   003BF3                     DMA1SCNTH       equ	15347	;# 
  3362   003BF4                     DMA1SPTR        equ	15348	;# 
  3363   003BF4                     DMA1SPTRL       equ	15348	;# 
  3364   003BF5                     DMA1SPTRH       equ	15349	;# 
  3365   003BF6                     DMA1SPTRU       equ	15350	;# 
  3366   003BF7                     DMA1SSZ         equ	15351	;# 
  3367   003BF7                     DMA1SSZL        equ	15351	;# 
  3368   003BF8                     DMA1SSZH        equ	15352	;# 
  3369   003BF9                     DMA1SSA         equ	15353	;# 
  3370   003BF9                     DMA1SSAL        equ	15353	;# 
  3371   003BFA                     DMA1SSAH        equ	15354	;# 
  3372   003BFB                     DMA1SSAU        equ	15355	;# 
  3373   003BFC                     DMA1CON0        equ	15356	;# 
  3374   003BFD                     DMA1CON1        equ	15357	;# 
  3375   003BFE                     DMA1AIRQ        equ	15358	;# 
  3376   003BFF                     DMA1SIRQ        equ	15359	;# 
  3377   003C56                     CLC4CON         equ	15446	;# 
  3378   003C57                     CLC4POL         equ	15447	;# 
  3379   003C58                     CLC4SEL0        equ	15448	;# 
  3380   003C59                     CLC4SEL1        equ	15449	;# 
  3381   003C5A                     CLC4SEL2        equ	15450	;# 
  3382   003C5B                     CLC4SEL3        equ	15451	;# 
  3383   003C5C                     CLC4GLS0        equ	15452	;# 
  3384   003C5D                     CLC4GLS1        equ	15453	;# 
  3385   003C5E                     CLC4GLS2        equ	15454	;# 
  3386   003C5F                     CLC4GLS3        equ	15455	;# 
  3387   003C60                     CLC3CON         equ	15456	;# 
  3388   003C61                     CLC3POL         equ	15457	;# 
  3389   003C62                     CLC3SEL0        equ	15458	;# 
  3390   003C63                     CLC3SEL1        equ	15459	;# 
  3391   003C64                     CLC3SEL2        equ	15460	;# 
  3392   003C65                     CLC3SEL3        equ	15461	;# 
  3393   003C66                     CLC3GLS0        equ	15462	;# 
  3394   003C67                     CLC3GLS1        equ	15463	;# 
  3395   003C68                     CLC3GLS2        equ	15464	;# 
  3396   003C69                     CLC3GLS3        equ	15465	;# 
  3397   003C6A                     CLC2CON         equ	15466	;# 
  3398   003C6B                     CLC2POL         equ	15467	;# 
  3399   003C6C                     CLC2SEL0        equ	15468	;# 
  3400   003C6D                     CLC2SEL1        equ	15469	;# 
  3401   003C6E                     CLC2SEL2        equ	15470	;# 
  3402   003C6F                     CLC2SEL3        equ	15471	;# 
  3403   003C70                     CLC2GLS0        equ	15472	;# 
  3404   003C71                     CLC2GLS1        equ	15473	;# 
  3405   003C72                     CLC2GLS2        equ	15474	;# 
  3406   003C73                     CLC2GLS3        equ	15475	;# 
  3407   003C74                     CLC1CON         equ	15476	;# 
  3408   003C75                     CLC1POL         equ	15477	;# 
  3409   003C76                     CLC1SEL0        equ	15478	;# 
  3410   003C77                     CLC1SEL1        equ	15479	;# 
  3411   003C78                     CLC1SEL2        equ	15480	;# 
  3412   003C79                     CLC1SEL3        equ	15481	;# 
  3413   003C7A                     CLC1GLS0        equ	15482	;# 
  3414   003C7B                     CLC1GLS1        equ	15483	;# 
  3415   003C7C                     CLC1GLS2        equ	15484	;# 
  3416   003C7D                     CLC1GLS3        equ	15485	;# 
  3417   003C7E                     CLCDATA0        equ	15486	;# 
  3418   003CE5                     CLKRCON         equ	15589	;# 
  3419   003CE6                     CLKRCLK         equ	15590	;# 
  3420   003CFA                     MD1CON0         equ	15610	;# 
  3421   003CFB                     MD1CON1         equ	15611	;# 
  3422   003CFC                     MD1SRC          equ	15612	;# 
  3423   003CFD                     MD1CARL         equ	15613	;# 
  3424   003CFE                     MD1CARH         equ	15614	;# 
  3425   003D10                     SPI1RXB         equ	15632	;# 
  3426   003D11                     SPI1TXB         equ	15633	;# 
  3427   003D12                     SPI1TCNT        equ	15634	;# 
  3428   003D12                     SPI1TCNTL       equ	15634	;# 
  3429   003D13                     SPI1TCNTH       equ	15635	;# 
  3430   003D14                     SPI1CON0        equ	15636	;# 
  3431   003D15                     SPI1CON1        equ	15637	;# 
  3432   003D16                     SPI1CON2        equ	15638	;# 
  3433   003D17                     SPI1STATUS      equ	15639	;# 
  3434   003D18                     SPI1TWIDTH      equ	15640	;# 
  3435   003D19                     SPI1BAUD        equ	15641	;# 
  3436   003D1A                     SPI1INTF        equ	15642	;# 
  3437   003D1B                     SPI1INTE        equ	15643	;# 
  3438   003D1C                     SPI1CLK         equ	15644	;# 
  3439   003D54                     I2C2RXB         equ	15700	;# 
  3440   003D55                     I2C2TXB         equ	15701	;# 
  3441   003D56                     I2C2CNT         equ	15702	;# 
  3442   003D57                     I2C2ADB0        equ	15703	;# 
  3443   003D58                     I2C2ADB1        equ	15704	;# 
  3444   003D59                     I2C2ADR0        equ	15705	;# 
  3445   003D5A                     I2C2ADR1        equ	15706	;# 
  3446   003D5B                     I2C2ADR2        equ	15707	;# 
  3447   003D5C                     I2C2ADR3        equ	15708	;# 
  3448   003D5D                     I2C2CON0        equ	15709	;# 
  3449   003D5E                     I2C2CON1        equ	15710	;# 
  3450   003D5F                     I2C2CON2        equ	15711	;# 
  3451   003D60                     I2C2ERR         equ	15712	;# 
  3452   003D61                     I2C2STAT0       equ	15713	;# 
  3453   003D62                     I2C2STAT1       equ	15714	;# 
  3454   003D63                     I2C2PIR         equ	15715	;# 
  3455   003D64                     I2C2PIE         equ	15716	;# 
  3456   003D65                     I2C2CLK         equ	15717	;# 
  3457   003D66                     I2C2BTO         equ	15718	;# 
  3458   003D6A                     I2C1RXB         equ	15722	;# 
  3459   003D6B                     I2C1TXB         equ	15723	;# 
  3460   003D6C                     I2C1CNT         equ	15724	;# 
  3461   003D6D                     I2C1ADB0        equ	15725	;# 
  3462   003D6E                     I2C1ADB1        equ	15726	;# 
  3463   003D6F                     I2C1ADR0        equ	15727	;# 
  3464   003D70                     I2C1ADR1        equ	15728	;# 
  3465   003D71                     I2C1ADR2        equ	15729	;# 
  3466   003D72                     I2C1ADR3        equ	15730	;# 
  3467   003D73                     I2C1CON0        equ	15731	;# 
  3468   003D74                     I2C1CON1        equ	15732	;# 
  3469   003D75                     I2C1CON2        equ	15733	;# 
  3470   003D76                     I2C1ERR         equ	15734	;# 
  3471   003D77                     I2C1STAT0       equ	15735	;# 
  3472   003D78                     I2C1STAT1       equ	15736	;# 
  3473   003D79                     I2C1PIR         equ	15737	;# 
  3474   003D7A                     I2C1PIE         equ	15738	;# 
  3475   003D7B                     I2C1CLK         equ	15739	;# 
  3476   003D7C                     I2C1BTO         equ	15740	;# 
  3477   003DD0                     U2RXB           equ	15824	;# 
  3478   003DD0                     U2RXBL          equ	15824	;# 
  3479   003DD2                     U2TXB           equ	15826	;# 
  3480   003DD2                     U2TXBL          equ	15826	;# 
  3481   003DD4                     U2P1            equ	15828	;# 
  3482   003DD4                     U2P1L           equ	15828	;# 
  3483   003DD6                     U2P2            equ	15830	;# 
  3484   003DD6                     U2P2L           equ	15830	;# 
  3485   003DD8                     U2P3            equ	15832	;# 
  3486   003DD8                     U2P3L           equ	15832	;# 
  3487   003DDA                     U2CON0          equ	15834	;# 
  3488   003DDB                     U2CON1          equ	15835	;# 
  3489   003DDC                     U2CON2          equ	15836	;# 
  3490   003DDD                     U2BRG           equ	15837	;# 
  3491   003DDD                     U2BRGL          equ	15837	;# 
  3492   003DDE                     U2BRGH          equ	15838	;# 
  3493   003DDF                     U2FIFO          equ	15839	;# 
  3494   003DE0                     U2UIR           equ	15840	;# 
  3495   003DE1                     U2ERRIR         equ	15841	;# 
  3496   003DE2                     U2ERRIE         equ	15842	;# 
  3497   003DE8                     U1RXB           equ	15848	;# 
  3498   003DE8                     U1RXBL          equ	15848	;# 
  3499   003DE9                     U1RXCHK         equ	15849	;# 
  3500   003DEA                     U1TXB           equ	15850	;# 
  3501   003DEA                     U1TXBL          equ	15850	;# 
  3502   003DEB                     U1TXCHK         equ	15851	;# 
  3503   003DEC                     U1P1            equ	15852	;# 
  3504   003DEC                     U1P1L           equ	15852	;# 
  3505   003DED                     U1P1H           equ	15853	;# 
  3506   003DEE                     U1P2            equ	15854	;# 
  3507   003DEE                     U1P2L           equ	15854	;# 
  3508   003DEF                     U1P2H           equ	15855	;# 
  3509   003DF0                     U1P3            equ	15856	;# 
  3510   003DF0                     U1P3L           equ	15856	;# 
  3511   003DF1                     U1P3H           equ	15857	;# 
  3512   003DF2                     U1CON0          equ	15858	;# 
  3513   003DF3                     U1CON1          equ	15859	;# 
  3514   003DF4                     U1CON2          equ	15860	;# 
  3515   003DF5                     U1BRG           equ	15861	;# 
  3516   003DF5                     U1BRGL          equ	15861	;# 
  3517   003DF6                     U1BRGH          equ	15862	;# 
  3518   003DF7                     U1FIFO          equ	15863	;# 
  3519   003DF8                     U1UIR           equ	15864	;# 
  3520   003DF9                     U1ERRIR         equ	15865	;# 
  3521   003DFA                     U1ERRIE         equ	15866	;# 
  3522   003E9C                     DAC1CON1        equ	16028	;# 
  3523   003E9E                     DAC1CON0        equ	16030	;# 
  3524   003EB8                     CM2CON0         equ	16056	;# 
  3525   003EB9                     CM2CON1         equ	16057	;# 
  3526   003EBA                     CM2NCH          equ	16058	;# 
  3527   003EBB                     CM2PCH          equ	16059	;# 
  3528   003EBC                     CM1CON0         equ	16060	;# 
  3529   003EBD                     CM1CON1         equ	16061	;# 
  3530   003EBE                     CM1NCH          equ	16062	;# 
  3531   003EBF                     CM1PCH          equ	16063	;# 
  3532   003EC0                     CMOUT           equ	16064	;# 
  3533   003EC1                     FVRCON          equ	16065	;# 
  3534   003EC3                     ZCDCON          equ	16067	;# 
  3535   003EC9                     HLVDCON0        equ	16073	;# 
  3536   003ECA                     HLVDCON1        equ	16074	;# 
  3537   003ED7                     ADCP            equ	16087	;# 
  3538   003EDE                     ADLTH           equ	16094	;# 
  3539   003EDE                     ADLTHL          equ	16094	;# 
  3540   003EDF                     ADLTHH          equ	16095	;# 
  3541   003EE0                     ADUTH           equ	16096	;# 
  3542   003EE0                     ADUTHL          equ	16096	;# 
  3543   003EE1                     ADUTHH          equ	16097	;# 
  3544   003EE2                     ADERR           equ	16098	;# 
  3545   003EE2                     ADERRL          equ	16098	;# 
  3546   003EE3                     ADERRH          equ	16099	;# 
  3547   003EE4                     ADSTPT          equ	16100	;# 
  3548   003EE4                     ADSTPTL         equ	16100	;# 
  3549   003EE5                     ADSTPTH         equ	16101	;# 
  3550   003EE6                     ADFLTR          equ	16102	;# 
  3551   003EE6                     ADFLTRL         equ	16102	;# 
  3552   003EE7                     ADFLTRH         equ	16103	;# 
  3553   003EE8                     ADACC           equ	16104	;# 
  3554   003EE8                     ADACCL          equ	16104	;# 
  3555   003EE9                     ADACCH          equ	16105	;# 
  3556   003EEA                     ADACCU          equ	16106	;# 
  3557   003EEB                     ADCNT           equ	16107	;# 
  3558   003EEC                     ADRPT           equ	16108	;# 
  3559   003EED                     ADPREV          equ	16109	;# 
  3560   003EED                     ADPREVL         equ	16109	;# 
  3561   003EEE                     ADPREVH         equ	16110	;# 
  3562   003EEF                     ADRES           equ	16111	;# 
  3563   003EEF                     ADRESL          equ	16111	;# 
  3564   003EF0                     ADRESH          equ	16112	;# 
  3565   003EF1                     ADPCH           equ	16113	;# 
  3566   003EF3                     ADACQ           equ	16115	;# 
  3567   003EF3                     ADACQL          equ	16115	;# 
  3568   003EF4                     ADACQH          equ	16116	;# 
  3569   003EF5                     ADCAP           equ	16117	;# 
  3570   003EF6                     ADPRE           equ	16118	;# 
  3571   003EF6                     ADPREL          equ	16118	;# 
  3572   003EF7                     ADPREH          equ	16119	;# 
  3573   003EF8                     ADCON0          equ	16120	;# 
  3574   003EF9                     ADCON1          equ	16121	;# 
  3575   003EFA                     ADCON2          equ	16122	;# 
  3576   003EFB                     ADCON3          equ	16123	;# 
  3577   003EFC                     ADSTAT          equ	16124	;# 
  3578   003EFD                     ADREF           equ	16125	;# 
  3579   003EFE                     ADACT           equ	16126	;# 
  3580   003EFF                     ADCLK           equ	16127	;# 
  3581   003F12                     SMT1TMR         equ	16146	;# 
  3582   003F12                     SMT1TMRL        equ	16146	;# 
  3583   003F13                     SMT1TMRH        equ	16147	;# 
  3584   003F14                     SMT1TMRU        equ	16148	;# 
  3585   003F15                     SMT1CPR         equ	16149	;# 
  3586   003F15                     SMT1CPRL        equ	16149	;# 
  3587   003F16                     SMT1CPRH        equ	16150	;# 
  3588   003F17                     SMT1CPRU        equ	16151	;# 
  3589   003F18                     SMT1CPW         equ	16152	;# 
  3590   003F18                     SMT1CPWL        equ	16152	;# 
  3591   003F19                     SMT1CPWH        equ	16153	;# 
  3592   003F1A                     SMT1CPWU        equ	16154	;# 
  3593   003F1B                     SMT1PR          equ	16155	;# 
  3594   003F1B                     SMT1PRL         equ	16155	;# 
  3595   003F1C                     SMT1PRH         equ	16156	;# 
  3596   003F1D                     SMT1PRU         equ	16157	;# 
  3597   003F1E                     SMT1CON0        equ	16158	;# 
  3598   003F1F                     SMT1CON1        equ	16159	;# 
  3599   003F20                     SMT1STAT        equ	16160	;# 
  3600   003F21                     SMT1CLK         equ	16161	;# 
  3601   003F22                     SMT1SIG         equ	16162	;# 
  3602   003F23                     SMT1WIN         equ	16163	;# 
  3603   003F38                     NCO1ACC         equ	16184	;# 
  3604   003F38                     NCO1ACCL        equ	16184	;# 
  3605   003F39                     NCO1ACCH        equ	16185	;# 
  3606   003F3A                     NCO1ACCU        equ	16186	;# 
  3607   003F3B                     NCO1INC         equ	16187	;# 
  3608   003F3B                     NCO1INCL        equ	16187	;# 
  3609   003F3C                     NCO1INCH        equ	16188	;# 
  3610   003F3D                     NCO1INCU        equ	16189	;# 
  3611   003F3E                     NCO1CON         equ	16190	;# 
  3612   003F3F                     NCO1CLK         equ	16191	;# 
  3613   003F40                     CWG3CLK         equ	16192	;# 
  3614   003F40                     CWG3CLKCON      equ	16192	;# 
  3615   003F41                     CWG3ISM         equ	16193	;# 
  3616   003F41                     CWG3DAT         equ	16193	;# 
  3617   003F42                     CWG3DBR         equ	16194	;# 
  3618   003F43                     CWG3DBF         equ	16195	;# 
  3619   003F44                     CWG3CON0        equ	16196	;# 
  3620   003F45                     CWG3CON1        equ	16197	;# 
  3621   003F46                     CWG3AS0         equ	16198	;# 
  3622   003F47                     CWG3AS1         equ	16199	;# 
  3623   003F48                     CWG3STR         equ	16200	;# 
  3624   003F49                     CWG2CLK         equ	16201	;# 
  3625   003F49                     CWG2CLKCON      equ	16201	;# 
  3626   003F4A                     CWG2ISM         equ	16202	;# 
  3627   003F4A                     CWG2DAT         equ	16202	;# 
  3628   003F4B                     CWG2DBR         equ	16203	;# 
  3629   003F4C                     CWG2DBF         equ	16204	;# 
  3630   003F4D                     CWG2CON0        equ	16205	;# 
  3631   003F4E                     CWG2CON1        equ	16206	;# 
  3632   003F4F                     CWG2AS0         equ	16207	;# 
  3633   003F50                     CWG2AS1         equ	16208	;# 
  3634   003F51                     CWG2STR         equ	16209	;# 
  3635   003F52                     CWG1CLK         equ	16210	;# 
  3636   003F52                     CWG1CLKCON      equ	16210	;# 
  3637   003F53                     CWG1ISM         equ	16211	;# 
  3638   003F53                     CWG1DAT         equ	16211	;# 
  3639   003F54                     CWG1DBR         equ	16212	;# 
  3640   003F55                     CWG1DBF         equ	16213	;# 
  3641   003F56                     CWG1CON0        equ	16214	;# 
  3642   003F57                     CWG1CON1        equ	16215	;# 
  3643   003F58                     CWG1AS0         equ	16216	;# 
  3644   003F59                     CWG1AS1         equ	16217	;# 
  3645   003F5A                     CWG1STR         equ	16218	;# 
  3646   003F5E                     CCPTMRS0        equ	16222	;# 
  3647   003F5F                     CCPTMRS1        equ	16223	;# 
  3648   003F60                     PWM8DC          equ	16224	;# 
  3649   003F60                     PWM8DCL         equ	16224	;# 
  3650   003F61                     PWM8DCH         equ	16225	;# 
  3651   003F62                     PWM8CON         equ	16226	;# 
  3652   003F64                     PWM7DC          equ	16228	;# 
  3653   003F64                     PWM7DCL         equ	16228	;# 
  3654   003F65                     PWM7DCH         equ	16229	;# 
  3655   003F66                     PWM7CON         equ	16230	;# 
  3656   003F68                     PWM6DC          equ	16232	;# 
  3657   003F68                     PWM6DCL         equ	16232	;# 
  3658   003F69                     PWM6DCH         equ	16233	;# 
  3659   003F6A                     PWM6CON         equ	16234	;# 
  3660   003F6C                     PWM5DC          equ	16236	;# 
  3661   003F6C                     PWM5DCL         equ	16236	;# 
  3662   003F6D                     PWM5DCH         equ	16237	;# 
  3663   003F6E                     PWM5CON         equ	16238	;# 
  3664   003F70                     CCPR4           equ	16240	;# 
  3665   003F70                     CCPR4L          equ	16240	;# 
  3666   003F71                     CCPR4H          equ	16241	;# 
  3667   003F72                     CCP4CON         equ	16242	;# 
  3668   003F73                     CCP4CAP         equ	16243	;# 
  3669   003F74                     CCPR3           equ	16244	;# 
  3670   003F74                     CCPR3L          equ	16244	;# 
  3671   003F75                     CCPR3H          equ	16245	;# 
  3672   003F76                     CCP3CON         equ	16246	;# 
  3673   003F77                     CCP3CAP         equ	16247	;# 
  3674   003F78                     CCPR2           equ	16248	;# 
  3675   003F78                     CCPR2L          equ	16248	;# 
  3676   003F79                     CCPR2H          equ	16249	;# 
  3677   003F7A                     CCP2CON         equ	16250	;# 
  3678   003F7B                     CCP2CAP         equ	16251	;# 
  3679   003F7C                     CCPR1           equ	16252	;# 
  3680   003F7C                     CCPR1L          equ	16252	;# 
  3681   003F7D                     CCPR1H          equ	16253	;# 
  3682   003F7E                     CCP1CON         equ	16254	;# 
  3683   003F7F                     CCP1CAP         equ	16255	;# 
  3684   003F92                     T6TMR           equ	16274	;# 
  3685   003F92                     TMR6            equ	16274	;# 
  3686   003F93                     T6PR            equ	16275	;# 
  3687   003F93                     PR6             equ	16275	;# 
  3688   003F94                     T6CON           equ	16276	;# 
  3689   003F95                     T6HLT           equ	16277	;# 
  3690   003F96                     T6CLKCON        equ	16278	;# 
  3691   003F96                     T6CLK           equ	16278	;# 
  3692   003F97                     T6RST           equ	16279	;# 
  3693   003F98                     TMR5            equ	16280	;# 
  3694   003F98                     TMR5L           equ	16280	;# 
  3695   003F99                     TMR5H           equ	16281	;# 
  3696   003F9A                     T5CON           equ	16282	;# 
  3697   003F9A                     TMR5CON         equ	16282	;# 
  3698   003F9B                     T5GCON          equ	16283	;# 
  3699   003F9B                     TMR5GCON        equ	16283	;# 
  3700   003F9C                     T5GATE          equ	16284	;# 
  3701   003F9C                     TMR5GATE        equ	16284	;# 
  3702   003F9D                     T5CLK           equ	16285	;# 
  3703   003F9D                     TMR5CLK         equ	16285	;# 
  3704   003F9D                     PR5             equ	16285	;# 
  3705   003F9E                     T4TMR           equ	16286	;# 
  3706   003F9E                     TMR4            equ	16286	;# 
  3707   003F9F                     T4PR            equ	16287	;# 
  3708   003F9F                     PR4             equ	16287	;# 
  3709   003FA0                     T4CON           equ	16288	;# 
  3710   003FA1                     T4HLT           equ	16289	;# 
  3711   003FA2                     T4CLKCON        equ	16290	;# 
  3712   003FA2                     T4CLK           equ	16290	;# 
  3713   003FA3                     T4RST           equ	16291	;# 
  3714   003FA4                     TMR3            equ	16292	;# 
  3715   003FA4                     TMR3L           equ	16292	;# 
  3716   003FA5                     TMR3H           equ	16293	;# 
  3717   003FA6                     T3CON           equ	16294	;# 
  3718   003FA6                     TMR3CON         equ	16294	;# 
  3719   003FA7                     T3GCON          equ	16295	;# 
  3720   003FA7                     TMR3GCON        equ	16295	;# 
  3721   003FA8                     T3GATE          equ	16296	;# 
  3722   003FA8                     TMR3GATE        equ	16296	;# 
  3723   003FA9                     T3CLK           equ	16297	;# 
  3724   003FA9                     TMR3CLK         equ	16297	;# 
  3725   003FA9                     PR3             equ	16297	;# 
  3726   003FAA                     T2TMR           equ	16298	;# 
  3727   003FAA                     TMR2            equ	16298	;# 
  3728   003FAB                     T2PR            equ	16299	;# 
  3729   003FAB                     PR2             equ	16299	;# 
  3730   003FAC                     T2CON           equ	16300	;# 
  3731   003FAD                     T2HLT           equ	16301	;# 
  3732   003FAE                     T2CLKCON        equ	16302	;# 
  3733   003FAE                     T2CLK           equ	16302	;# 
  3734   003FAF                     T2RST           equ	16303	;# 
  3735   003FB0                     TMR1            equ	16304	;# 
  3736   003FB0                     TMR1L           equ	16304	;# 
  3737   003FB1                     TMR1H           equ	16305	;# 
  3738   003FB2                     T1CON           equ	16306	;# 
  3739   003FB2                     TMR1CON         equ	16306	;# 
  3740   003FB3                     T1GCON          equ	16307	;# 
  3741   003FB3                     TMR1GCON        equ	16307	;# 
  3742   003FB4                     T1GATE          equ	16308	;# 
  3743   003FB4                     TMR1GATE        equ	16308	;# 
  3744   003FB5                     T1CLK           equ	16309	;# 
  3745   003FB5                     TMR1CLK         equ	16309	;# 
  3746   003FB5                     PR1             equ	16309	;# 
  3747   003FB6                     TMR0L           equ	16310	;# 
  3748   003FB6                     TMR0            equ	16310	;# 
  3749   003FB7                     TMR0H           equ	16311	;# 
  3750   003FB7                     PR0             equ	16311	;# 
  3751   003FB8                     T0CON0          equ	16312	;# 
  3752   003FB9                     T0CON1          equ	16313	;# 
  3753   003FBA                     LATA            equ	16314	;# 
  3754   003FBB                     LATB            equ	16315	;# 
  3755   003FBC                     LATC            equ	16316	;# 
  3756   003FBD                     LATD            equ	16317	;# 
  3757   003FBE                     LATE            equ	16318	;# 
  3758   003FC2                     TRISA           equ	16322	;# 
  3759   003FC3                     TRISB           equ	16323	;# 
  3760   003FC4                     TRISC           equ	16324	;# 
  3761   003FC5                     TRISD           equ	16325	;# 
  3762   003FC6                     TRISE           equ	16326	;# 
  3763   003FCA                     PORTA           equ	16330	;# 
  3764   003FCB                     PORTB           equ	16331	;# 
  3765   003FCC                     PORTC           equ	16332	;# 
  3766   003FCD                     PORTD           equ	16333	;# 
  3767   003FCE                     PORTE           equ	16334	;# 
  3768   003FD2                     INTCON0         equ	16338	;# 
  3769   003FD3                     INTCON1         equ	16339	;# 
  3770   003FD4                     IVTLOCK         equ	16340	;# 
  3771   003FD5                     IVTBASE         equ	16341	;# 
  3772   003FD5                     IVTBASEL        equ	16341	;# 
  3773   003FD6                     IVTBASEH        equ	16342	;# 
  3774   003FD7                     IVTBASEU        equ	16343	;# 
  3775   003FD8                     STATUS          equ	16344	;# 
  3776   003FD9                     FSR2            equ	16345	;# 
  3777   003FD9                     FSR2L           equ	16345	;# 
  3778   003FDA                     FSR2H           equ	16346	;# 
  3779   003FDB                     PLUSW2          equ	16347	;# 
  3780   003FDC                     PREINC2         equ	16348	;# 
  3781   003FDD                     POSTDEC2        equ	16349	;# 
  3782   003FDE                     POSTINC2        equ	16350	;# 
  3783   003FDF                     INDF2           equ	16351	;# 
  3784   003FE0                     BSR             equ	16352	;# 
  3785   003FE1                     FSR1            equ	16353	;# 
  3786   003FE1                     FSR1L           equ	16353	;# 
  3787   003FE2                     FSR1H           equ	16354	;# 
  3788   003FE3                     PLUSW1          equ	16355	;# 
  3789   003FE4                     PREINC1         equ	16356	;# 
  3790   003FE5                     POSTDEC1        equ	16357	;# 
  3791   003FE6                     POSTINC1        equ	16358	;# 
  3792   003FE7                     INDF1           equ	16359	;# 
  3793   003FE8                     WREG            equ	16360	;# 
  3794   003FE9                     FSR0            equ	16361	;# 
  3795   003FE9                     FSR0L           equ	16361	;# 
  3796   003FEA                     FSR0H           equ	16362	;# 
  3797   003FEB                     PLUSW0          equ	16363	;# 
  3798   003FEC                     PREINC0         equ	16364	;# 
  3799   003FED                     POSTDEC0        equ	16365	;# 
  3800   003FEE                     POSTINC0        equ	16366	;# 
  3801   003FEF                     INDF0           equ	16367	;# 
  3802   003FF0                     PCON0           equ	16368	;# 
  3803   003FF1                     PCON1           equ	16369	;# 
  3804   003FF3                     PROD            equ	16371	;# 
  3805   003FF3                     PRODL           equ	16371	;# 
  3806   003FF4                     PRODH           equ	16372	;# 
  3807   003FF5                     TABLAT          equ	16373	;# 
  3808   003FF6                     TBLPTR          equ	16374	;# 
  3809   003FF6                     TBLPTRL         equ	16374	;# 
  3810   003FF7                     TBLPTRH         equ	16375	;# 
  3811   003FF8                     TBLPTRU         equ	16376	;# 
  3812   003FF9                     PCLAT           equ	16377	;# 
  3813   003FF9                     PCL             equ	16377	;# 
  3814   003FFA                     PCLATH          equ	16378	;# 
  3815   003FFB                     PCLATU          equ	16379	;# 
  3816   003FFC                     STKPTR          equ	16380	;# 
  3817   003FFD                     TOS             equ	16381	;# 
  3818   003FFD                     TOSL            equ	16381	;# 
  3819   003FFE                     TOSH            equ	16382	;# 
  3820   003FFF                     TOSU            equ	16383	;# 
  3821   003880                     STATUS_CSHAD    equ	14464	;# 
  3822   003881                     WREG_CSHAD      equ	14465	;# 
  3823   003882                     BSR_CSHAD       equ	14466	;# 
  3824   003883                     SHADCON         equ	14467	;# 
  3825   003884                     STATUS_SHAD     equ	14468	;# 
  3826   003885                     WREG_SHAD       equ	14469	;# 
  3827   003886                     BSR_SHAD        equ	14470	;# 
  3828   003887                     PCLATH_SHAD     equ	14471	;# 
  3829   003888                     PCLATU_SHAD     equ	14472	;# 
  3830   003889                     FSR0SH          equ	14473	;# 
  3831   003889                     FSR0L_SHAD      equ	14473	;# 
  3832   00388A                     FSR0H_SHAD      equ	14474	;# 
  3833   00388B                     FSR1SH          equ	14475	;# 
  3834   00388B                     FSR1L_SHAD      equ	14475	;# 
  3835   00388C                     FSR1H_SHAD      equ	14476	;# 
  3836   00388D                     FSR2SH          equ	14477	;# 
  3837   00388D                     FSR2L_SHAD      equ	14477	;# 
  3838   00388E                     FSR2H_SHAD      equ	14478	;# 
  3839   00388F                     PRODSH          equ	14479	;# 
  3840   00388F                     PRODL_SHAD      equ	14479	;# 
  3841   003890                     PRODH_SHAD      equ	14480	;# 
  3842   00389D                     IVTADL          equ	14493	;# 
  3843   00389E                     IVTADH          equ	14494	;# 
  3844   00389F                     IVTADU          equ	14495	;# 
  3845   00395B                     WDTCON0         equ	14683	;# 
  3846   00395C                     WDTCON1         equ	14684	;# 
  3847   00395D                     WDTPSL          equ	14685	;# 
  3848   00395E                     WDTPSH          equ	14686	;# 
  3849   00395F                     WDTTMR          equ	14687	;# 
  3850   003960                     CRCDATA         equ	14688	;# 
  3851   003960                     CRCDATL         equ	14688	;# 
  3852   003961                     CRCDATH         equ	14689	;# 
  3853   003962                     CRCACC          equ	14690	;# 
  3854   003962                     CRCACCL         equ	14690	;# 
  3855   003963                     CRCACCH         equ	14691	;# 
  3856   003964                     CRCSHFT         equ	14692	;# 
  3857   003964                     CRCSHIFTL       equ	14692	;# 
  3858   003965                     CRCSHIFTH       equ	14693	;# 
  3859   003966                     CRCXOR          equ	14694	;# 
  3860   003966                     CRCXORL         equ	14694	;# 
  3861   003967                     CRCXORH         equ	14695	;# 
  3862   003968                     CRCCON0         equ	14696	;# 
  3863   003969                     CRCCON1         equ	14697	;# 
  3864   003976                     SCANLADR        equ	14710	;# 
  3865   003976                     SCANLADRL       equ	14710	;# 
  3866   003977                     SCANLADRH       equ	14711	;# 
  3867   003978                     SCANLADRU       equ	14712	;# 
  3868   003979                     SCANHADR        equ	14713	;# 
  3869   003979                     SCANHADRL       equ	14713	;# 
  3870   00397A                     SCANHADRH       equ	14714	;# 
  3871   00397B                     SCANHADRU       equ	14715	;# 
  3872   00397C                     SCANCON0        equ	14716	;# 
  3873   00397D                     SCANTRIG        equ	14717	;# 
  3874   003980                     IPR0            equ	14720	;# 
  3875   003981                     IPR1            equ	14721	;# 
  3876   003982                     IPR2            equ	14722	;# 
  3877   003983                     IPR3            equ	14723	;# 
  3878   003984                     IPR4            equ	14724	;# 
  3879   003985                     IPR5            equ	14725	;# 
  3880   003986                     IPR6            equ	14726	;# 
  3881   003987                     IPR7            equ	14727	;# 
  3882   003988                     IPR8            equ	14728	;# 
  3883   003989                     IPR9            equ	14729	;# 
  3884   00398A                     IPR10           equ	14730	;# 
  3885   003990                     PIE0            equ	14736	;# 
  3886   003991                     PIE1            equ	14737	;# 
  3887   003992                     PIE2            equ	14738	;# 
  3888   003993                     PIE3            equ	14739	;# 
  3889   003994                     PIE4            equ	14740	;# 
  3890   003995                     PIE5            equ	14741	;# 
  3891   003996                     PIE6            equ	14742	;# 
  3892   003997                     PIE7            equ	14743	;# 
  3893   003998                     PIE8            equ	14744	;# 
  3894   003999                     PIE9            equ	14745	;# 
  3895   00399A                     PIE10           equ	14746	;# 
  3896   0039A0                     PIR0            equ	14752	;# 
  3897   0039A1                     PIR1            equ	14753	;# 
  3898   0039A2                     PIR2            equ	14754	;# 
  3899   0039A3                     PIR3            equ	14755	;# 
  3900   0039A4                     PIR4            equ	14756	;# 
  3901   0039A5                     PIR5            equ	14757	;# 
  3902   0039A6                     PIR6            equ	14758	;# 
  3903   0039A7                     PIR7            equ	14759	;# 
  3904   0039A8                     PIR8            equ	14760	;# 
  3905   0039A9                     PIR9            equ	14761	;# 
  3906   0039AA                     PIR10           equ	14762	;# 
  3907   0039C0                     PMD0            equ	14784	;# 
  3908   0039C1                     PMD1            equ	14785	;# 
  3909   0039C2                     PMD2            equ	14786	;# 
  3910   0039C3                     PMD3            equ	14787	;# 
  3911   0039C4                     PMD4            equ	14788	;# 
  3912   0039C5                     PMD5            equ	14789	;# 
  3913   0039C6                     PMD6            equ	14790	;# 
  3914   0039C7                     PMD7            equ	14791	;# 
  3915   0039D0                     BORCON          equ	14800	;# 
  3916   0039D1                     VREGCON         equ	14801	;# 
  3917   0039D8                     CPUDOZE         equ	14808	;# 
  3918   0039D9                     OSCCON1         equ	14809	;# 
  3919   0039DA                     OSCCON2         equ	14810	;# 
  3920   0039DB                     OSCCON3         equ	14811	;# 
  3921   0039DC                     OSCSTAT         equ	14812	;# 
  3922   0039DC                     OSCSTAT1        equ	14812	;# 
  3923   0039DD                     OSCEN           equ	14813	;# 
  3924   0039DE                     OSCTUNE         equ	14814	;# 
  3925   0039DF                     OSCFRQ          equ	14815	;# 
  3926   0039E0                     NVMADRL         equ	14816	;# 
  3927   0039E1                     NVMADRH         equ	14817	;# 
  3928   0039E3                     NVMDAT          equ	14819	;# 
  3929   0039E5                     NVMCON1         equ	14821	;# 
  3930   0039E6                     NVMCON2         equ	14822	;# 
  3931   0039EF                     PRLOCK          equ	14831	;# 
  3932   0039F1                     ISRPR           equ	14833	;# 
  3933   0039F2                     MAINPR          equ	14834	;# 
  3934   0039F3                     DMA1PR          equ	14835	;# 
  3935   0039F4                     DMA2PR          equ	14836	;# 
  3936   0039F7                     SCANPR          equ	14839	;# 
  3937   003A00                     RA0PPS          equ	14848	;# 
  3938   003A01                     RA1PPS          equ	14849	;# 
  3939   003A02                     RA2PPS          equ	14850	;# 
  3940   003A03                     RA3PPS          equ	14851	;# 
  3941   003A04                     RA4PPS          equ	14852	;# 
  3942   003A05                     RA5PPS          equ	14853	;# 
  3943   003A06                     RA6PPS          equ	14854	;# 
  3944   003A07                     RA7PPS          equ	14855	;# 
  3945   003A08                     RB0PPS          equ	14856	;# 
  3946   003A09                     RB1PPS          equ	14857	;# 
  3947   003A0A                     RB2PPS          equ	14858	;# 
  3948   003A0B                     RB3PPS          equ	14859	;# 
  3949   003A0C                     RB4PPS          equ	14860	;# 
  3950   003A0D                     RB5PPS          equ	14861	;# 
  3951   003A0E                     RB6PPS          equ	14862	;# 
  3952   003A0F                     RB7PPS          equ	14863	;# 
  3953   003A10                     RC0PPS          equ	14864	;# 
  3954   003A11                     RC1PPS          equ	14865	;# 
  3955   003A12                     RC2PPS          equ	14866	;# 
  3956   003A13                     RC3PPS          equ	14867	;# 
  3957   003A14                     RC4PPS          equ	14868	;# 
  3958   003A15                     RC5PPS          equ	14869	;# 
  3959   003A16                     RC6PPS          equ	14870	;# 
  3960   003A17                     RC7PPS          equ	14871	;# 
  3961   003A18                     RD0PPS          equ	14872	;# 
  3962   003A19                     RD1PPS          equ	14873	;# 
  3963   003A1A                     RD2PPS          equ	14874	;# 
  3964   003A1B                     RD3PPS          equ	14875	;# 
  3965   003A1C                     RD4PPS          equ	14876	;# 
  3966   003A1D                     RD5PPS          equ	14877	;# 
  3967   003A1E                     RD6PPS          equ	14878	;# 
  3968   003A1F                     RD7PPS          equ	14879	;# 
  3969   003A20                     RE0PPS          equ	14880	;# 
  3970   003A21                     RE1PPS          equ	14881	;# 
  3971   003A22                     RE2PPS          equ	14882	;# 
  3972   003A40                     ANSELA          equ	14912	;# 
  3973   003A41                     WPUA            equ	14913	;# 
  3974   003A42                     ODCONA          equ	14914	;# 
  3975   003A43                     SLRCONA         equ	14915	;# 
  3976   003A44                     INLVLA          equ	14916	;# 
  3977   003A45                     IOCAP           equ	14917	;# 
  3978   003A46                     IOCAN           equ	14918	;# 
  3979   003A47                     IOCAF           equ	14919	;# 
  3980   003A50                     ANSELB          equ	14928	;# 
  3981   003A51                     WPUB            equ	14929	;# 
  3982   003A52                     ODCONB          equ	14930	;# 
  3983   003A53                     SLRCONB         equ	14931	;# 
  3984   003A54                     INLVLB          equ	14932	;# 
  3985   003A55                     IOCBP           equ	14933	;# 
  3986   003A56                     IOCBN           equ	14934	;# 
  3987   003A57                     IOCBF           equ	14935	;# 
  3988   003A5A                     RB1I2C          equ	14938	;# 
  3989   003A5B                     RB2I2C          equ	14939	;# 
  3990   003A60                     ANSELC          equ	14944	;# 
  3991   003A61                     WPUC            equ	14945	;# 
  3992   003A62                     ODCONC          equ	14946	;# 
  3993   003A63                     SLRCONC         equ	14947	;# 
  3994   003A64                     INLVLC          equ	14948	;# 
  3995   003A65                     IOCCP           equ	14949	;# 
  3996   003A66                     IOCCN           equ	14950	;# 
  3997   003A67                     IOCCF           equ	14951	;# 
  3998   003A6A                     RC3I2C          equ	14954	;# 
  3999   003A6B                     RC4I2C          equ	14955	;# 
  4000   003A70                     ANSELD          equ	14960	;# 
  4001   003A71                     WPUD            equ	14961	;# 
  4002   003A72                     ODCOND          equ	14962	;# 
  4003   003A73                     SLRCOND         equ	14963	;# 
  4004   003A74                     INLVLD          equ	14964	;# 
  4005   003A7A                     RD0I2C          equ	14970	;# 
  4006   003A7B                     RD1I2C          equ	14971	;# 
  4007   003A80                     ANSELE          equ	14976	;# 
  4008   003A81                     WPUE            equ	14977	;# 
  4009   003A82                     ODCONE          equ	14978	;# 
  4010   003A83                     SLRCONE         equ	14979	;# 
  4011   003A84                     INLVLE          equ	14980	;# 
  4012   003A85                     IOCEP           equ	14981	;# 
  4013   003A86                     IOCEN           equ	14982	;# 
  4014   003A87                     IOCEF           equ	14983	;# 
  4015   003ABF                     PPSLOCK         equ	15039	;# 
  4016   003AC0                     INT0PPS         equ	15040	;# 
  4017   003AC1                     INT1PPS         equ	15041	;# 
  4018   003AC2                     INT2PPS         equ	15042	;# 
  4019   003AC3                     T0CKIPPS        equ	15043	;# 
  4020   003AC4                     T1CKIPPS        equ	15044	;# 
  4021   003AC5                     T1GPPS          equ	15045	;# 
  4022   003AC6                     T3CKIPPS        equ	15046	;# 
  4023   003AC7                     T3GPPS          equ	15047	;# 
  4024   003AC8                     T5CKIPPS        equ	15048	;# 
  4025   003AC9                     T5GPPS          equ	15049	;# 
  4026   003ACA                     T2INPPS         equ	15050	;# 
  4027   003ACB                     T4INPPS         equ	15051	;# 
  4028   003ACC                     T6INPPS         equ	15052	;# 
  4029   003ACD                     CCP1PPS         equ	15053	;# 
  4030   003ACE                     CCP2PPS         equ	15054	;# 
  4031   003ACF                     CCP3PPS         equ	15055	;# 
  4032   003AD0                     CCP4PPS         equ	15056	;# 
  4033   003AD1                     SMT1WINPPS      equ	15057	;# 
  4034   003AD2                     SMT1SIGPPS      equ	15058	;# 
  4035   003AD3                     CWG1INPPS       equ	15059	;# 
  4036   003AD4                     CWG2INPPS       equ	15060	;# 
  4037   003AD5                     CWG3INPPS       equ	15061	;# 
  4038   003AD6                     MD1CARLPPS      equ	15062	;# 
  4039   003AD7                     MD1CARHPPS      equ	15063	;# 
  4040   003AD8                     MD1SRCPPS       equ	15064	;# 
  4041   003AD9                     CLCIN0PPS       equ	15065	;# 
  4042   003ADA                     CLCIN1PPS       equ	15066	;# 
  4043   003ADB                     CLCIN2PPS       equ	15067	;# 
  4044   003ADC                     CLCIN3PPS       equ	15068	;# 
  4045   003ADD                     ADACTPPS        equ	15069	;# 
  4046   003ADE                     SPI1SCKPPS      equ	15070	;# 
  4047   003ADF                     SPI1SDIPPS      equ	15071	;# 
  4048   003AE0                     SPI1SSPPS       equ	15072	;# 
  4049   003AE1                     I2C1SCLPPS      equ	15073	;# 
  4050   003AE2                     I2C1SDAPPS      equ	15074	;# 
  4051   003AE3                     I2C2SCLPPS      equ	15075	;# 
  4052   003AE4                     I2C2SDAPPS      equ	15076	;# 
  4053   003AE5                     U1RXPPS         equ	15077	;# 
  4054   003AE6                     U1CTSPPS        equ	15078	;# 
  4055   003AE8                     U2RXPPS         equ	15080	;# 
  4056   003AE9                     U2CTSPPS        equ	15081	;# 
  4057   003BC9                     DMA2BUF         equ	15305	;# 
  4058   003BCA                     DMA2DCNT        equ	15306	;# 
  4059   003BCA                     DMA2DCNTL       equ	15306	;# 
  4060   003BCB                     DMA2DCNTH       equ	15307	;# 
  4061   003BCC                     DMA2DPTR        equ	15308	;# 
  4062   003BCC                     DMA2DPTRL       equ	15308	;# 
  4063   003BCD                     DMA2DPTRH       equ	15309	;# 
  4064   003BCE                     DMA2DSZ         equ	15310	;# 
  4065   003BCE                     DMA2DSZL        equ	15310	;# 
  4066   003BCF                     DMA2DSZH        equ	15311	;# 
  4067   003BD0                     DMA2DSA         equ	15312	;# 
  4068   003BD0                     DMA2DSAL        equ	15312	;# 
  4069   003BD1                     DMA2DSAH        equ	15313	;# 
  4070   003BD2                     DMA2SCNT        equ	15314	;# 
  4071   003BD2                     DMA2SCNTL       equ	15314	;# 
  4072   003BD3                     DMA2SCNTH       equ	15315	;# 
  4073   003BD4                     DMA2SPTR        equ	15316	;# 
  4074   003BD4                     DMA2SPTRL       equ	15316	;# 
  4075   003BD5                     DMA2SPTRH       equ	15317	;# 
  4076   003BD6                     DMA2SPTRU       equ	15318	;# 
  4077   003BD7                     DMA2SSZ         equ	15319	;# 
  4078   003BD7                     DMA2SSZL        equ	15319	;# 
  4079   003BD8                     DMA2SSZH        equ	15320	;# 
  4080   003BD9                     DMA2SSA         equ	15321	;# 
  4081   003BD9                     DMA2SSAL        equ	15321	;# 
  4082   003BDA                     DMA2SSAH        equ	15322	;# 
  4083   003BDB                     DMA2SSAU        equ	15323	;# 
  4084   003BDC                     DMA2CON0        equ	15324	;# 
  4085   003BDD                     DMA2CON1        equ	15325	;# 
  4086   003BDE                     DMA2AIRQ        equ	15326	;# 
  4087   003BDF                     DMA2SIRQ        equ	15327	;# 
  4088   003BE9                     DMA1BUF         equ	15337	;# 
  4089   003BEA                     DMA1DCNT        equ	15338	;# 
  4090   003BEA                     DMA1DCNTL       equ	15338	;# 
  4091   003BEB                     DMA1DCNTH       equ	15339	;# 
  4092   003BEC                     DMA1DPTR        equ	15340	;# 
  4093   003BEC                     DMA1DPTRL       equ	15340	;# 
  4094   003BED                     DMA1DPTRH       equ	15341	;# 
  4095   003BEE                     DMA1DSZ         equ	15342	;# 
  4096   003BEE                     DMA1DSZL        equ	15342	;# 
  4097   003BEF                     DMA1DSZH        equ	15343	;# 
  4098   003BF0                     DMA1DSA         equ	15344	;# 
  4099   003BF0                     DMA1DSAL        equ	15344	;# 
  4100   003BF1                     DMA1DSAH        equ	15345	;# 
  4101   003BF2                     DMA1SCNT        equ	15346	;# 
  4102   003BF2                     DMA1SCNTL       equ	15346	;# 
  4103   003BF3                     DMA1SCNTH       equ	15347	;# 
  4104   003BF4                     DMA1SPTR        equ	15348	;# 
  4105   003BF4                     DMA1SPTRL       equ	15348	;# 
  4106   003BF5                     DMA1SPTRH       equ	15349	;# 
  4107   003BF6                     DMA1SPTRU       equ	15350	;# 
  4108   003BF7                     DMA1SSZ         equ	15351	;# 
  4109   003BF7                     DMA1SSZL        equ	15351	;# 
  4110   003BF8                     DMA1SSZH        equ	15352	;# 
  4111   003BF9                     DMA1SSA         equ	15353	;# 
  4112   003BF9                     DMA1SSAL        equ	15353	;# 
  4113   003BFA                     DMA1SSAH        equ	15354	;# 
  4114   003BFB                     DMA1SSAU        equ	15355	;# 
  4115   003BFC                     DMA1CON0        equ	15356	;# 
  4116   003BFD                     DMA1CON1        equ	15357	;# 
  4117   003BFE                     DMA1AIRQ        equ	15358	;# 
  4118   003BFF                     DMA1SIRQ        equ	15359	;# 
  4119   003C56                     CLC4CON         equ	15446	;# 
  4120   003C57                     CLC4POL         equ	15447	;# 
  4121   003C58                     CLC4SEL0        equ	15448	;# 
  4122   003C59                     CLC4SEL1        equ	15449	;# 
  4123   003C5A                     CLC4SEL2        equ	15450	;# 
  4124   003C5B                     CLC4SEL3        equ	15451	;# 
  4125   003C5C                     CLC4GLS0        equ	15452	;# 
  4126   003C5D                     CLC4GLS1        equ	15453	;# 
  4127   003C5E                     CLC4GLS2        equ	15454	;# 
  4128   003C5F                     CLC4GLS3        equ	15455	;# 
  4129   003C60                     CLC3CON         equ	15456	;# 
  4130   003C61                     CLC3POL         equ	15457	;# 
  4131   003C62                     CLC3SEL0        equ	15458	;# 
  4132   003C63                     CLC3SEL1        equ	15459	;# 
  4133   003C64                     CLC3SEL2        equ	15460	;# 
  4134   003C65                     CLC3SEL3        equ	15461	;# 
  4135   003C66                     CLC3GLS0        equ	15462	;# 
  4136   003C67                     CLC3GLS1        equ	15463	;# 
  4137   003C68                     CLC3GLS2        equ	15464	;# 
  4138   003C69                     CLC3GLS3        equ	15465	;# 
  4139   003C6A                     CLC2CON         equ	15466	;# 
  4140   003C6B                     CLC2POL         equ	15467	;# 
  4141   003C6C                     CLC2SEL0        equ	15468	;# 
  4142   003C6D                     CLC2SEL1        equ	15469	;# 
  4143   003C6E                     CLC2SEL2        equ	15470	;# 
  4144   003C6F                     CLC2SEL3        equ	15471	;# 
  4145   003C70                     CLC2GLS0        equ	15472	;# 
  4146   003C71                     CLC2GLS1        equ	15473	;# 
  4147   003C72                     CLC2GLS2        equ	15474	;# 
  4148   003C73                     CLC2GLS3        equ	15475	;# 
  4149   003C74                     CLC1CON         equ	15476	;# 
  4150   003C75                     CLC1POL         equ	15477	;# 
  4151   003C76                     CLC1SEL0        equ	15478	;# 
  4152   003C77                     CLC1SEL1        equ	15479	;# 
  4153   003C78                     CLC1SEL2        equ	15480	;# 
  4154   003C79                     CLC1SEL3        equ	15481	;# 
  4155   003C7A                     CLC1GLS0        equ	15482	;# 
  4156   003C7B                     CLC1GLS1        equ	15483	;# 
  4157   003C7C                     CLC1GLS2        equ	15484	;# 
  4158   003C7D                     CLC1GLS3        equ	15485	;# 
  4159   003C7E                     CLCDATA0        equ	15486	;# 
  4160   003CE5                     CLKRCON         equ	15589	;# 
  4161   003CE6                     CLKRCLK         equ	15590	;# 
  4162   003CFA                     MD1CON0         equ	15610	;# 
  4163   003CFB                     MD1CON1         equ	15611	;# 
  4164   003CFC                     MD1SRC          equ	15612	;# 
  4165   003CFD                     MD1CARL         equ	15613	;# 
  4166   003CFE                     MD1CARH         equ	15614	;# 
  4167   003D10                     SPI1RXB         equ	15632	;# 
  4168   003D11                     SPI1TXB         equ	15633	;# 
  4169   003D12                     SPI1TCNT        equ	15634	;# 
  4170   003D12                     SPI1TCNTL       equ	15634	;# 
  4171   003D13                     SPI1TCNTH       equ	15635	;# 
  4172   003D14                     SPI1CON0        equ	15636	;# 
  4173   003D15                     SPI1CON1        equ	15637	;# 
  4174   003D16                     SPI1CON2        equ	15638	;# 
  4175   003D17                     SPI1STATUS      equ	15639	;# 
  4176   003D18                     SPI1TWIDTH      equ	15640	;# 
  4177   003D19                     SPI1BAUD        equ	15641	;# 
  4178   003D1A                     SPI1INTF        equ	15642	;# 
  4179   003D1B                     SPI1INTE        equ	15643	;# 
  4180   003D1C                     SPI1CLK         equ	15644	;# 
  4181   003D54                     I2C2RXB         equ	15700	;# 
  4182   003D55                     I2C2TXB         equ	15701	;# 
  4183   003D56                     I2C2CNT         equ	15702	;# 
  4184   003D57                     I2C2ADB0        equ	15703	;# 
  4185   003D58                     I2C2ADB1        equ	15704	;# 
  4186   003D59                     I2C2ADR0        equ	15705	;# 
  4187   003D5A                     I2C2ADR1        equ	15706	;# 
  4188   003D5B                     I2C2ADR2        equ	15707	;# 
  4189   003D5C                     I2C2ADR3        equ	15708	;# 
  4190   003D5D                     I2C2CON0        equ	15709	;# 
  4191   003D5E                     I2C2CON1        equ	15710	;# 
  4192   003D5F                     I2C2CON2        equ	15711	;# 
  4193   003D60                     I2C2ERR         equ	15712	;# 
  4194   003D61                     I2C2STAT0       equ	15713	;# 
  4195   003D62                     I2C2STAT1       equ	15714	;# 
  4196   003D63                     I2C2PIR         equ	15715	;# 
  4197   003D64                     I2C2PIE         equ	15716	;# 
  4198   003D65                     I2C2CLK         equ	15717	;# 
  4199   003D66                     I2C2BTO         equ	15718	;# 
  4200   003D6A                     I2C1RXB         equ	15722	;# 
  4201   003D6B                     I2C1TXB         equ	15723	;# 
  4202   003D6C                     I2C1CNT         equ	15724	;# 
  4203   003D6D                     I2C1ADB0        equ	15725	;# 
  4204   003D6E                     I2C1ADB1        equ	15726	;# 
  4205   003D6F                     I2C1ADR0        equ	15727	;# 
  4206   003D70                     I2C1ADR1        equ	15728	;# 
  4207   003D71                     I2C1ADR2        equ	15729	;# 
  4208   003D72                     I2C1ADR3        equ	15730	;# 
  4209   003D73                     I2C1CON0        equ	15731	;# 
  4210   003D74                     I2C1CON1        equ	15732	;# 
  4211   003D75                     I2C1CON2        equ	15733	;# 
  4212   003D76                     I2C1ERR         equ	15734	;# 
  4213   003D77                     I2C1STAT0       equ	15735	;# 
  4214   003D78                     I2C1STAT1       equ	15736	;# 
  4215   003D79                     I2C1PIR         equ	15737	;# 
  4216   003D7A                     I2C1PIE         equ	15738	;# 
  4217   003D7B                     I2C1CLK         equ	15739	;# 
  4218   003D7C                     I2C1BTO         equ	15740	;# 
  4219   003DD0                     U2RXB           equ	15824	;# 
  4220   003DD0                     U2RXBL          equ	15824	;# 
  4221   003DD2                     U2TXB           equ	15826	;# 
  4222   003DD2                     U2TXBL          equ	15826	;# 
  4223   003DD4                     U2P1            equ	15828	;# 
  4224   003DD4                     U2P1L           equ	15828	;# 
  4225   003DD6                     U2P2            equ	15830	;# 
  4226   003DD6                     U2P2L           equ	15830	;# 
  4227   003DD8                     U2P3            equ	15832	;# 
  4228   003DD8                     U2P3L           equ	15832	;# 
  4229   003DDA                     U2CON0          equ	15834	;# 
  4230   003DDB                     U2CON1          equ	15835	;# 
  4231   003DDC                     U2CON2          equ	15836	;# 
  4232   003DDD                     U2BRG           equ	15837	;# 
  4233   003DDD                     U2BRGL          equ	15837	;# 
  4234   003DDE                     U2BRGH          equ	15838	;# 
  4235   003DDF                     U2FIFO          equ	15839	;# 
  4236   003DE0                     U2UIR           equ	15840	;# 
  4237   003DE1                     U2ERRIR         equ	15841	;# 
  4238   003DE2                     U2ERRIE         equ	15842	;# 
  4239   003DE8                     U1RXB           equ	15848	;# 
  4240   003DE8                     U1RXBL          equ	15848	;# 
  4241   003DE9                     U1RXCHK         equ	15849	;# 
  4242   003DEA                     U1TXB           equ	15850	;# 
  4243   003DEA                     U1TXBL          equ	15850	;# 
  4244   003DEB                     U1TXCHK         equ	15851	;# 
  4245   003DEC                     U1P1            equ	15852	;# 
  4246   003DEC                     U1P1L           equ	15852	;# 
  4247   003DED                     U1P1H           equ	15853	;# 
  4248   003DEE                     U1P2            equ	15854	;# 
  4249   003DEE                     U1P2L           equ	15854	;# 
  4250   003DEF                     U1P2H           equ	15855	;# 
  4251   003DF0                     U1P3            equ	15856	;# 
  4252   003DF0                     U1P3L           equ	15856	;# 
  4253   003DF1                     U1P3H           equ	15857	;# 
  4254   003DF2                     U1CON0          equ	15858	;# 
  4255   003DF3                     U1CON1          equ	15859	;# 
  4256   003DF4                     U1CON2          equ	15860	;# 
  4257   003DF5                     U1BRG           equ	15861	;# 
  4258   003DF5                     U1BRGL          equ	15861	;# 
  4259   003DF6                     U1BRGH          equ	15862	;# 
  4260   003DF7                     U1FIFO          equ	15863	;# 
  4261   003DF8                     U1UIR           equ	15864	;# 
  4262   003DF9                     U1ERRIR         equ	15865	;# 
  4263   003DFA                     U1ERRIE         equ	15866	;# 
  4264   003E9C                     DAC1CON1        equ	16028	;# 
  4265   003E9E                     DAC1CON0        equ	16030	;# 
  4266   003EB8                     CM2CON0         equ	16056	;# 
  4267   003EB9                     CM2CON1         equ	16057	;# 
  4268   003EBA                     CM2NCH          equ	16058	;# 
  4269   003EBB                     CM2PCH          equ	16059	;# 
  4270   003EBC                     CM1CON0         equ	16060	;# 
  4271   003EBD                     CM1CON1         equ	16061	;# 
  4272   003EBE                     CM1NCH          equ	16062	;# 
  4273   003EBF                     CM1PCH          equ	16063	;# 
  4274   003EC0                     CMOUT           equ	16064	;# 
  4275   003EC1                     FVRCON          equ	16065	;# 
  4276   003EC3                     ZCDCON          equ	16067	;# 
  4277   003EC9                     HLVDCON0        equ	16073	;# 
  4278   003ECA                     HLVDCON1        equ	16074	;# 
  4279   003ED7                     ADCP            equ	16087	;# 
  4280   003EDE                     ADLTH           equ	16094	;# 
  4281   003EDE                     ADLTHL          equ	16094	;# 
  4282   003EDF                     ADLTHH          equ	16095	;# 
  4283   003EE0                     ADUTH           equ	16096	;# 
  4284   003EE0                     ADUTHL          equ	16096	;# 
  4285   003EE1                     ADUTHH          equ	16097	;# 
  4286   003EE2                     ADERR           equ	16098	;# 
  4287   003EE2                     ADERRL          equ	16098	;# 
  4288   003EE3                     ADERRH          equ	16099	;# 
  4289   003EE4                     ADSTPT          equ	16100	;# 
  4290   003EE4                     ADSTPTL         equ	16100	;# 
  4291   003EE5                     ADSTPTH         equ	16101	;# 
  4292   003EE6                     ADFLTR          equ	16102	;# 
  4293   003EE6                     ADFLTRL         equ	16102	;# 
  4294   003EE7                     ADFLTRH         equ	16103	;# 
  4295   003EE8                     ADACC           equ	16104	;# 
  4296   003EE8                     ADACCL          equ	16104	;# 
  4297   003EE9                     ADACCH          equ	16105	;# 
  4298   003EEA                     ADACCU          equ	16106	;# 
  4299   003EEB                     ADCNT           equ	16107	;# 
  4300   003EEC                     ADRPT           equ	16108	;# 
  4301   003EED                     ADPREV          equ	16109	;# 
  4302   003EED                     ADPREVL         equ	16109	;# 
  4303   003EEE                     ADPREVH         equ	16110	;# 
  4304   003EEF                     ADRES           equ	16111	;# 
  4305   003EEF                     ADRESL          equ	16111	;# 
  4306   003EF0                     ADRESH          equ	16112	;# 
  4307   003EF1                     ADPCH           equ	16113	;# 
  4308   003EF3                     ADACQ           equ	16115	;# 
  4309   003EF3                     ADACQL          equ	16115	;# 
  4310   003EF4                     ADACQH          equ	16116	;# 
  4311   003EF5                     ADCAP           equ	16117	;# 
  4312   003EF6                     ADPRE           equ	16118	;# 
  4313   003EF6                     ADPREL          equ	16118	;# 
  4314   003EF7                     ADPREH          equ	16119	;# 
  4315   003EF8                     ADCON0          equ	16120	;# 
  4316   003EF9                     ADCON1          equ	16121	;# 
  4317   003EFA                     ADCON2          equ	16122	;# 
  4318   003EFB                     ADCON3          equ	16123	;# 
  4319   003EFC                     ADSTAT          equ	16124	;# 
  4320   003EFD                     ADREF           equ	16125	;# 
  4321   003EFE                     ADACT           equ	16126	;# 
  4322   003EFF                     ADCLK           equ	16127	;# 
  4323   003F12                     SMT1TMR         equ	16146	;# 
  4324   003F12                     SMT1TMRL        equ	16146	;# 
  4325   003F13                     SMT1TMRH        equ	16147	;# 
  4326   003F14                     SMT1TMRU        equ	16148	;# 
  4327   003F15                     SMT1CPR         equ	16149	;# 
  4328   003F15                     SMT1CPRL        equ	16149	;# 
  4329   003F16                     SMT1CPRH        equ	16150	;# 
  4330   003F17                     SMT1CPRU        equ	16151	;# 
  4331   003F18                     SMT1CPW         equ	16152	;# 
  4332   003F18                     SMT1CPWL        equ	16152	;# 
  4333   003F19                     SMT1CPWH        equ	16153	;# 
  4334   003F1A                     SMT1CPWU        equ	16154	;# 
  4335   003F1B                     SMT1PR          equ	16155	;# 
  4336   003F1B                     SMT1PRL         equ	16155	;# 
  4337   003F1C                     SMT1PRH         equ	16156	;# 
  4338   003F1D                     SMT1PRU         equ	16157	;# 
  4339   003F1E                     SMT1CON0        equ	16158	;# 
  4340   003F1F                     SMT1CON1        equ	16159	;# 
  4341   003F20                     SMT1STAT        equ	16160	;# 
  4342   003F21                     SMT1CLK         equ	16161	;# 
  4343   003F22                     SMT1SIG         equ	16162	;# 
  4344   003F23                     SMT1WIN         equ	16163	;# 
  4345   003F38                     NCO1ACC         equ	16184	;# 
  4346   003F38                     NCO1ACCL        equ	16184	;# 
  4347   003F39                     NCO1ACCH        equ	16185	;# 
  4348   003F3A                     NCO1ACCU        equ	16186	;# 
  4349   003F3B                     NCO1INC         equ	16187	;# 
  4350   003F3B                     NCO1INCL        equ	16187	;# 
  4351   003F3C                     NCO1INCH        equ	16188	;# 
  4352   003F3D                     NCO1INCU        equ	16189	;# 
  4353   003F3E                     NCO1CON         equ	16190	;# 
  4354   003F3F                     NCO1CLK         equ	16191	;# 
  4355   003F40                     CWG3CLK         equ	16192	;# 
  4356   003F40                     CWG3CLKCON      equ	16192	;# 
  4357   003F41                     CWG3ISM         equ	16193	;# 
  4358   003F41                     CWG3DAT         equ	16193	;# 
  4359   003F42                     CWG3DBR         equ	16194	;# 
  4360   003F43                     CWG3DBF         equ	16195	;# 
  4361   003F44                     CWG3CON0        equ	16196	;# 
  4362   003F45                     CWG3CON1        equ	16197	;# 
  4363   003F46                     CWG3AS0         equ	16198	;# 
  4364   003F47                     CWG3AS1         equ	16199	;# 
  4365   003F48                     CWG3STR         equ	16200	;# 
  4366   003F49                     CWG2CLK         equ	16201	;# 
  4367   003F49                     CWG2CLKCON      equ	16201	;# 
  4368   003F4A                     CWG2ISM         equ	16202	;# 
  4369   003F4A                     CWG2DAT         equ	16202	;# 
  4370   003F4B                     CWG2DBR         equ	16203	;# 
  4371   003F4C                     CWG2DBF         equ	16204	;# 
  4372   003F4D                     CWG2CON0        equ	16205	;# 
  4373   003F4E                     CWG2CON1        equ	16206	;# 
  4374   003F4F                     CWG2AS0         equ	16207	;# 
  4375   003F50                     CWG2AS1         equ	16208	;# 
  4376   003F51                     CWG2STR         equ	16209	;# 
  4377   003F52                     CWG1CLK         equ	16210	;# 
  4378   003F52                     CWG1CLKCON      equ	16210	;# 
  4379   003F53                     CWG1ISM         equ	16211	;# 
  4380   003F53                     CWG1DAT         equ	16211	;# 
  4381   003F54                     CWG1DBR         equ	16212	;# 
  4382   003F55                     CWG1DBF         equ	16213	;# 
  4383   003F56                     CWG1CON0        equ	16214	;# 
  4384   003F57                     CWG1CON1        equ	16215	;# 
  4385   003F58                     CWG1AS0         equ	16216	;# 
  4386   003F59                     CWG1AS1         equ	16217	;# 
  4387   003F5A                     CWG1STR         equ	16218	;# 
  4388   003F5E                     CCPTMRS0        equ	16222	;# 
  4389   003F5F                     CCPTMRS1        equ	16223	;# 
  4390   003F60                     PWM8DC          equ	16224	;# 
  4391   003F60                     PWM8DCL         equ	16224	;# 
  4392   003F61                     PWM8DCH         equ	16225	;# 
  4393   003F62                     PWM8CON         equ	16226	;# 
  4394   003F64                     PWM7DC          equ	16228	;# 
  4395   003F64                     PWM7DCL         equ	16228	;# 
  4396   003F65                     PWM7DCH         equ	16229	;# 
  4397   003F66                     PWM7CON         equ	16230	;# 
  4398   003F68                     PWM6DC          equ	16232	;# 
  4399   003F68                     PWM6DCL         equ	16232	;# 
  4400   003F69                     PWM6DCH         equ	16233	;# 
  4401   003F6A                     PWM6CON         equ	16234	;# 
  4402   003F6C                     PWM5DC          equ	16236	;# 
  4403   003F6C                     PWM5DCL         equ	16236	;# 
  4404   003F6D                     PWM5DCH         equ	16237	;# 
  4405   003F6E                     PWM5CON         equ	16238	;# 
  4406   003F70                     CCPR4           equ	16240	;# 
  4407   003F70                     CCPR4L          equ	16240	;# 
  4408   003F71                     CCPR4H          equ	16241	;# 
  4409   003F72                     CCP4CON         equ	16242	;# 
  4410   003F73                     CCP4CAP         equ	16243	;# 
  4411   003F74                     CCPR3           equ	16244	;# 
  4412   003F74                     CCPR3L          equ	16244	;# 
  4413   003F75                     CCPR3H          equ	16245	;# 
  4414   003F76                     CCP3CON         equ	16246	;# 
  4415   003F77                     CCP3CAP         equ	16247	;# 
  4416   003F78                     CCPR2           equ	16248	;# 
  4417   003F78                     CCPR2L          equ	16248	;# 
  4418   003F79                     CCPR2H          equ	16249	;# 
  4419   003F7A                     CCP2CON         equ	16250	;# 
  4420   003F7B                     CCP2CAP         equ	16251	;# 
  4421   003F7C                     CCPR1           equ	16252	;# 
  4422   003F7C                     CCPR1L          equ	16252	;# 
  4423   003F7D                     CCPR1H          equ	16253	;# 
  4424   003F7E                     CCP1CON         equ	16254	;# 
  4425   003F7F                     CCP1CAP         equ	16255	;# 
  4426   003F92                     T6TMR           equ	16274	;# 
  4427   003F92                     TMR6            equ	16274	;# 
  4428   003F93                     T6PR            equ	16275	;# 
  4429   003F93                     PR6             equ	16275	;# 
  4430   003F94                     T6CON           equ	16276	;# 
  4431   003F95                     T6HLT           equ	16277	;# 
  4432   003F96                     T6CLKCON        equ	16278	;# 
  4433   003F96                     T6CLK           equ	16278	;# 
  4434   003F97                     T6RST           equ	16279	;# 
  4435   003F98                     TMR5            equ	16280	;# 
  4436   003F98                     TMR5L           equ	16280	;# 
  4437   003F99                     TMR5H           equ	16281	;# 
  4438   003F9A                     T5CON           equ	16282	;# 
  4439   003F9A                     TMR5CON         equ	16282	;# 
  4440   003F9B                     T5GCON          equ	16283	;# 
  4441   003F9B                     TMR5GCON        equ	16283	;# 
  4442   003F9C                     T5GATE          equ	16284	;# 
  4443   003F9C                     TMR5GATE        equ	16284	;# 
  4444   003F9D                     T5CLK           equ	16285	;# 
  4445   003F9D                     TMR5CLK         equ	16285	;# 
  4446   003F9D                     PR5             equ	16285	;# 
  4447   003F9E                     T4TMR           equ	16286	;# 
  4448   003F9E                     TMR4            equ	16286	;# 
  4449   003F9F                     T4PR            equ	16287	;# 
  4450   003F9F                     PR4             equ	16287	;# 
  4451   003FA0                     T4CON           equ	16288	;# 
  4452   003FA1                     T4HLT           equ	16289	;# 
  4453   003FA2                     T4CLKCON        equ	16290	;# 
  4454   003FA2                     T4CLK           equ	16290	;# 
  4455   003FA3                     T4RST           equ	16291	;# 
  4456   003FA4                     TMR3            equ	16292	;# 
  4457   003FA4                     TMR3L           equ	16292	;# 
  4458   003FA5                     TMR3H           equ	16293	;# 
  4459   003FA6                     T3CON           equ	16294	;# 
  4460   003FA6                     TMR3CON         equ	16294	;# 
  4461   003FA7                     T3GCON          equ	16295	;# 
  4462   003FA7                     TMR3GCON        equ	16295	;# 
  4463   003FA8                     T3GATE          equ	16296	;# 
  4464   003FA8                     TMR3GATE        equ	16296	;# 
  4465   003FA9                     T3CLK           equ	16297	;# 
  4466   003FA9                     TMR3CLK         equ	16297	;# 
  4467   003FA9                     PR3             equ	16297	;# 
  4468   003FAA                     T2TMR           equ	16298	;# 
  4469   003FAA                     TMR2            equ	16298	;# 
  4470   003FAB                     T2PR            equ	16299	;# 
  4471   003FAB                     PR2             equ	16299	;# 
  4472   003FAC                     T2CON           equ	16300	;# 
  4473   003FAD                     T2HLT           equ	16301	;# 
  4474   003FAE                     T2CLKCON        equ	16302	;# 
  4475   003FAE                     T2CLK           equ	16302	;# 
  4476   003FAF                     T2RST           equ	16303	;# 
  4477   003FB0                     TMR1            equ	16304	;# 
  4478   003FB0                     TMR1L           equ	16304	;# 
  4479   003FB1                     TMR1H           equ	16305	;# 
  4480   003FB2                     T1CON           equ	16306	;# 
  4481   003FB2                     TMR1CON         equ	16306	;# 
  4482   003FB3                     T1GCON          equ	16307	;# 
  4483   003FB3                     TMR1GCON        equ	16307	;# 
  4484   003FB4                     T1GATE          equ	16308	;# 
  4485   003FB4                     TMR1GATE        equ	16308	;# 
  4486   003FB5                     T1CLK           equ	16309	;# 
  4487   003FB5                     TMR1CLK         equ	16309	;# 
  4488   003FB5                     PR1             equ	16309	;# 
  4489   003FB6                     TMR0L           equ	16310	;# 
  4490   003FB6                     TMR0            equ	16310	;# 
  4491   003FB7                     TMR0H           equ	16311	;# 
  4492   003FB7                     PR0             equ	16311	;# 
  4493   003FB8                     T0CON0          equ	16312	;# 
  4494   003FB9                     T0CON1          equ	16313	;# 
  4495   003FBA                     LATA            equ	16314	;# 
  4496   003FBB                     LATB            equ	16315	;# 
  4497   003FBC                     LATC            equ	16316	;# 
  4498   003FBD                     LATD            equ	16317	;# 
  4499   003FBE                     LATE            equ	16318	;# 
  4500   003FC2                     TRISA           equ	16322	;# 
  4501   003FC3                     TRISB           equ	16323	;# 
  4502   003FC4                     TRISC           equ	16324	;# 
  4503   003FC5                     TRISD           equ	16325	;# 
  4504   003FC6                     TRISE           equ	16326	;# 
  4505   003FCA                     PORTA           equ	16330	;# 
  4506   003FCB                     PORTB           equ	16331	;# 
  4507   003FCC                     PORTC           equ	16332	;# 
  4508   003FCD                     PORTD           equ	16333	;# 
  4509   003FCE                     PORTE           equ	16334	;# 
  4510   003FD2                     INTCON0         equ	16338	;# 
  4511   003FD3                     INTCON1         equ	16339	;# 
  4512   003FD4                     IVTLOCK         equ	16340	;# 
  4513   003FD5                     IVTBASE         equ	16341	;# 
  4514   003FD5                     IVTBASEL        equ	16341	;# 
  4515   003FD6                     IVTBASEH        equ	16342	;# 
  4516   003FD7                     IVTBASEU        equ	16343	;# 
  4517   003FD8                     STATUS          equ	16344	;# 
  4518   003FD9                     FSR2            equ	16345	;# 
  4519   003FD9                     FSR2L           equ	16345	;# 
  4520   003FDA                     FSR2H           equ	16346	;# 
  4521   003FDB                     PLUSW2          equ	16347	;# 
  4522   003FDC                     PREINC2         equ	16348	;# 
  4523   003FDD                     POSTDEC2        equ	16349	;# 
  4524   003FDE                     POSTINC2        equ	16350	;# 
  4525   003FDF                     INDF2           equ	16351	;# 
  4526   003FE0                     BSR             equ	16352	;# 
  4527   003FE1                     FSR1            equ	16353	;# 
  4528   003FE1                     FSR1L           equ	16353	;# 
  4529   003FE2                     FSR1H           equ	16354	;# 
  4530   003FE3                     PLUSW1          equ	16355	;# 
  4531   003FE4                     PREINC1         equ	16356	;# 
  4532   003FE5                     POSTDEC1        equ	16357	;# 
  4533   003FE6                     POSTINC1        equ	16358	;# 
  4534   003FE7                     INDF1           equ	16359	;# 
  4535   003FE8                     WREG            equ	16360	;# 
  4536   003FE9                     FSR0            equ	16361	;# 
  4537   003FE9                     FSR0L           equ	16361	;# 
  4538   003FEA                     FSR0H           equ	16362	;# 
  4539   003FEB                     PLUSW0          equ	16363	;# 
  4540   003FEC                     PREINC0         equ	16364	;# 
  4541   003FED                     POSTDEC0        equ	16365	;# 
  4542   003FEE                     POSTINC0        equ	16366	;# 
  4543   003FEF                     INDF0           equ	16367	;# 
  4544   003FF0                     PCON0           equ	16368	;# 
  4545   003FF1                     PCON1           equ	16369	;# 
  4546   003FF3                     PROD            equ	16371	;# 
  4547   003FF3                     PRODL           equ	16371	;# 
  4548   003FF4                     PRODH           equ	16372	;# 
  4549   003FF5                     TABLAT          equ	16373	;# 
  4550   003FF6                     TBLPTR          equ	16374	;# 
  4551   003FF6                     TBLPTRL         equ	16374	;# 
  4552   003FF7                     TBLPTRH         equ	16375	;# 
  4553   003FF8                     TBLPTRU         equ	16376	;# 
  4554   003FF9                     PCLAT           equ	16377	;# 
  4555   003FF9                     PCL             equ	16377	;# 
  4556   003FFA                     PCLATH          equ	16378	;# 
  4557   003FFB                     PCLATU          equ	16379	;# 
  4558   003FFC                     STKPTR          equ	16380	;# 
  4559   003FFD                     TOS             equ	16381	;# 
  4560   003FFD                     TOSL            equ	16381	;# 
  4561   003FFE                     TOSH            equ	16382	;# 
  4562   003FFF                     TOSU            equ	16383	;# 
  4563   003880                     STATUS_CSHAD    equ	14464	;# 
  4564   003881                     WREG_CSHAD      equ	14465	;# 
  4565   003882                     BSR_CSHAD       equ	14466	;# 
  4566   003883                     SHADCON         equ	14467	;# 
  4567   003884                     STATUS_SHAD     equ	14468	;# 
  4568   003885                     WREG_SHAD       equ	14469	;# 
  4569   003886                     BSR_SHAD        equ	14470	;# 
  4570   003887                     PCLATH_SHAD     equ	14471	;# 
  4571   003888                     PCLATU_SHAD     equ	14472	;# 
  4572   003889                     FSR0SH          equ	14473	;# 
  4573   003889                     FSR0L_SHAD      equ	14473	;# 
  4574   00388A                     FSR0H_SHAD      equ	14474	;# 
  4575   00388B                     FSR1SH          equ	14475	;# 
  4576   00388B                     FSR1L_SHAD      equ	14475	;# 
  4577   00388C                     FSR1H_SHAD      equ	14476	;# 
  4578   00388D                     FSR2SH          equ	14477	;# 
  4579   00388D                     FSR2L_SHAD      equ	14477	;# 
  4580   00388E                     FSR2H_SHAD      equ	14478	;# 
  4581   00388F                     PRODSH          equ	14479	;# 
  4582   00388F                     PRODL_SHAD      equ	14479	;# 
  4583   003890                     PRODH_SHAD      equ	14480	;# 
  4584   00389D                     IVTADL          equ	14493	;# 
  4585   00389E                     IVTADH          equ	14494	;# 
  4586   00389F                     IVTADU          equ	14495	;# 
  4587   00395B                     WDTCON0         equ	14683	;# 
  4588   00395C                     WDTCON1         equ	14684	;# 
  4589   00395D                     WDTPSL          equ	14685	;# 
  4590   00395E                     WDTPSH          equ	14686	;# 
  4591   00395F                     WDTTMR          equ	14687	;# 
  4592   003960                     CRCDATA         equ	14688	;# 
  4593   003960                     CRCDATL         equ	14688	;# 
  4594   003961                     CRCDATH         equ	14689	;# 
  4595   003962                     CRCACC          equ	14690	;# 
  4596   003962                     CRCACCL         equ	14690	;# 
  4597   003963                     CRCACCH         equ	14691	;# 
  4598   003964                     CRCSHFT         equ	14692	;# 
  4599   003964                     CRCSHIFTL       equ	14692	;# 
  4600   003965                     CRCSHIFTH       equ	14693	;# 
  4601   003966                     CRCXOR          equ	14694	;# 
  4602   003966                     CRCXORL         equ	14694	;# 
  4603   003967                     CRCXORH         equ	14695	;# 
  4604   003968                     CRCCON0         equ	14696	;# 
  4605   003969                     CRCCON1         equ	14697	;# 
  4606   003976                     SCANLADR        equ	14710	;# 
  4607   003976                     SCANLADRL       equ	14710	;# 
  4608   003977                     SCANLADRH       equ	14711	;# 
  4609   003978                     SCANLADRU       equ	14712	;# 
  4610   003979                     SCANHADR        equ	14713	;# 
  4611   003979                     SCANHADRL       equ	14713	;# 
  4612   00397A                     SCANHADRH       equ	14714	;# 
  4613   00397B                     SCANHADRU       equ	14715	;# 
  4614   00397C                     SCANCON0        equ	14716	;# 
  4615   00397D                     SCANTRIG        equ	14717	;# 
  4616   003980                     IPR0            equ	14720	;# 
  4617   003981                     IPR1            equ	14721	;# 
  4618   003982                     IPR2            equ	14722	;# 
  4619   003983                     IPR3            equ	14723	;# 
  4620   003984                     IPR4            equ	14724	;# 
  4621   003985                     IPR5            equ	14725	;# 
  4622   003986                     IPR6            equ	14726	;# 
  4623   003987                     IPR7            equ	14727	;# 
  4624   003988                     IPR8            equ	14728	;# 
  4625   003989                     IPR9            equ	14729	;# 
  4626   00398A                     IPR10           equ	14730	;# 
  4627   003990                     PIE0            equ	14736	;# 
  4628   003991                     PIE1            equ	14737	;# 
  4629   003992                     PIE2            equ	14738	;# 
  4630   003993                     PIE3            equ	14739	;# 
  4631   003994                     PIE4            equ	14740	;# 
  4632   003995                     PIE5            equ	14741	;# 
  4633   003996                     PIE6            equ	14742	;# 
  4634   003997                     PIE7            equ	14743	;# 
  4635   003998                     PIE8            equ	14744	;# 
  4636   003999                     PIE9            equ	14745	;# 
  4637   00399A                     PIE10           equ	14746	;# 
  4638   0039A0                     PIR0            equ	14752	;# 
  4639   0039A1                     PIR1            equ	14753	;# 
  4640   0039A2                     PIR2            equ	14754	;# 
  4641   0039A3                     PIR3            equ	14755	;# 
  4642   0039A4                     PIR4            equ	14756	;# 
  4643   0039A5                     PIR5            equ	14757	;# 
  4644   0039A6                     PIR6            equ	14758	;# 
  4645   0039A7                     PIR7            equ	14759	;# 
  4646   0039A8                     PIR8            equ	14760	;# 
  4647   0039A9                     PIR9            equ	14761	;# 
  4648   0039AA                     PIR10           equ	14762	;# 
  4649   0039C0                     PMD0            equ	14784	;# 
  4650   0039C1                     PMD1            equ	14785	;# 
  4651   0039C2                     PMD2            equ	14786	;# 
  4652   0039C3                     PMD3            equ	14787	;# 
  4653   0039C4                     PMD4            equ	14788	;# 
  4654   0039C5                     PMD5            equ	14789	;# 
  4655   0039C6                     PMD6            equ	14790	;# 
  4656   0039C7                     PMD7            equ	14791	;# 
  4657   0039D0                     BORCON          equ	14800	;# 
  4658   0039D1                     VREGCON         equ	14801	;# 
  4659   0039D8                     CPUDOZE         equ	14808	;# 
  4660   0039D9                     OSCCON1         equ	14809	;# 
  4661   0039DA                     OSCCON2         equ	14810	;# 
  4662   0039DB                     OSCCON3         equ	14811	;# 
  4663   0039DC                     OSCSTAT         equ	14812	;# 
  4664   0039DC                     OSCSTAT1        equ	14812	;# 
  4665   0039DD                     OSCEN           equ	14813	;# 
  4666   0039DE                     OSCTUNE         equ	14814	;# 
  4667   0039DF                     OSCFRQ          equ	14815	;# 
  4668   0039E0                     NVMADRL         equ	14816	;# 
  4669   0039E1                     NVMADRH         equ	14817	;# 
  4670   0039E3                     NVMDAT          equ	14819	;# 
  4671   0039E5                     NVMCON1         equ	14821	;# 
  4672   0039E6                     NVMCON2         equ	14822	;# 
  4673   0039EF                     PRLOCK          equ	14831	;# 
  4674   0039F1                     ISRPR           equ	14833	;# 
  4675   0039F2                     MAINPR          equ	14834	;# 
  4676   0039F3                     DMA1PR          equ	14835	;# 
  4677   0039F4                     DMA2PR          equ	14836	;# 
  4678   0039F7                     SCANPR          equ	14839	;# 
  4679   003A00                     RA0PPS          equ	14848	;# 
  4680   003A01                     RA1PPS          equ	14849	;# 
  4681   003A02                     RA2PPS          equ	14850	;# 
  4682   003A03                     RA3PPS          equ	14851	;# 
  4683   003A04                     RA4PPS          equ	14852	;# 
  4684   003A05                     RA5PPS          equ	14853	;# 
  4685   003A06                     RA6PPS          equ	14854	;# 
  4686   003A07                     RA7PPS          equ	14855	;# 
  4687   003A08                     RB0PPS          equ	14856	;# 
  4688   003A09                     RB1PPS          equ	14857	;# 
  4689   003A0A                     RB2PPS          equ	14858	;# 
  4690   003A0B                     RB3PPS          equ	14859	;# 
  4691   003A0C                     RB4PPS          equ	14860	;# 
  4692   003A0D                     RB5PPS          equ	14861	;# 
  4693   003A0E                     RB6PPS          equ	14862	;# 
  4694   003A0F                     RB7PPS          equ	14863	;# 
  4695   003A10                     RC0PPS          equ	14864	;# 
  4696   003A11                     RC1PPS          equ	14865	;# 
  4697   003A12                     RC2PPS          equ	14866	;# 
  4698   003A13                     RC3PPS          equ	14867	;# 
  4699   003A14                     RC4PPS          equ	14868	;# 
  4700   003A15                     RC5PPS          equ	14869	;# 
  4701   003A16                     RC6PPS          equ	14870	;# 
  4702   003A17                     RC7PPS          equ	14871	;# 
  4703   003A18                     RD0PPS          equ	14872	;# 
  4704   003A19                     RD1PPS          equ	14873	;# 
  4705   003A1A                     RD2PPS          equ	14874	;# 
  4706   003A1B                     RD3PPS          equ	14875	;# 
  4707   003A1C                     RD4PPS          equ	14876	;# 
  4708   003A1D                     RD5PPS          equ	14877	;# 
  4709   003A1E                     RD6PPS          equ	14878	;# 
  4710   003A1F                     RD7PPS          equ	14879	;# 
  4711   003A20                     RE0PPS          equ	14880	;# 
  4712   003A21                     RE1PPS          equ	14881	;# 
  4713   003A22                     RE2PPS          equ	14882	;# 
  4714   003A40                     ANSELA          equ	14912	;# 
  4715   003A41                     WPUA            equ	14913	;# 
  4716   003A42                     ODCONA          equ	14914	;# 
  4717   003A43                     SLRCONA         equ	14915	;# 
  4718   003A44                     INLVLA          equ	14916	;# 
  4719   003A45                     IOCAP           equ	14917	;# 
  4720   003A46                     IOCAN           equ	14918	;# 
  4721   003A47                     IOCAF           equ	14919	;# 
  4722   003A50                     ANSELB          equ	14928	;# 
  4723   003A51                     WPUB            equ	14929	;# 
  4724   003A52                     ODCONB          equ	14930	;# 
  4725   003A53                     SLRCONB         equ	14931	;# 
  4726   003A54                     INLVLB          equ	14932	;# 
  4727   003A55                     IOCBP           equ	14933	;# 
  4728   003A56                     IOCBN           equ	14934	;# 
  4729   003A57                     IOCBF           equ	14935	;# 
  4730   003A5A                     RB1I2C          equ	14938	;# 
  4731   003A5B                     RB2I2C          equ	14939	;# 
  4732   003A60                     ANSELC          equ	14944	;# 
  4733   003A61                     WPUC            equ	14945	;# 
  4734   003A62                     ODCONC          equ	14946	;# 
  4735   003A63                     SLRCONC         equ	14947	;# 
  4736   003A64                     INLVLC          equ	14948	;# 
  4737   003A65                     IOCCP           equ	14949	;# 
  4738   003A66                     IOCCN           equ	14950	;# 
  4739   003A67                     IOCCF           equ	14951	;# 
  4740   003A6A                     RC3I2C          equ	14954	;# 
  4741   003A6B                     RC4I2C          equ	14955	;# 
  4742   003A70                     ANSELD          equ	14960	;# 
  4743   003A71                     WPUD            equ	14961	;# 
  4744   003A72                     ODCOND          equ	14962	;# 
  4745   003A73                     SLRCOND         equ	14963	;# 
  4746   003A74                     INLVLD          equ	14964	;# 
  4747   003A7A                     RD0I2C          equ	14970	;# 
  4748   003A7B                     RD1I2C          equ	14971	;# 
  4749   003A80                     ANSELE          equ	14976	;# 
  4750   003A81                     WPUE            equ	14977	;# 
  4751   003A82                     ODCONE          equ	14978	;# 
  4752   003A83                     SLRCONE         equ	14979	;# 
  4753   003A84                     INLVLE          equ	14980	;# 
  4754   003A85                     IOCEP           equ	14981	;# 
  4755   003A86                     IOCEN           equ	14982	;# 
  4756   003A87                     IOCEF           equ	14983	;# 
  4757   003ABF                     PPSLOCK         equ	15039	;# 
  4758   003AC0                     INT0PPS         equ	15040	;# 
  4759   003AC1                     INT1PPS         equ	15041	;# 
  4760   003AC2                     INT2PPS         equ	15042	;# 
  4761   003AC3                     T0CKIPPS        equ	15043	;# 
  4762   003AC4                     T1CKIPPS        equ	15044	;# 
  4763   003AC5                     T1GPPS          equ	15045	;# 
  4764   003AC6                     T3CKIPPS        equ	15046	;# 
  4765   003AC7                     T3GPPS          equ	15047	;# 
  4766   003AC8                     T5CKIPPS        equ	15048	;# 
  4767   003AC9                     T5GPPS          equ	15049	;# 
  4768   003ACA                     T2INPPS         equ	15050	;# 
  4769   003ACB                     T4INPPS         equ	15051	;# 
  4770   003ACC                     T6INPPS         equ	15052	;# 
  4771   003ACD                     CCP1PPS         equ	15053	;# 
  4772   003ACE                     CCP2PPS         equ	15054	;# 
  4773   003ACF                     CCP3PPS         equ	15055	;# 
  4774   003AD0                     CCP4PPS         equ	15056	;# 
  4775   003AD1                     SMT1WINPPS      equ	15057	;# 
  4776   003AD2                     SMT1SIGPPS      equ	15058	;# 
  4777   003AD3                     CWG1INPPS       equ	15059	;# 
  4778   003AD4                     CWG2INPPS       equ	15060	;# 
  4779   003AD5                     CWG3INPPS       equ	15061	;# 
  4780   003AD6                     MD1CARLPPS      equ	15062	;# 
  4781   003AD7                     MD1CARHPPS      equ	15063	;# 
  4782   003AD8                     MD1SRCPPS       equ	15064	;# 
  4783   003AD9                     CLCIN0PPS       equ	15065	;# 
  4784   003ADA                     CLCIN1PPS       equ	15066	;# 
  4785   003ADB                     CLCIN2PPS       equ	15067	;# 
  4786   003ADC                     CLCIN3PPS       equ	15068	;# 
  4787   003ADD                     ADACTPPS        equ	15069	;# 
  4788   003ADE                     SPI1SCKPPS      equ	15070	;# 
  4789   003ADF                     SPI1SDIPPS      equ	15071	;# 
  4790   003AE0                     SPI1SSPPS       equ	15072	;# 
  4791   003AE1                     I2C1SCLPPS      equ	15073	;# 
  4792   003AE2                     I2C1SDAPPS      equ	15074	;# 
  4793   003AE3                     I2C2SCLPPS      equ	15075	;# 
  4794   003AE4                     I2C2SDAPPS      equ	15076	;# 
  4795   003AE5                     U1RXPPS         equ	15077	;# 
  4796   003AE6                     U1CTSPPS        equ	15078	;# 
  4797   003AE8                     U2RXPPS         equ	15080	;# 
  4798   003AE9                     U2CTSPPS        equ	15081	;# 
  4799   003BC9                     DMA2BUF         equ	15305	;# 
  4800   003BCA                     DMA2DCNT        equ	15306	;# 
  4801   003BCA                     DMA2DCNTL       equ	15306	;# 
  4802   003BCB                     DMA2DCNTH       equ	15307	;# 
  4803   003BCC                     DMA2DPTR        equ	15308	;# 
  4804   003BCC                     DMA2DPTRL       equ	15308	;# 
  4805   003BCD                     DMA2DPTRH       equ	15309	;# 
  4806   003BCE                     DMA2DSZ         equ	15310	;# 
  4807   003BCE                     DMA2DSZL        equ	15310	;# 
  4808   003BCF                     DMA2DSZH        equ	15311	;# 
  4809   003BD0                     DMA2DSA         equ	15312	;# 
  4810   003BD0                     DMA2DSAL        equ	15312	;# 
  4811   003BD1                     DMA2DSAH        equ	15313	;# 
  4812   003BD2                     DMA2SCNT        equ	15314	;# 
  4813   003BD2                     DMA2SCNTL       equ	15314	;# 
  4814   003BD3                     DMA2SCNTH       equ	15315	;# 
  4815   003BD4                     DMA2SPTR        equ	15316	;# 
  4816   003BD4                     DMA2SPTRL       equ	15316	;# 
  4817   003BD5                     DMA2SPTRH       equ	15317	;# 
  4818   003BD6                     DMA2SPTRU       equ	15318	;# 
  4819   003BD7                     DMA2SSZ         equ	15319	;# 
  4820   003BD7                     DMA2SSZL        equ	15319	;# 
  4821   003BD8                     DMA2SSZH        equ	15320	;# 
  4822   003BD9                     DMA2SSA         equ	15321	;# 
  4823   003BD9                     DMA2SSAL        equ	15321	;# 
  4824   003BDA                     DMA2SSAH        equ	15322	;# 
  4825   003BDB                     DMA2SSAU        equ	15323	;# 
  4826   003BDC                     DMA2CON0        equ	15324	;# 
  4827   003BDD                     DMA2CON1        equ	15325	;# 
  4828   003BDE                     DMA2AIRQ        equ	15326	;# 
  4829   003BDF                     DMA2SIRQ        equ	15327	;# 
  4830   003BE9                     DMA1BUF         equ	15337	;# 
  4831   003BEA                     DMA1DCNT        equ	15338	;# 
  4832   003BEA                     DMA1DCNTL       equ	15338	;# 
  4833   003BEB                     DMA1DCNTH       equ	15339	;# 
  4834   003BEC                     DMA1DPTR        equ	15340	;# 
  4835   003BEC                     DMA1DPTRL       equ	15340	;# 
  4836   003BED                     DMA1DPTRH       equ	15341	;# 
  4837   003BEE                     DMA1DSZ         equ	15342	;# 
  4838   003BEE                     DMA1DSZL        equ	15342	;# 
  4839   003BEF                     DMA1DSZH        equ	15343	;# 
  4840   003BF0                     DMA1DSA         equ	15344	;# 
  4841   003BF0                     DMA1DSAL        equ	15344	;# 
  4842   003BF1                     DMA1DSAH        equ	15345	;# 
  4843   003BF2                     DMA1SCNT        equ	15346	;# 
  4844   003BF2                     DMA1SCNTL       equ	15346	;# 
  4845   003BF3                     DMA1SCNTH       equ	15347	;# 
  4846   003BF4                     DMA1SPTR        equ	15348	;# 
  4847   003BF4                     DMA1SPTRL       equ	15348	;# 
  4848   003BF5                     DMA1SPTRH       equ	15349	;# 
  4849   003BF6                     DMA1SPTRU       equ	15350	;# 
  4850   003BF7                     DMA1SSZ         equ	15351	;# 
  4851   003BF7                     DMA1SSZL        equ	15351	;# 
  4852   003BF8                     DMA1SSZH        equ	15352	;# 
  4853   003BF9                     DMA1SSA         equ	15353	;# 
  4854   003BF9                     DMA1SSAL        equ	15353	;# 
  4855   003BFA                     DMA1SSAH        equ	15354	;# 
  4856   003BFB                     DMA1SSAU        equ	15355	;# 
  4857   003BFC                     DMA1CON0        equ	15356	;# 
  4858   003BFD                     DMA1CON1        equ	15357	;# 
  4859   003BFE                     DMA1AIRQ        equ	15358	;# 
  4860   003BFF                     DMA1SIRQ        equ	15359	;# 
  4861   003C56                     CLC4CON         equ	15446	;# 
  4862   003C57                     CLC4POL         equ	15447	;# 
  4863   003C58                     CLC4SEL0        equ	15448	;# 
  4864   003C59                     CLC4SEL1        equ	15449	;# 
  4865   003C5A                     CLC4SEL2        equ	15450	;# 
  4866   003C5B                     CLC4SEL3        equ	15451	;# 
  4867   003C5C                     CLC4GLS0        equ	15452	;# 
  4868   003C5D                     CLC4GLS1        equ	15453	;# 
  4869   003C5E                     CLC4GLS2        equ	15454	;# 
  4870   003C5F                     CLC4GLS3        equ	15455	;# 
  4871   003C60                     CLC3CON         equ	15456	;# 
  4872   003C61                     CLC3POL         equ	15457	;# 
  4873   003C62                     CLC3SEL0        equ	15458	;# 
  4874   003C63                     CLC3SEL1        equ	15459	;# 
  4875   003C64                     CLC3SEL2        equ	15460	;# 
  4876   003C65                     CLC3SEL3        equ	15461	;# 
  4877   003C66                     CLC3GLS0        equ	15462	;# 
  4878   003C67                     CLC3GLS1        equ	15463	;# 
  4879   003C68                     CLC3GLS2        equ	15464	;# 
  4880   003C69                     CLC3GLS3        equ	15465	;# 
  4881   003C6A                     CLC2CON         equ	15466	;# 
  4882   003C6B                     CLC2POL         equ	15467	;# 
  4883   003C6C                     CLC2SEL0        equ	15468	;# 
  4884   003C6D                     CLC2SEL1        equ	15469	;# 
  4885   003C6E                     CLC2SEL2        equ	15470	;# 
  4886   003C6F                     CLC2SEL3        equ	15471	;# 
  4887   003C70                     CLC2GLS0        equ	15472	;# 
  4888   003C71                     CLC2GLS1        equ	15473	;# 
  4889   003C72                     CLC2GLS2        equ	15474	;# 
  4890   003C73                     CLC2GLS3        equ	15475	;# 
  4891   003C74                     CLC1CON         equ	15476	;# 
  4892   003C75                     CLC1POL         equ	15477	;# 
  4893   003C76                     CLC1SEL0        equ	15478	;# 
  4894   003C77                     CLC1SEL1        equ	15479	;# 
  4895   003C78                     CLC1SEL2        equ	15480	;# 
  4896   003C79                     CLC1SEL3        equ	15481	;# 
  4897   003C7A                     CLC1GLS0        equ	15482	;# 
  4898   003C7B                     CLC1GLS1        equ	15483	;# 
  4899   003C7C                     CLC1GLS2        equ	15484	;# 
  4900   003C7D                     CLC1GLS3        equ	15485	;# 
  4901   003C7E                     CLCDATA0        equ	15486	;# 
  4902   003CE5                     CLKRCON         equ	15589	;# 
  4903   003CE6                     CLKRCLK         equ	15590	;# 
  4904   003CFA                     MD1CON0         equ	15610	;# 
  4905   003CFB                     MD1CON1         equ	15611	;# 
  4906   003CFC                     MD1SRC          equ	15612	;# 
  4907   003CFD                     MD1CARL         equ	15613	;# 
  4908   003CFE                     MD1CARH         equ	15614	;# 
  4909   003D10                     SPI1RXB         equ	15632	;# 
  4910   003D11                     SPI1TXB         equ	15633	;# 
  4911   003D12                     SPI1TCNT        equ	15634	;# 
  4912   003D12                     SPI1TCNTL       equ	15634	;# 
  4913   003D13                     SPI1TCNTH       equ	15635	;# 
  4914   003D14                     SPI1CON0        equ	15636	;# 
  4915   003D15                     SPI1CON1        equ	15637	;# 
  4916   003D16                     SPI1CON2        equ	15638	;# 
  4917   003D17                     SPI1STATUS      equ	15639	;# 
  4918   003D18                     SPI1TWIDTH      equ	15640	;# 
  4919   003D19                     SPI1BAUD        equ	15641	;# 
  4920   003D1A                     SPI1INTF        equ	15642	;# 
  4921   003D1B                     SPI1INTE        equ	15643	;# 
  4922   003D1C                     SPI1CLK         equ	15644	;# 
  4923   003D54                     I2C2RXB         equ	15700	;# 
  4924   003D55                     I2C2TXB         equ	15701	;# 
  4925   003D56                     I2C2CNT         equ	15702	;# 
  4926   003D57                     I2C2ADB0        equ	15703	;# 
  4927   003D58                     I2C2ADB1        equ	15704	;# 
  4928   003D59                     I2C2ADR0        equ	15705	;# 
  4929   003D5A                     I2C2ADR1        equ	15706	;# 
  4930   003D5B                     I2C2ADR2        equ	15707	;# 
  4931   003D5C                     I2C2ADR3        equ	15708	;# 
  4932   003D5D                     I2C2CON0        equ	15709	;# 
  4933   003D5E                     I2C2CON1        equ	15710	;# 
  4934   003D5F                     I2C2CON2        equ	15711	;# 
  4935   003D60                     I2C2ERR         equ	15712	;# 
  4936   003D61                     I2C2STAT0       equ	15713	;# 
  4937   003D62                     I2C2STAT1       equ	15714	;# 
  4938   003D63                     I2C2PIR         equ	15715	;# 
  4939   003D64                     I2C2PIE         equ	15716	;# 
  4940   003D65                     I2C2CLK         equ	15717	;# 
  4941   003D66                     I2C2BTO         equ	15718	;# 
  4942   003D6A                     I2C1RXB         equ	15722	;# 
  4943   003D6B                     I2C1TXB         equ	15723	;# 
  4944   003D6C                     I2C1CNT         equ	15724	;# 
  4945   003D6D                     I2C1ADB0        equ	15725	;# 
  4946   003D6E                     I2C1ADB1        equ	15726	;# 
  4947   003D6F                     I2C1ADR0        equ	15727	;# 
  4948   003D70                     I2C1ADR1        equ	15728	;# 
  4949   003D71                     I2C1ADR2        equ	15729	;# 
  4950   003D72                     I2C1ADR3        equ	15730	;# 
  4951   003D73                     I2C1CON0        equ	15731	;# 
  4952   003D74                     I2C1CON1        equ	15732	;# 
  4953   003D75                     I2C1CON2        equ	15733	;# 
  4954   003D76                     I2C1ERR         equ	15734	;# 
  4955   003D77                     I2C1STAT0       equ	15735	;# 
  4956   003D78                     I2C1STAT1       equ	15736	;# 
  4957   003D79                     I2C1PIR         equ	15737	;# 
  4958   003D7A                     I2C1PIE         equ	15738	;# 
  4959   003D7B                     I2C1CLK         equ	15739	;# 
  4960   003D7C                     I2C1BTO         equ	15740	;# 
  4961   003DD0                     U2RXB           equ	15824	;# 
  4962   003DD0                     U2RXBL          equ	15824	;# 
  4963   003DD2                     U2TXB           equ	15826	;# 
  4964   003DD2                     U2TXBL          equ	15826	;# 
  4965   003DD4                     U2P1            equ	15828	;# 
  4966   003DD4                     U2P1L           equ	15828	;# 
  4967   003DD6                     U2P2            equ	15830	;# 
  4968   003DD6                     U2P2L           equ	15830	;# 
  4969   003DD8                     U2P3            equ	15832	;# 
  4970   003DD8                     U2P3L           equ	15832	;# 
  4971   003DDA                     U2CON0          equ	15834	;# 
  4972   003DDB                     U2CON1          equ	15835	;# 
  4973   003DDC                     U2CON2          equ	15836	;# 
  4974   003DDD                     U2BRG           equ	15837	;# 
  4975   003DDD                     U2BRGL          equ	15837	;# 
  4976   003DDE                     U2BRGH          equ	15838	;# 
  4977   003DDF                     U2FIFO          equ	15839	;# 
  4978   003DE0                     U2UIR           equ	15840	;# 
  4979   003DE1                     U2ERRIR         equ	15841	;# 
  4980   003DE2                     U2ERRIE         equ	15842	;# 
  4981   003DE8                     U1RXB           equ	15848	;# 
  4982   003DE8                     U1RXBL          equ	15848	;# 
  4983   003DE9                     U1RXCHK         equ	15849	;# 
  4984   003DEA                     U1TXB           equ	15850	;# 
  4985   003DEA                     U1TXBL          equ	15850	;# 
  4986   003DEB                     U1TXCHK         equ	15851	;# 
  4987   003DEC                     U1P1            equ	15852	;# 
  4988   003DEC                     U1P1L           equ	15852	;# 
  4989   003DED                     U1P1H           equ	15853	;# 
  4990   003DEE                     U1P2            equ	15854	;# 
  4991   003DEE                     U1P2L           equ	15854	;# 
  4992   003DEF                     U1P2H           equ	15855	;# 
  4993   003DF0                     U1P3            equ	15856	;# 
  4994   003DF0                     U1P3L           equ	15856	;# 
  4995   003DF1                     U1P3H           equ	15857	;# 
  4996   003DF2                     U1CON0          equ	15858	;# 
  4997   003DF3                     U1CON1          equ	15859	;# 
  4998   003DF4                     U1CON2          equ	15860	;# 
  4999   003DF5                     U1BRG           equ	15861	;# 
  5000   003DF5                     U1BRGL          equ	15861	;# 
  5001   003DF6                     U1BRGH          equ	15862	;# 
  5002   003DF7                     U1FIFO          equ	15863	;# 
  5003   003DF8                     U1UIR           equ	15864	;# 
  5004   003DF9                     U1ERRIR         equ	15865	;# 
  5005   003DFA                     U1ERRIE         equ	15866	;# 
  5006   003E9C                     DAC1CON1        equ	16028	;# 
  5007   003E9E                     DAC1CON0        equ	16030	;# 
  5008   003EB8                     CM2CON0         equ	16056	;# 
  5009   003EB9                     CM2CON1         equ	16057	;# 
  5010   003EBA                     CM2NCH          equ	16058	;# 
  5011   003EBB                     CM2PCH          equ	16059	;# 
  5012   003EBC                     CM1CON0         equ	16060	;# 
  5013   003EBD                     CM1CON1         equ	16061	;# 
  5014   003EBE                     CM1NCH          equ	16062	;# 
  5015   003EBF                     CM1PCH          equ	16063	;# 
  5016   003EC0                     CMOUT           equ	16064	;# 
  5017   003EC1                     FVRCON          equ	16065	;# 
  5018   003EC3                     ZCDCON          equ	16067	;# 
  5019   003EC9                     HLVDCON0        equ	16073	;# 
  5020   003ECA                     HLVDCON1        equ	16074	;# 
  5021   003ED7                     ADCP            equ	16087	;# 
  5022   003EDE                     ADLTH           equ	16094	;# 
  5023   003EDE                     ADLTHL          equ	16094	;# 
  5024   003EDF                     ADLTHH          equ	16095	;# 
  5025   003EE0                     ADUTH           equ	16096	;# 
  5026   003EE0                     ADUTHL          equ	16096	;# 
  5027   003EE1                     ADUTHH          equ	16097	;# 
  5028   003EE2                     ADERR           equ	16098	;# 
  5029   003EE2                     ADERRL          equ	16098	;# 
  5030   003EE3                     ADERRH          equ	16099	;# 
  5031   003EE4                     ADSTPT          equ	16100	;# 
  5032   003EE4                     ADSTPTL         equ	16100	;# 
  5033   003EE5                     ADSTPTH         equ	16101	;# 
  5034   003EE6                     ADFLTR          equ	16102	;# 
  5035   003EE6                     ADFLTRL         equ	16102	;# 
  5036   003EE7                     ADFLTRH         equ	16103	;# 
  5037   003EE8                     ADACC           equ	16104	;# 
  5038   003EE8                     ADACCL          equ	16104	;# 
  5039   003EE9                     ADACCH          equ	16105	;# 
  5040   003EEA                     ADACCU          equ	16106	;# 
  5041   003EEB                     ADCNT           equ	16107	;# 
  5042   003EEC                     ADRPT           equ	16108	;# 
  5043   003EED                     ADPREV          equ	16109	;# 
  5044   003EED                     ADPREVL         equ	16109	;# 
  5045   003EEE                     ADPREVH         equ	16110	;# 
  5046   003EEF                     ADRES           equ	16111	;# 
  5047   003EEF                     ADRESL          equ	16111	;# 
  5048   003EF0                     ADRESH          equ	16112	;# 
  5049   003EF1                     ADPCH           equ	16113	;# 
  5050   003EF3                     ADACQ           equ	16115	;# 
  5051   003EF3                     ADACQL          equ	16115	;# 
  5052   003EF4                     ADACQH          equ	16116	;# 
  5053   003EF5                     ADCAP           equ	16117	;# 
  5054   003EF6                     ADPRE           equ	16118	;# 
  5055   003EF6                     ADPREL          equ	16118	;# 
  5056   003EF7                     ADPREH          equ	16119	;# 
  5057   003EF8                     ADCON0          equ	16120	;# 
  5058   003EF9                     ADCON1          equ	16121	;# 
  5059   003EFA                     ADCON2          equ	16122	;# 
  5060   003EFB                     ADCON3          equ	16123	;# 
  5061   003EFC                     ADSTAT          equ	16124	;# 
  5062   003EFD                     ADREF           equ	16125	;# 
  5063   003EFE                     ADACT           equ	16126	;# 
  5064   003EFF                     ADCLK           equ	16127	;# 
  5065   003F12                     SMT1TMR         equ	16146	;# 
  5066   003F12                     SMT1TMRL        equ	16146	;# 
  5067   003F13                     SMT1TMRH        equ	16147	;# 
  5068   003F14                     SMT1TMRU        equ	16148	;# 
  5069   003F15                     SMT1CPR         equ	16149	;# 
  5070   003F15                     SMT1CPRL        equ	16149	;# 
  5071   003F16                     SMT1CPRH        equ	16150	;# 
  5072   003F17                     SMT1CPRU        equ	16151	;# 
  5073   003F18                     SMT1CPW         equ	16152	;# 
  5074   003F18                     SMT1CPWL        equ	16152	;# 
  5075   003F19                     SMT1CPWH        equ	16153	;# 
  5076   003F1A                     SMT1CPWU        equ	16154	;# 
  5077   003F1B                     SMT1PR          equ	16155	;# 
  5078   003F1B                     SMT1PRL         equ	16155	;# 
  5079   003F1C                     SMT1PRH         equ	16156	;# 
  5080   003F1D                     SMT1PRU         equ	16157	;# 
  5081   003F1E                     SMT1CON0        equ	16158	;# 
  5082   003F1F                     SMT1CON1        equ	16159	;# 
  5083   003F20                     SMT1STAT        equ	16160	;# 
  5084   003F21                     SMT1CLK         equ	16161	;# 
  5085   003F22                     SMT1SIG         equ	16162	;# 
  5086   003F23                     SMT1WIN         equ	16163	;# 
  5087   003F38                     NCO1ACC         equ	16184	;# 
  5088   003F38                     NCO1ACCL        equ	16184	;# 
  5089   003F39                     NCO1ACCH        equ	16185	;# 
  5090   003F3A                     NCO1ACCU        equ	16186	;# 
  5091   003F3B                     NCO1INC         equ	16187	;# 
  5092   003F3B                     NCO1INCL        equ	16187	;# 
  5093   003F3C                     NCO1INCH        equ	16188	;# 
  5094   003F3D                     NCO1INCU        equ	16189	;# 
  5095   003F3E                     NCO1CON         equ	16190	;# 
  5096   003F3F                     NCO1CLK         equ	16191	;# 
  5097   003F40                     CWG3CLK         equ	16192	;# 
  5098   003F40                     CWG3CLKCON      equ	16192	;# 
  5099   003F41                     CWG3ISM         equ	16193	;# 
  5100   003F41                     CWG3DAT         equ	16193	;# 
  5101   003F42                     CWG3DBR         equ	16194	;# 
  5102   003F43                     CWG3DBF         equ	16195	;# 
  5103   003F44                     CWG3CON0        equ	16196	;# 
  5104   003F45                     CWG3CON1        equ	16197	;# 
  5105   003F46                     CWG3AS0         equ	16198	;# 
  5106   003F47                     CWG3AS1         equ	16199	;# 
  5107   003F48                     CWG3STR         equ	16200	;# 
  5108   003F49                     CWG2CLK         equ	16201	;# 
  5109   003F49                     CWG2CLKCON      equ	16201	;# 
  5110   003F4A                     CWG2ISM         equ	16202	;# 
  5111   003F4A                     CWG2DAT         equ	16202	;# 
  5112   003F4B                     CWG2DBR         equ	16203	;# 
  5113   003F4C                     CWG2DBF         equ	16204	;# 
  5114   003F4D                     CWG2CON0        equ	16205	;# 
  5115   003F4E                     CWG2CON1        equ	16206	;# 
  5116   003F4F                     CWG2AS0         equ	16207	;# 
  5117   003F50                     CWG2AS1         equ	16208	;# 
  5118   003F51                     CWG2STR         equ	16209	;# 
  5119   003F52                     CWG1CLK         equ	16210	;# 
  5120   003F52                     CWG1CLKCON      equ	16210	;# 
  5121   003F53                     CWG1ISM         equ	16211	;# 
  5122   003F53                     CWG1DAT         equ	16211	;# 
  5123   003F54                     CWG1DBR         equ	16212	;# 
  5124   003F55                     CWG1DBF         equ	16213	;# 
  5125   003F56                     CWG1CON0        equ	16214	;# 
  5126   003F57                     CWG1CON1        equ	16215	;# 
  5127   003F58                     CWG1AS0         equ	16216	;# 
  5128   003F59                     CWG1AS1         equ	16217	;# 
  5129   003F5A                     CWG1STR         equ	16218	;# 
  5130   003F5E                     CCPTMRS0        equ	16222	;# 
  5131   003F5F                     CCPTMRS1        equ	16223	;# 
  5132   003F60                     PWM8DC          equ	16224	;# 
  5133   003F60                     PWM8DCL         equ	16224	;# 
  5134   003F61                     PWM8DCH         equ	16225	;# 
  5135   003F62                     PWM8CON         equ	16226	;# 
  5136   003F64                     PWM7DC          equ	16228	;# 
  5137   003F64                     PWM7DCL         equ	16228	;# 
  5138   003F65                     PWM7DCH         equ	16229	;# 
  5139   003F66                     PWM7CON         equ	16230	;# 
  5140   003F68                     PWM6DC          equ	16232	;# 
  5141   003F68                     PWM6DCL         equ	16232	;# 
  5142   003F69                     PWM6DCH         equ	16233	;# 
  5143   003F6A                     PWM6CON         equ	16234	;# 
  5144   003F6C                     PWM5DC          equ	16236	;# 
  5145   003F6C                     PWM5DCL         equ	16236	;# 
  5146   003F6D                     PWM5DCH         equ	16237	;# 
  5147   003F6E                     PWM5CON         equ	16238	;# 
  5148   003F70                     CCPR4           equ	16240	;# 
  5149   003F70                     CCPR4L          equ	16240	;# 
  5150   003F71                     CCPR4H          equ	16241	;# 
  5151   003F72                     CCP4CON         equ	16242	;# 
  5152   003F73                     CCP4CAP         equ	16243	;# 
  5153   003F74                     CCPR3           equ	16244	;# 
  5154   003F74                     CCPR3L          equ	16244	;# 
  5155   003F75                     CCPR3H          equ	16245	;# 
  5156   003F76                     CCP3CON         equ	16246	;# 
  5157   003F77                     CCP3CAP         equ	16247	;# 
  5158   003F78                     CCPR2           equ	16248	;# 
  5159   003F78                     CCPR2L          equ	16248	;# 
  5160   003F79                     CCPR2H          equ	16249	;# 
  5161   003F7A                     CCP2CON         equ	16250	;# 
  5162   003F7B                     CCP2CAP         equ	16251	;# 
  5163   003F7C                     CCPR1           equ	16252	;# 
  5164   003F7C                     CCPR1L          equ	16252	;# 
  5165   003F7D                     CCPR1H          equ	16253	;# 
  5166   003F7E                     CCP1CON         equ	16254	;# 
  5167   003F7F                     CCP1CAP         equ	16255	;# 
  5168   003F92                     T6TMR           equ	16274	;# 
  5169   003F92                     TMR6            equ	16274	;# 
  5170   003F93                     T6PR            equ	16275	;# 
  5171   003F93                     PR6             equ	16275	;# 
  5172   003F94                     T6CON           equ	16276	;# 
  5173   003F95                     T6HLT           equ	16277	;# 
  5174   003F96                     T6CLKCON        equ	16278	;# 
  5175   003F96                     T6CLK           equ	16278	;# 
  5176   003F97                     T6RST           equ	16279	;# 
  5177   003F98                     TMR5            equ	16280	;# 
  5178   003F98                     TMR5L           equ	16280	;# 
  5179   003F99                     TMR5H           equ	16281	;# 
  5180   003F9A                     T5CON           equ	16282	;# 
  5181   003F9A                     TMR5CON         equ	16282	;# 
  5182   003F9B                     T5GCON          equ	16283	;# 
  5183   003F9B                     TMR5GCON        equ	16283	;# 
  5184   003F9C                     T5GATE          equ	16284	;# 
  5185   003F9C                     TMR5GATE        equ	16284	;# 
  5186   003F9D                     T5CLK           equ	16285	;# 
  5187   003F9D                     TMR5CLK         equ	16285	;# 
  5188   003F9D                     PR5             equ	16285	;# 
  5189   003F9E                     T4TMR           equ	16286	;# 
  5190   003F9E                     TMR4            equ	16286	;# 
  5191   003F9F                     T4PR            equ	16287	;# 
  5192   003F9F                     PR4             equ	16287	;# 
  5193   003FA0                     T4CON           equ	16288	;# 
  5194   003FA1                     T4HLT           equ	16289	;# 
  5195   003FA2                     T4CLKCON        equ	16290	;# 
  5196   003FA2                     T4CLK           equ	16290	;# 
  5197   003FA3                     T4RST           equ	16291	;# 
  5198   003FA4                     TMR3            equ	16292	;# 
  5199   003FA4                     TMR3L           equ	16292	;# 
  5200   003FA5                     TMR3H           equ	16293	;# 
  5201   003FA6                     T3CON           equ	16294	;# 
  5202   003FA6                     TMR3CON         equ	16294	;# 
  5203   003FA7                     T3GCON          equ	16295	;# 
  5204   003FA7                     TMR3GCON        equ	16295	;# 
  5205   003FA8                     T3GATE          equ	16296	;# 
  5206   003FA8                     TMR3GATE        equ	16296	;# 
  5207   003FA9                     T3CLK           equ	16297	;# 
  5208   003FA9                     TMR3CLK         equ	16297	;# 
  5209   003FA9                     PR3             equ	16297	;# 
  5210   003FAA                     T2TMR           equ	16298	;# 
  5211   003FAA                     TMR2            equ	16298	;# 
  5212   003FAB                     T2PR            equ	16299	;# 
  5213   003FAB                     PR2             equ	16299	;# 
  5214   003FAC                     T2CON           equ	16300	;# 
  5215   003FAD                     T2HLT           equ	16301	;# 
  5216   003FAE                     T2CLKCON        equ	16302	;# 
  5217   003FAE                     T2CLK           equ	16302	;# 
  5218   003FAF                     T2RST           equ	16303	;# 
  5219   003FB0                     TMR1            equ	16304	;# 
  5220   003FB0                     TMR1L           equ	16304	;# 
  5221   003FB1                     TMR1H           equ	16305	;# 
  5222   003FB2                     T1CON           equ	16306	;# 
  5223   003FB2                     TMR1CON         equ	16306	;# 
  5224   003FB3                     T1GCON          equ	16307	;# 
  5225   003FB3                     TMR1GCON        equ	16307	;# 
  5226   003FB4                     T1GATE          equ	16308	;# 
  5227   003FB4                     TMR1GATE        equ	16308	;# 
  5228   003FB5                     T1CLK           equ	16309	;# 
  5229   003FB5                     TMR1CLK         equ	16309	;# 
  5230   003FB5                     PR1             equ	16309	;# 
  5231   003FB6                     TMR0L           equ	16310	;# 
  5232   003FB6                     TMR0            equ	16310	;# 
  5233   003FB7                     TMR0H           equ	16311	;# 
  5234   003FB7                     PR0             equ	16311	;# 
  5235   003FB8                     T0CON0          equ	16312	;# 
  5236   003FB9                     T0CON1          equ	16313	;# 
  5237   003FBA                     LATA            equ	16314	;# 
  5238   003FBB                     LATB            equ	16315	;# 
  5239   003FBC                     LATC            equ	16316	;# 
  5240   003FBD                     LATD            equ	16317	;# 
  5241   003FBE                     LATE            equ	16318	;# 
  5242   003FC2                     TRISA           equ	16322	;# 
  5243   003FC3                     TRISB           equ	16323	;# 
  5244   003FC4                     TRISC           equ	16324	;# 
  5245   003FC5                     TRISD           equ	16325	;# 
  5246   003FC6                     TRISE           equ	16326	;# 
  5247   003FCA                     PORTA           equ	16330	;# 
  5248   003FCB                     PORTB           equ	16331	;# 
  5249   003FCC                     PORTC           equ	16332	;# 
  5250   003FCD                     PORTD           equ	16333	;# 
  5251   003FCE                     PORTE           equ	16334	;# 
  5252   003FD2                     INTCON0         equ	16338	;# 
  5253   003FD3                     INTCON1         equ	16339	;# 
  5254   003FD4                     IVTLOCK         equ	16340	;# 
  5255   003FD5                     IVTBASE         equ	16341	;# 
  5256   003FD5                     IVTBASEL        equ	16341	;# 
  5257   003FD6                     IVTBASEH        equ	16342	;# 
  5258   003FD7                     IVTBASEU        equ	16343	;# 
  5259   003FD8                     STATUS          equ	16344	;# 
  5260   003FD9                     FSR2            equ	16345	;# 
  5261   003FD9                     FSR2L           equ	16345	;# 
  5262   003FDA                     FSR2H           equ	16346	;# 
  5263   003FDB                     PLUSW2          equ	16347	;# 
  5264   003FDC                     PREINC2         equ	16348	;# 
  5265   003FDD                     POSTDEC2        equ	16349	;# 
  5266   003FDE                     POSTINC2        equ	16350	;# 
  5267   003FDF                     INDF2           equ	16351	;# 
  5268   003FE0                     BSR             equ	16352	;# 
  5269   003FE1                     FSR1            equ	16353	;# 
  5270   003FE1                     FSR1L           equ	16353	;# 
  5271   003FE2                     FSR1H           equ	16354	;# 
  5272   003FE3                     PLUSW1          equ	16355	;# 
  5273   003FE4                     PREINC1         equ	16356	;# 
  5274   003FE5                     POSTDEC1        equ	16357	;# 
  5275   003FE6                     POSTINC1        equ	16358	;# 
  5276   003FE7                     INDF1           equ	16359	;# 
  5277   003FE8                     WREG            equ	16360	;# 
  5278   003FE9                     FSR0            equ	16361	;# 
  5279   003FE9                     FSR0L           equ	16361	;# 
  5280   003FEA                     FSR0H           equ	16362	;# 
  5281   003FEB                     PLUSW0          equ	16363	;# 
  5282   003FEC                     PREINC0         equ	16364	;# 
  5283   003FED                     POSTDEC0        equ	16365	;# 
  5284   003FEE                     POSTINC0        equ	16366	;# 
  5285   003FEF                     INDF0           equ	16367	;# 
  5286   003FF0                     PCON0           equ	16368	;# 
  5287   003FF1                     PCON1           equ	16369	;# 
  5288   003FF3                     PROD            equ	16371	;# 
  5289   003FF3                     PRODL           equ	16371	;# 
  5290   003FF4                     PRODH           equ	16372	;# 
  5291   003FF5                     TABLAT          equ	16373	;# 
  5292   003FF6                     TBLPTR          equ	16374	;# 
  5293   003FF6                     TBLPTRL         equ	16374	;# 
  5294   003FF7                     TBLPTRH         equ	16375	;# 
  5295   003FF8                     TBLPTRU         equ	16376	;# 
  5296   003FF9                     PCLAT           equ	16377	;# 
  5297   003FF9                     PCL             equ	16377	;# 
  5298   003FFA                     PCLATH          equ	16378	;# 
  5299   003FFB                     PCLATU          equ	16379	;# 
  5300   003FFC                     STKPTR          equ	16380	;# 
  5301   003FFD                     TOS             equ	16381	;# 
  5302   003FFD                     TOSL            equ	16381	;# 
  5303   003FFE                     TOSH            equ	16382	;# 
  5304   003FFF                     TOSU            equ	16383	;# 
  5305                           
  5306 ;; Function _INT0_DefaultInterruptHandler is unused but had its address taken
  5307   000000                     _INT0_DefaultInterruptHandler equ	0
  5308                           
  5309 ;; Function _INT1_DefaultInterruptHandler is unused but had its address taken
  5310   000000                     _INT1_DefaultInterruptHandler equ	0
  5311                           
  5312 ;; Function _INT2_DefaultInterruptHandler is unused but had its address taken
  5313   000000                     _INT2_DefaultInterruptHandler equ	0
  5314                           
  5315 ;; Function _UART2_Initialize is unused but had its address taken
  5316   000000                     _UART2_Initialize equ	0
  5317                           
  5318 ;; Function _UART2_Deinitialize is unused but had its address taken
  5319   000000                     _UART2_Deinitialize equ	0
  5320                           
  5321 ;; Function _UART2_TransmitEnable is unused but had its address taken
  5322   000000                     _UART2_TransmitEnable equ	0
  5323                           
  5324 ;; Function _UART2_TransmitDisable is unused but had its address taken
  5325   000000                     _UART2_TransmitDisable equ	0
  5326                           
  5327 ;; Function _UART2_AutoBaudSet is unused but had its address taken
  5328   000000                     _UART2_AutoBaudSet equ	0
  5329                           
  5330 ;; Function _UART2_AutoBaudQuery is unused but had its address taken
  5331   000000                     _UART2_AutoBaudQuery equ	0
  5332                           
  5333 ;; Function _UART2_IsRxReady is unused but had its address taken
  5334   000000                     _UART2_IsRxReady equ	0
  5335                           
  5336 ;; Function _UART2_IsTxDone is unused but had its address taken
  5337   000000                     _UART2_IsTxDone equ	0
  5338                           
  5339 ;; Function _UART2_ErrorGet is unused but had its address taken
  5340   000000                     _UART2_ErrorGet equ	0
  5341                           
  5342 ;; Function _UART2_Read is unused but had its address taken
  5343   000000                     _UART2_Read     equ	0
  5344                           
  5345 ;; Function _UART2_DefaultFramingErrorCallback is unused but had its address taken
  5346   000000                     _UART2_DefaultFramingErrorCallback equ	0
  5347                           
  5348 ;; Function _UART2_DefaultOverrunErrorCallback is unused but had its address taken
  5349   000000                     _UART2_DefaultOverrunErrorCallback equ	0
  5350                           
  5351 ;; Function _UART2_DefaultParityErrorCallback is unused but had its address taken
  5352   000000                     _UART2_DefaultParityErrorCallback equ	0
  5353                           
  5354 ;; Function _UART2_FramingErrorCallbackRegister is unused but had its address taken
  5355   000000                     _UART2_FramingErrorCallbackRegister equ	0
  5356                           
  5357 ;; Function _UART2_OverrunErrorCallbackRegister is unused but had its address taken
  5358   000000                     _UART2_OverrunErrorCallbackRegister equ	0
  5359                           
  5360 ;; Function _UART2_ParityErrorCallbackRegister is unused but had its address taken
  5361   000000                     _UART2_ParityErrorCallbackRegister equ	0
  5362                           
  5363                           	psect	idataCOMRAM
  5364   003008                     __pidataCOMRAM:
  5365                           	callstack 0
  5366                           
  5367                           ;initializer for _duty_value1
  5368   003008  002E               	dw	46
  5369                           
  5370                           ;initializer for _duty_value2
  5371   00300A  002E               	dw	46
  5372                           
  5373                           	psect	idataBANK0
  5374   002FE6                     __pidataBANK0:
  5375                           	callstack 0
  5376                           
  5377                           ;initializer for _PWM1_INITIALIZE_DUTY_VALUE
  5378   002FE6  002E               	dw	46
  5379   002FE8  0000               	dw	0
  5380                           
  5381                           ;initializer for _PWM2_INITIALIZE_DUTY_VALUE
  5382   002FEA  002E               	dw	46
  5383   002FEC  0000               	dw	0
  5384                           
  5385                           	psect	smallconst
  5386   002000                     __psmallconst:
  5387                           	callstack 0
  5388   002000  00                 	db	0
  5389   002001                     _UART2:
  5390                           	callstack 0
  5391   002001  00                 	db	0
  5392   002002  00                 	db	0
  5393   002003  00                 	db	0
  5394   002004  00                 	db	0
  5395   002005  00                 	db	0
  5396   002006  00                 	db	0
  5397   002007  00                 	db	0
  5398   002008  00                 	db	0
  5399   002009  00                 	db	0
  5400   00200A  EE                 	db	low _UART2_Write
  5401   00200B  2F                 	db	high _UART2_Write
  5402   00200C  00                 	db	low (_UART2_Write shr (0+16))
  5403   00200D  00                 	db	0
  5404   00200E  00                 	db	0
  5405   00200F  00                 	db	0
  5406   002010  18                 	db	low _UART2_IsTxReady
  5407   002011  2F                 	db	high _UART2_IsTxReady
  5408   002012  00                 	db	low (_UART2_IsTxReady shr (0+16))
  5409   002013  00                 	db	0
  5410   002014  00                 	db	0
  5411   002015  00                 	db	0
  5412   002016  00                 	db	0
  5413   002017  00                 	db	0
  5414   002018  00                 	db	0
  5415   002019  00                 	db	0
  5416   00201A  00                 	db	0
  5417   00201B  00                 	db	0
  5418   00201C  00                 	db	0
  5419   00201D  00                 	db	0
  5420   00201E  00                 	db	0
  5421   00201F  00                 	db	0
  5422   002020  00                 	db	0
  5423   002021  00                 	db	0
  5424   002022  00                 	db	0
  5425   002023  00                 	db	0
  5426   002024  00                 	db	0
  5427   002025  00                 	db	0
  5428   002026  00                 	db	0
  5429   002027  00                 	db	0
  5430   002028  00                 	db	0
  5431   002029  00                 	db	0
  5432   00202A  00                 	db	0
  5433   00202B  00                 	db	0
  5434   00202C  00                 	db	0
  5435   00202D  00                 	db	0
  5436   00202E  00                 	db	0
  5437   00202F  00                 	db	0
  5438   002030  00                 	db	0
  5439   002031  00                 	db	0
  5440   002032  00                 	db	0
  5441   002033  00                 	db	0
  5442   002034  00                 	db	0
  5443   002035  00                 	db	0
  5444   002036  00                 	db	0
  5445   002037  00                 	db	0
  5446   002038  00                 	db	0
  5447   002039  00                 	db	0
  5448   00203A  00                 	db	0
  5449   00203B  00                 	db	0
  5450   00203C  00                 	db	0
  5451   00203D  00                 	db	0
  5452   00203E  00                 	db	0
  5453   00203F  00                 	db	0
  5454   002040  00                 	db	0
  5455   002041  00                 	db	0
  5456   002042  00                 	db	0
  5457   002043  00                 	db	0
  5458   002044  00                 	db	0
  5459   002045  00                 	db	0
  5460   002046  00                 	db	0
  5461   002047  00                 	db	0
  5462   002048  00                 	db	0
  5463   002049                     __end_of_UART2:
  5464                           	callstack 0
  5465   0039A7                     _PIR7bits       set	14759
  5466   0039A5                     _PIR5bits       set	14757
  5467   0039DE                     _OSCTUNE        set	14814
  5468   0039DD                     _OSCEN          set	14813
  5469   0039DB                     _OSCCON3        set	14811
  5470   0039D9                     _OSCCON1        set	14809
  5471   003991                     _PIE1bits       set	14737
  5472   0039A1                     _PIR1bits       set	14753
  5473   0039DF                     _OSCFRQ         set	14815
  5474   0039DC                     _OSCSTATbits    set	14812
  5475   0039A4                     _PIR4bits       set	14756
  5476   003A87                     _IOCEF          set	14983
  5477   003A86                     _IOCEN          set	14982
  5478   003A85                     _IOCEP          set	14981
  5479   003A67                     _IOCCF          set	14951
  5480   003A66                     _IOCCN          set	14950
  5481   003A65                     _IOCCP          set	14949
  5482   003A57                     _IOCBF          set	14935
  5483   003A56                     _IOCBN          set	14934
  5484   003A55                     _IOCBP          set	14933
  5485   003A47                     _IOCAF          set	14919
  5486   003A46                     _IOCAN          set	14918
  5487   003A45                     _IOCAP          set	14917
  5488   003A18                     _RD0PPS         set	14872
  5489   003AE8                     _U2RXPPS        set	15080
  5490   003A7B                     _RD1I2C         set	14971
  5491   003A7A                     _RD0I2C         set	14970
  5492   003A6B                     _RC4I2C         set	14955
  5493   003A6A                     _RC3I2C         set	14954
  5494   003A5B                     _RB2I2C         set	14939
  5495   003A5A                     _RB1I2C         set	14938
  5496   003A84                     _INLVLE         set	14980
  5497   003A74                     _INLVLD         set	14964
  5498   003A64                     _INLVLC         set	14948
  5499   003A54                     _INLVLB         set	14932
  5500   003A44                     _INLVLA         set	14916
  5501   003A83                     _SLRCONE        set	14979
  5502   003A73                     _SLRCOND        set	14963
  5503   003A63                     _SLRCONC        set	14947
  5504   003A53                     _SLRCONB        set	14931
  5505   003A43                     _SLRCONA        set	14915
  5506   003A81                     _WPUE           set	14977
  5507   003A71                     _WPUD           set	14961
  5508   003A61                     _WPUC           set	14945
  5509   003A51                     _WPUB           set	14929
  5510   003A41                     _WPUA           set	14913
  5511   003A80                     _ANSELE         set	14976
  5512   003A40                     _ANSELA         set	14912
  5513   003A82                     _ODCONE         set	14978
  5514   003A72                     _ODCOND         set	14962
  5515   003A62                     _ODCONC         set	14946
  5516   003A52                     _ODCONB         set	14930
  5517   003A42                     _ODCONA         set	14914
  5518   003A60                     _ANSELC         set	14944
  5519   003A50                     _ANSELB         set	14928
  5520   003A13                     _RC3PPS         set	14867
  5521   003A12                     _RC2PPS         set	14866
  5522   003ABF                     _PPSLOCKbits    set	15039
  5523   003ABF                     _PPSLOCK        set	15039
  5524   003A71                     _WPUDbits       set	14961
  5525   003A40                     _ANSELAbits     set	14912
  5526   003A70                     _ANSELD         set	14960
  5527   003DDF                     _U2FIFObits     set	15839
  5528   003DE1                     _U2ERRIRbits    set	15841
  5529   003DE0                     _U2UIRbits      set	15840
  5530   003DDA                     _U2CON0bits     set	15834
  5531   003DDB                     _U2CON1bits     set	15835
  5532   003DD2                     _U2TXB          set	15826
  5533   003DD0                     _U2RXB          set	15824
  5534   003DE2                     _U2ERRIE        set	15842
  5535   003DE1                     _U2ERRIR        set	15841
  5536   003DE0                     _U2UIR          set	15840
  5537   003DDF                     _U2FIFO         set	15839
  5538   003DDE                     _U2BRGH         set	15838
  5539   003DDD                     _U2BRGL         set	15837
  5540   003DDC                     _U2CON2         set	15836
  5541   003DDB                     _U2CON1         set	15835
  5542   003DDA                     _U2CON0         set	15834
  5543   003DD8                     _U2P3L          set	15832
  5544   003DD6                     _U2P2L          set	15830
  5545   003DD4                     _U2P1L          set	15828
  5546   003ED7                     _ADCPbits       set	16087
  5547   003EF9                     _ADCON1bits     set	16121
  5548   003EE2                     _ADERRL         set	16098
  5549   003EE3                     _ADERRH         set	16099
  5550   003EED                     _ADPREVL        set	16109
  5551   003EEE                     _ADPREVH        set	16110
  5552   003EE6                     _ADFLTRL        set	16102
  5553   003EE7                     _ADFLTRH        set	16103
  5554   003EFC                     _ADSTATbits     set	16124
  5555   003EEB                     _ADCNT          set	16107
  5556   003EE8                     _ADACCL         set	16104
  5557   003EE9                     _ADACCH         set	16105
  5558   003EFB                     _ADCON3bits     set	16123
  5559   003EFA                     _ADCON2bits     set	16122
  5560   003EEF                     _ADRESL         set	16111
  5561   003EF0                     _ADRESH         set	16112
  5562   003EF8                     _ADCON0         set	16120
  5563   003EFE                     _ADACT          set	16126
  5564   003EFD                     _ADREF          set	16125
  5565   003EFC                     _ADSTAT         set	16124
  5566   003EFB                     _ADCON3         set	16123
  5567   003EFA                     _ADCON2         set	16122
  5568   003EF9                     _ADCON1         set	16121
  5569   003EF5                     _ADCAP          set	16117
  5570   003ED7                     _ADCP           set	16087
  5571   003EF1                     _ADPCH          set	16113
  5572   003EEC                     _ADRPT          set	16108
  5573   003EEA                     _ADACCU         set	16106
  5574   003EE5                     _ADSTPTH        set	16101
  5575   003EE4                     _ADSTPTL        set	16100
  5576   003EE1                     _ADUTHH         set	16097
  5577   003EE0                     _ADUTHL         set	16096
  5578   003EDF                     _ADLTHH         set	16095
  5579   003EDE                     _ADLTHL         set	16094
  5580   003EF4                     _ADACQH         set	16116
  5581   003EF3                     _ADACQL         set	16115
  5582   003EF7                     _ADPREH         set	16119
  5583   003EF6                     _ADPREL         set	16118
  5584   003EFF                     _ADCLK          set	16127
  5585   003EF8                     _ADCON0bits     set	16120
  5586   003F5E                     _CCPTMRS0bits   set	16222
  5587   003FC6                     _TRISE          set	16326
  5588   003FC5                     _TRISD          set	16325
  5589   003FC4                     _TRISC          set	16324
  5590   003FC2                     _TRISA          set	16322
  5591   003FBE                     _LATE           set	16318
  5592   003FBD                     _LATD           set	16317
  5593   003FBC                     _LATC           set	16316
  5594   003FBA                     _LATA           set	16314
  5595   003FD2                     _INTCON0bits    set	16338
  5596   003FC3                     _TRISB          set	16323
  5597   003F7A                     _CCP2CONbits    set	16250
  5598   003F7E                     _CCP1CONbits    set	16254
  5599   003F78                     _CCPR2L         set	16248
  5600   003F79                     _CCPR2H         set	16249
  5601   003F7A                     _CCP2CON        set	16250
  5602   003F7C                     _CCPR1L         set	16252
  5603   003F7D                     _CCPR1H         set	16253
  5604   003F7E                     _CCP1CON        set	16254
  5605   003FC4                     _TRISCbits      set	16324
  5606   003FCD                     _PORTDbits      set	16333
  5607   003FAA                     _TMR2           set	16298
  5608   003FAC                     _T2CONbits      set	16300
  5609   003FAA                     _T2TMR          set	16298
  5610   003FAB                     _T2PR           set	16299
  5611   003FAF                     _T2RST          set	16303
  5612   003FAD                     _T2HLT          set	16301
  5613   003FAE                     _T2CLKCON       set	16302
  5614   003FBB                     _LATB           set	16315
  5615   003FBD                     _LATDbits       set	16317
  5616   003FCA                     _PORTAbits      set	16330
  5617   003FC2                     _TRISAbits      set	16322
  5618   003FC5                     _TRISDbits      set	16325
  5619   003FBA                     _LATAbits       set	16314
  5620   002049                     STR_3:
  5621                           
  5622                           ; BSR set to: 57
  5623   002049  43                 	db	67	;'C'
  5624   00204A  4F                 	db	79	;'O'
  5625   00204B  55                 	db	85	;'U'
  5626   00204C  4E                 	db	78	;'N'
  5627   00204D  54                 	db	84	;'T'
  5628   00204E  53                 	db	83	;'S'
  5629   00204F  20                 	db	32
  5630   002050  52                 	db	82	;'R'
  5631   002051  45                 	db	69	;'E'
  5632   002052  53                 	db	83	;'S'
  5633   002053  45                 	db	69	;'E'
  5634   002054  54                 	db	84	;'T'
  5635   002055  20                 	db	32
  5636   002056  20                 	db	32
  5637   002057  20                 	db	32
  5638   002058  20                 	db	32
  5639   002059  00                 	db	0
  5640   00205A                     STR_5:
  5641                           
  5642                           ; BSR set to: 57
  5643   00205A  54                 	db	84	;'T'
  5644   00205B  41                 	db	65	;'A'
  5645   00205C  52                 	db	82	;'R'
  5646   00205D  47                 	db	71	;'G'
  5647   00205E  45                 	db	69	;'E'
  5648   00205F  54                 	db	84	;'T'
  5649   002060  20                 	db	32
  5650   002061  31                 	db	49	;'1'
  5651   002062  20                 	db	32
  5652   002063  48                 	db	72	;'H'
  5653   002064  49                 	db	73	;'I'
  5654   002065  54                 	db	84	;'T'
  5655   002066  21                 	db	33
  5656   002067  20                 	db	32
  5657   002068  20                 	db	32
  5658   002069  20                 	db	32
  5659   00206A  00                 	db	0
  5660   00206B                     STR_7:
  5661                           
  5662                           ; BSR set to: 57
  5663   00206B  54                 	db	84	;'T'
  5664   00206C  41                 	db	65	;'A'
  5665   00206D  52                 	db	82	;'R'
  5666   00206E  47                 	db	71	;'G'
  5667   00206F  45                 	db	69	;'E'
  5668   002070  54                 	db	84	;'T'
  5669   002071  20                 	db	32
  5670   002072  32                 	db	50	;'2'
  5671   002073  20                 	db	32
  5672   002074  48                 	db	72	;'H'
  5673   002075  49                 	db	73	;'I'
  5674   002076  54                 	db	84	;'T'
  5675   002077  21                 	db	33
  5676   002078  20                 	db	32
  5677   002079  20                 	db	32
  5678   00207A  20                 	db	32
  5679   00207B  00                 	db	0
  5680   00207C                     STR_9:
  5681                           
  5682                           ; BSR set to: 57
  5683   00207C  54                 	db	84	;'T'
  5684   00207D  41                 	db	65	;'A'
  5685   00207E  52                 	db	82	;'R'
  5686   00207F  47                 	db	71	;'G'
  5687   002080  45                 	db	69	;'E'
  5688   002081  54                 	db	84	;'T'
  5689   002082  20                 	db	32
  5690   002083  33                 	db	51	;'3'
  5691   002084  20                 	db	32
  5692   002085  48                 	db	72	;'H'
  5693   002086  49                 	db	73	;'I'
  5694   002087  54                 	db	84	;'T'
  5695   002088  21                 	db	33
  5696   002089  20                 	db	32
  5697   00208A  20                 	db	32
  5698   00208B  20                 	db	32
  5699   00208C  00                 	db	0
  5700   00208D                     STR_1:
  5701                           
  5702                           ; BSR set to: 57
  5703   00208D  54                 	db	84	;'T'
  5704   00208E  6F                 	db	111	;'o'
  5705   00208F  74                 	db	116	;'t'
  5706   002090  61                 	db	97	;'a'
  5707   002091  6C                 	db	108	;'l'
  5708   002092  20                 	db	32
  5709   002093  48                 	db	72	;'H'
  5710   002094  69                 	db	105	;'i'
  5711   002095  74                 	db	116	;'t'
  5712   002096  73                 	db	115	;'s'
  5713   002097  3A                 	db	58	;':'
  5714   002098  20                 	db	32
  5715   002099  30                 	db	48	;'0'
  5716   00209A  20                 	db	32
  5717   00209B  20                 	db	32
  5718   00209C  20                 	db	32
  5719   00209D  00                 	db	0
  5720   00209E                     STR_4:
  5721                           
  5722                           ; BSR set to: 57
  5723   00209E  54                 	db	84	;'T'
  5724   00209F  6F                 	db	111	;'o'
  5725   0020A0  74                 	db	116	;'t'
  5726   0020A1  61                 	db	97	;'a'
  5727   0020A2  6C                 	db	108	;'l'
  5728   0020A3  20                 	db	32
  5729   0020A4  48                 	db	72	;'H'
  5730   0020A5  69                 	db	105	;'i'
  5731   0020A6  74                 	db	116	;'t'
  5732   0020A7  73                 	db	115	;'s'
  5733   0020A8  3A                 	db	58	;':'
  5734   0020A9  20                 	db	32
  5735   0020AA  25                 	db	37
  5736   0020AB  64                 	db	100	;'d'
  5737   0020AC  20                 	db	32
  5738   0020AD  20                 	db	32
  5739   0020AE  00                 	db	0
  5740   00209E                     STR_6           equ	STR_4
  5741   00209E                     STR_8           equ	STR_4
  5742   00208D                     STR_2           equ	STR_1
  5743   0020AF  00                 	db	0	; dummy byte at the end
  5744   002000                     __smallconst    set	__psmallconst
  5745   002000                     __mediumconst   set	__psmallconst
  5746   000003                     __activetblptr  equ	3
  5747                           
  5748                           ; #config settings
  5749                           
  5750                           	psect	cinit
  5751   002BD2                     __pcinit:
  5752                           	callstack 0
  5753   002BD2                     start_initialization:
  5754                           	callstack 0
  5755   002BD2                     __initialization:
  5756                           	callstack 0
  5757                           
  5758                           ; Initialize objects allocated to BANK0 (8 bytes)
  5759                           ; load TBLPTR registers with __pidataBANK0
  5760   002BD2  0EE6               	movlw	low __pidataBANK0
  5761   002BD4  6EF6               	movwf	tblptrl,c
  5762   002BD6  0E2F               	movlw	high __pidataBANK0
  5763   002BD8  6EF7               	movwf	tblptrh,c
  5764   002BDA  0E00               	movlw	low (__pidataBANK0 shr (0+16))
  5765   002BDC  6EF8               	movwf	tblptru,c
  5766   002BDE  EE00  F098         	lfsr	0,__pdataBANK0
  5767   002BE2  EE10 F008          	lfsr	1,8
  5768   002BE6                     copy_data0:
  5769   002BE6  0009               	tblrd		*+
  5770   002BE8  006F FFD7 FFEE     	movff	tablat,postinc0
  5771   002BEE  50E5               	movf	postdec1,w,c
  5772   002BF0  50E1               	movf	fsr1l,w,c
  5773   002BF2  E1F9               	bnz	copy_data0
  5774                           
  5775                           ; Initialize objects allocated to COMRAM (4 bytes)
  5776                           ; load TBLPTR registers with __pidataCOMRAM
  5777   002BF4  0E08               	movlw	low __pidataCOMRAM
  5778   002BF6  6EF6               	movwf	tblptrl,c
  5779   002BF8  0E30               	movlw	high __pidataCOMRAM
  5780   002BFA  6EF7               	movwf	tblptrh,c
  5781   002BFC  0E00               	movlw	low (__pidataCOMRAM shr (0+16))
  5782   002BFE  6EF8               	movwf	tblptru,c
  5783   002C00  EE00  F05B         	lfsr	0,__pdataCOMRAM
  5784   002C04  EE10 F004          	lfsr	1,4
  5785   002C08                     copy_data1:
  5786   002C08  0009               	tblrd		*+
  5787   002C0A  006F FFD7 FFEE     	movff	tablat,postinc0
  5788   002C10  50E5               	movf	postdec1,w,c
  5789   002C12  50E1               	movf	fsr1l,w,c
  5790   002C14  E1F9               	bnz	copy_data1
  5791                           
  5792                           ; Clear objects allocated to BANK0 (56 bytes)
  5793   002C16  EE00  F060         	lfsr	0,__pbssBANK0
  5794   002C1A  0E38               	movlw	56
  5795   002C1C                     clear_0:
  5796   002C1C  6AEE               	clrf	postinc0,c
  5797   002C1E  06E8               	decf	wreg,f,c
  5798   002C20  E1FD               	bnz	clear_0
  5799                           
  5800                           ; Clear objects allocated to COMRAM (30 bytes)
  5801   002C22  EE00  F03D         	lfsr	0,__pbssCOMRAM
  5802   002C26  0E1E               	movlw	30
  5803   002C28                     clear_1:
  5804   002C28  6AEE               	clrf	postinc0,c
  5805   002C2A  06E8               	decf	wreg,f,c
  5806   002C2C  E1FD               	bnz	clear_1
  5807                           
  5808                           ;
  5809                           ; Setup IVTBASE
  5810                           ;
  5811   003FD5                     IVTBASEL        equ	16341
  5812   003FD6                     IVTBASEH        equ	16342
  5813   003FD7                     IVTBASEU        equ	16343
  5814   002C2E  0E08               	movlw	(ivt0x8_base shr 0)& (0+255)
  5815   002C30  6ED5               	movwf	213,c
  5816   002C32  0E00               	movlw	(ivt0x8_base shr (0+8))& (0+255)
  5817   002C34  6ED6               	movwf	214,c
  5818   002C36  0E00               	movlw	(ivt0x8_base shr (0+16))& (0+255)
  5819   002C38  6ED7               	movwf	215,c
  5820   002C3A                     end_of_initialization:
  5821                           	callstack 0
  5822   002C3A                     __end_of__initialization:
  5823                           	callstack 0
  5824   002C3A  0100               	movlb	0
  5825   002C3C  EF58  F010         	goto	_main	;jump to C main() function
  5826                           
  5827                           	psect	bssCOMRAM
  5828   00003D                     __pbssCOMRAM:
  5829                           	callstack 0
  5830   00003D                     _UART2_ParityErrorHandler:
  5831                           	callstack 0
  5832   00003D                     	ds	3
  5833   000040                     _UART2_OverrunErrorHandler:
  5834                           	callstack 0
  5835   000040                     	ds	3
  5836   000043                     _UART2_FramingErrorHandler:
  5837                           	callstack 0
  5838   000043                     	ds	3
  5839   000046                     _INT2_InterruptHandler:
  5840                           	callstack 0
  5841   000046                     	ds	3
  5842   000049                     _INT1_InterruptHandler:
  5843                           	callstack 0
  5844   000049                     	ds	3
  5845   00004C                     _INT0_InterruptHandler:
  5846                           	callstack 0
  5847   00004C                     	ds	3
  5848   00004F                     _yValue:
  5849                           	callstack 0
  5850   00004F                     	ds	2
  5851   000051                     _xValue:
  5852                           	callstack 0
  5853   000051                     	ds	2
  5854   000053                     _hit_1:
  5855                           	callstack 0
  5856   000053                     	ds	2
  5857   000055                     _hit_count:
  5858                           	callstack 0
  5859   000055                     	ds	2
  5860   000057                     _flags:
  5861                           	callstack 0
  5862   000057                     	ds	1
  5863   000058                     _adc_busy_status:
  5864                           	callstack 0
  5865   000058                     	ds	1
  5866   000059                     _resetButton:
  5867                           	callstack 0
  5868   000059                     	ds	1
  5869   00005A                     _swValue:
  5870                           	callstack 0
  5871   00005A                     	ds	1
  5872                           
  5873                           	psect	dataCOMRAM
  5874   00005B                     __pdataCOMRAM:
  5875                           	callstack 0
  5876   00005B                     _duty_value1:
  5877                           	callstack 0
  5878   00005B                     	ds	2
  5879   00005D                     _duty_value2:
  5880                           	callstack 0
  5881   00005D                     	ds	2
  5882                           
  5883                           	psect	bssBANK0
  5884   000060                     __pbssBANK0:
  5885                           	callstack 0
  5886   000060                     _dbuf:
  5887                           	callstack 0
  5888   000060                     	ds	32
  5889   000080                     _ADC_ThresholdCallback:
  5890                           	callstack 0
  5891   000080                     	ds	3
  5892   000083                     _ADC_ConversionDoneCallback:
  5893                           	callstack 0
  5894   000083                     	ds	3
  5895   000086                     _width:
  5896                           	callstack 0
  5897   000086                     	ds	2
  5898   000088                     _prec:
  5899                           	callstack 0
  5900   000088                     	ds	2
  5901   00008A                     _uart2RxLastError:
  5902                           	callstack 0
  5903   00008A                     	ds	2
  5904   00008C                     _hit_3:
  5905                           	callstack 0
  5906   00008C                     	ds	2
  5907   00008E                     _hit_2:
  5908                           	callstack 0
  5909   00008E                     	ds	2
  5910   000090                     _ySpeed:
  5911                           	callstack 0
  5912   000090                     	ds	2
  5913   000092                     _xSpeed:
  5914                           	callstack 0
  5915   000092                     	ds	2
  5916   000094                     _yError:
  5917                           	callstack 0
  5918   000094                     	ds	2
  5919   000096                     _xError:
  5920                           	callstack 0
  5921   000096                     	ds	2
  5922                           
  5923                           	psect	dataBANK0
  5924   000098                     __pdataBANK0:
  5925                           	callstack 0
  5926   000098                     _PWM1_INITIALIZE_DUTY_VALUE:
  5927                           	callstack 0
  5928   000098                     	ds	4
  5929   00009C                     _PWM2_INITIALIZE_DUTY_VALUE:
  5930                           	callstack 0
  5931   00009C                     	ds	4
  5932                           
  5933                           	psect	cstackCOMRAM
  5934   000001                     __pcstackCOMRAM:
  5935                           	callstack 0
  5936   000001                     ?_ADC_ChannelSelectAndConvert:
  5937                           	callstack 0
  5938   000001                     ?___awdiv:
  5939                           	callstack 0
  5940   000001                     ?___awmod:
  5941                           	callstack 0
  5942   000001                     _UART2_IsTxReady$2186:
  5943                           	callstack 0
  5944   000001                     UART2_Write@txData:
  5945                           	callstack 0
  5946   000001                     hit_Tone@hit_count:
  5947                           	callstack 0
  5948   000001                     PWM1_LoadDutyValue@dutyValue:
  5949                           	callstack 0
  5950   000001                     PWM2_LoadDutyValue@dutyValue:
  5951                           	callstack 0
  5952   000001                     ___awdiv@dividend:
  5953                           	callstack 0
  5954   000001                     ___awmod@dividend:
  5955                           	callstack 0
  5956   000001                     ??_LCD_Command:
  5957   000001                     ??_LCD_Char:
  5958   000001                     
  5959                           ; 1 bytes @ 0x0
  5960   000001                     	ds	1
  5961   000002                     LCD_Command@cmd:
  5962                           	callstack 0
  5963   000002                     LCD_Char@dat:
  5964                           	callstack 0
  5965   000002                     putch@txData:
  5966                           	callstack 0
  5967   000002                     
  5968                           ; 1 bytes @ 0x1
  5969   000002                     	ds	1
  5970   000003                     LCD_String@msg:
  5971                           	callstack 0
  5972   000003                     ___awdiv@divisor:
  5973                           	callstack 0
  5974   000003                     ___awmod@divisor:
  5975                           	callstack 0
  5976   000003                     fputc@c:
  5977                           	callstack 0
  5978   000003                     ??_ADC_ChannelSelectAndConvert:
  5979   000003                     ??_hit_Tone:
  5980   000003                     ??_LCD_Init:
  5981   000003                     
  5982                           ; 1 bytes @ 0x2
  5983   000003                     	ds	2
  5984   000005                     LCD_String_xy@pos:
  5985                           	callstack 0
  5986   000005                     ADC_ChannelSelectAndConvert@channel:
  5987                           	callstack 0
  5988   000005                     ___awdiv@counter:
  5989                           	callstack 0
  5990   000005                     ___awmod@counter:
  5991                           	callstack 0
  5992   000005                     fputc@fp:
  5993                           	callstack 0
  5994   000005                     hit_Tone@count:
  5995                           	callstack 0
  5996   000005                     
  5997                           ; 1 bytes @ 0x4
  5998   000005                     	ds	1
  5999   000006                     ___awdiv@sign:
  6000                           	callstack 0
  6001   000006                     ___awmod@sign:
  6002                           	callstack 0
  6003   000006                     LCD_String_xy@msg:
  6004                           	callstack 0
  6005   000006                     ??_fputc:
  6006                           
  6007                           ; 1 bytes @ 0x5
  6008   000006                     	ds	1
  6009   000007                     ?_abs:
  6010                           	callstack 0
  6011   000007                     ___awdiv@quotient:
  6012                           	callstack 0
  6013   000007                     abs@a:
  6014                           	callstack 0
  6015                           
  6016                           ; 2 bytes @ 0x6
  6017   000007                     	ds	1
  6018   000008                     LCD_String_xy@row:
  6019                           	callstack 0
  6020   000008                     
  6021                           ; 1 bytes @ 0x7
  6022   000008                     	ds	1
  6023   000009                     LCD_String_xy@location:
  6024                           	callstack 0
  6025   000009                     ??_abs:
  6026                           
  6027                           ; 1 bytes @ 0x8
  6028   000009                     	ds	2
  6029   00000B                     vfpfcnvrt@fp:
  6030                           	callstack 0
  6031                           
  6032                           ; 1 bytes @ 0xA
  6033   00000B                     	ds	1
  6034   00000C                     vfpfcnvrt@fmt:
  6035                           	callstack 0
  6036                           
  6037                           ; 1 bytes @ 0xB
  6038   00000C                     	ds	1
  6039   00000D                     vfpfcnvrt@ap:
  6040                           	callstack 0
  6041                           
  6042                           ; 1 bytes @ 0xC
  6043   00000D                     	ds	1
  6044   00000E                     ??_vfpfcnvrt:
  6045                           
  6046                           ; 1 bytes @ 0xD
  6047   00000E                     	ds	1
  6048   00000F                     vfpfcnvrt@done:
  6049                           	callstack 0
  6050                           
  6051                           ; 1 bytes @ 0xE
  6052   00000F                     	ds	1
  6053   000010                     vfpfcnvrt@cp:
  6054                           	callstack 0
  6055                           
  6056                           ; 1 bytes @ 0xF
  6057   000010                     	ds	1
  6058   000011                     vfpfcnvrt@convarg:
  6059                           	callstack 0
  6060                           
  6061                           ; 4 bytes @ 0x10
  6062   000011                     	ds	4
  6063   000015                     vfpfcnvrt@c:
  6064                           	callstack 0
  6065                           
  6066                           ; 1 bytes @ 0x14
  6067   000015                     	ds	1
  6068   000016                     ?_vfprintf:
  6069                           	callstack 0
  6070   000016                     vfprintf@fp:
  6071                           	callstack 0
  6072                           
  6073                           ; 1 bytes @ 0x15
  6074   000016                     	ds	1
  6075   000017                     vfprintf@fmt:
  6076                           	callstack 0
  6077                           
  6078                           ; 1 bytes @ 0x16
  6079   000017                     	ds	1
  6080   000018                     vfprintf@ap:
  6081                           	callstack 0
  6082                           
  6083                           ; 1 bytes @ 0x17
  6084   000018                     	ds	1
  6085   000019                     vfprintf@cfmt:
  6086                           	callstack 0
  6087   000019                     
  6088                           ; 1 bytes @ 0x18
  6089   000019                     	ds	1
  6090   00001A                     ?_sprintf:
  6091                           	callstack 0
  6092   00001A                     sprintf@s:
  6093                           	callstack 0
  6094                           
  6095                           ; 1 bytes @ 0x19
  6096   00001A                     	ds	1
  6097   00001B                     sprintf@fmt:
  6098                           	callstack 0
  6099                           
  6100                           ; 1 bytes @ 0x1A
  6101   00001B                     	ds	3
  6102   00001E                     sprintf@ap:
  6103                           	callstack 0
  6104   00001E                     
  6105                           ; 1 bytes @ 0x1D
  6106   00001E                     	ds	1
  6107   00001F                     sprintf@f:
  6108                           	callstack 0
  6109                           
  6110                           ; 11 bytes @ 0x1E
  6111   00001F                     	ds	11
  6112   00002A                     ??_main:
  6113                           
  6114                           ; 1 bytes @ 0x29
  6115   00002A                     	ds	2
  6116   00002C                     main@buffer:
  6117                           	callstack 0
  6118                           
  6119                           ; 17 bytes @ 0x2B
  6120   00002C                     	ds	17
  6121                           
  6122 ;;
  6123 ;;Main: autosize = 0, tempsize = 2, incstack = 0, save=0
  6124 ;;
  6125 ;; *************** function _main *****************
  6126 ;; Defined at:
  6127 ;;		line 91 in file "maincode.c"
  6128 ;; Parameters:    Size  Location     Type
  6129 ;;		None
  6130 ;; Auto vars:     Size  Location     Type
  6131 ;;  buffer         17   43[COMRAM] unsigned char [17]
  6132 ;; Return value:  Size  Location     Type
  6133 ;;                  1    wreg      void 
  6134 ;; Registers used:
  6135 ;;		wreg, fsr0l, fsr0h, fsr1l, fsr1h, fsr2l, fsr2h, status,2, status,0, tblptrl, tblptrh, tblptru, cstack
  6136 ;; Tracked objects:
  6137 ;;		On entry : 0/0
  6138 ;;		On exit  : 0/0
  6139 ;;		Unchanged: 0/0
  6140 ;; Data sizes:     COMRAM   BANK0   BANK1   BANK2   BANK3   BANK4   BANK5   BANK6   BANK7   BANK8   BANK9  BANK10  BANK1
      +1  BANK12  BANK13  BANK14  BANK15  BANK16  BANK17  BANK18  BANK19  BANK20  BANK21  BANK22  BANK23  BANK24  BANK25  BANK2
      +6  BANK27  BANK28  BANK29  BANK30  BANK31
  6141 ;;      Params:         0       0       0       0       0       0       0       0       0       0       0       0       
      +0       0       0       0       0       0       0       0       0       0       0       0       0       0       0       
      +0       0       0       0       0       0
  6142 ;;      Locals:        17       0       0       0       0       0       0       0       0       0       0       0       
      +0       0       0       0       0       0       0       0       0       0       0       0       0       0       0       
      +0       0       0       0       0       0
  6143 ;;      Temps:          2       0       0       0       0       0       0       0       0       0       0       0       
      +0       0       0       0       0       0       0       0       0       0       0       0       0       0       0       
      +0       0       0       0       0       0
  6144 ;;      Totals:        19       0       0       0       0       0       0       0       0       0       0       0       
      +0       0       0       0       0       0       0       0       0       0       0       0       0       0       0       
      +0       0       0       0       0       0
  6145 ;;Total ram usage:       19 bytes
  6146 ;; Hardware stack levels required when called: 8
  6147 ;; This function calls:
  6148 ;;		_ADC_ChannelSelectAndConvert
  6149 ;;		_ADC_Initialize
  6150 ;;		_LCD_Init
  6151 ;;		_LCD_String_xy
  6152 ;;		_PWM1_Initialize
  6153 ;;		_PWM1_LoadDutyValue
  6154 ;;		_PWM2_Initialize
  6155 ;;		_PWM2_LoadDutyValue
  6156 ;;		_PWM_Output_RC2_RC3_Enable
  6157 ;;		_TMR2_Initialize
  6158 ;;		_TMR2_StartTimer
  6159 ;;		_hit_Tone
  6160 ;;		_sprintf
  6161 ;;		_systemInit
  6162 ;; This function is called by:
  6163 ;;		Startup code after reset
  6164 ;; This function uses a non-reentrant model
  6165 ;;
  6166                           
  6167                           	psect	text0
  6168   0020B0                     __ptext0:
  6169                           	callstack 0
  6170   0020B0                     _main:
  6171                           	callstack 23
  6172   0020B0                     
  6173                           ;maincode.c: 93:     OSCSTATbits.HFOR = 1;
  6174   0020B0  0139               	movlb	57	; () banked
  6175   0020B2  8DDC               	bsf	220,6,b	;volatile
  6176   0020B4                     
  6177                           ; BSR set to: 57
  6178                           ;maincode.c: 94:     OSCFRQ = 0x02;
  6179   0020B4  0E02               	movlw	2
  6180   0020B6  6FDF               	movwf	223,b	;volatile
  6181   0020B8                     
  6182                           ; BSR set to: 57
  6183                           ;maincode.c: 97:     ANSELB = 0x00;
  6184   0020B8  013A               	movlb	58	; () banked
  6185   0020BA  6B50               	clrf	80,b	;volatile
  6186   0020BC                     
  6187                           ; BSR set to: 58
  6188                           ;maincode.c: 98:     ANSELD = 0x00;
  6189   0020BC  6B70               	clrf	112,b	;volatile
  6190   0020BE                     
  6191                           ; BSR set to: 58
  6192                           ;maincode.c: 100:     TRISB = 0x00;
  6193   0020BE  6AC3               	clrf	195,c	;volatile
  6194   0020C0                     
  6195                           ; BSR set to: 58
  6196                           ;maincode.c: 101:     TRISDbits.TRISD0 = 0;
  6197   0020C0  90C5               	bcf	197,0,c	;volatile
  6198   0020C2                     
  6199                           ; BSR set to: 58
  6200                           ;maincode.c: 102:     TRISDbits.TRISD1 = 0;
  6201   0020C2  92C5               	bcf	197,1,c	;volatile
  6202   0020C4                     
  6203                           ; BSR set to: 58
  6204                           ;maincode.c: 104:     LATB = 0x00;
  6205   0020C4  6ABB               	clrf	187,c	;volatile
  6206   0020C6                     
  6207                           ; BSR set to: 58
  6208                           ;maincode.c: 107:     TRISAbits.TRISA0 = 1;
  6209   0020C6  80C2               	bsf	194,0,c	;volatile
  6210   0020C8                     
  6211                           ; BSR set to: 58
  6212                           ;maincode.c: 108:     TRISAbits.TRISA1 = 1;
  6213   0020C8  82C2               	bsf	194,1,c	;volatile
  6214   0020CA                     
  6215                           ; BSR set to: 58
  6216                           ;maincode.c: 109:     TRISAbits.TRISA2 = 0;
  6217   0020CA  94C2               	bcf	194,2,c	;volatile
  6218   0020CC                     
  6219                           ; BSR set to: 58
  6220                           ;maincode.c: 110:     TRISAbits.TRISA3 = 1;
  6221   0020CC  86C2               	bsf	194,3,c	;volatile
  6222   0020CE                     
  6223                           ; BSR set to: 58
  6224                           ;maincode.c: 112:     ANSELAbits.ANSELA0 = 1;
  6225   0020CE  8140               	bsf	64,0,b	;volatile
  6226   0020D0                     
  6227                           ; BSR set to: 58
  6228                           ;maincode.c: 113:     ANSELAbits.ANSELA1 = 1;
  6229   0020D0  8340               	bsf	64,1,b	;volatile
  6230   0020D2                     
  6231                           ; BSR set to: 58
  6232                           ;maincode.c: 114:     ANSELAbits.ANSELA2 = 0;
  6233   0020D2  9540               	bcf	64,2,b	;volatile
  6234   0020D4                     
  6235                           ; BSR set to: 58
  6236                           ;maincode.c: 115:     ANSELAbits.ANSELA3 = 0;
  6237   0020D4  9740               	bcf	64,3,b	;volatile
  6238   0020D6                     
  6239                           ; BSR set to: 58
  6240                           ;maincode.c: 118:     ANSELC = 0x00;
  6241   0020D6  6B60               	clrf	96,b	;volatile
  6242   0020D8                     
  6243                           ; BSR set to: 58
  6244                           ;maincode.c: 119:     TRISCbits.TRISC2 = 0;
  6245   0020D8  94C4               	bcf	196,2,c	;volatile
  6246   0020DA                     
  6247                           ; BSR set to: 58
  6248                           ;maincode.c: 120:     TRISCbits.TRISC3 = 0;
  6249   0020DA  96C4               	bcf	196,3,c	;volatile
  6250   0020DC                     
  6251                           ; BSR set to: 58
  6252                           ;maincode.c: 122:     TMR2_Initialize();
  6253   0020DC  ECC2  F017         	call	_TMR2_Initialize	;wreg free
  6254                           
  6255                           ;maincode.c: 123:     TMR2_StartTimer();
  6256   0020E0  ECFB  F017         	call	_TMR2_StartTimer	;wreg free
  6257   0020E4                     
  6258                           ;maincode.c: 125:     PWM_Output_RC2_RC3_Enable();
  6259   0020E4  ECA0  F017         	call	_PWM_Output_RC2_RC3_Enable	;wreg free
  6260   0020E8                     
  6261                           ;maincode.c: 126:     PWM2_Initialize();
  6262   0020E8  ECDD  F017         	call	_PWM2_Initialize	;wreg free
  6263   0020EC                     
  6264                           ;maincode.c: 127:     PWM1_Initialize();
  6265   0020EC  ECE8  F017         	call	_PWM1_Initialize	;wreg free
  6266   0020F0                     
  6267                           ;maincode.c: 129:     PWM2_LoadDutyValue(PWM2_INITIALIZE_DUTY_VALUE);
  6268   0020F0  6A02               	clrf	(PWM2_LoadDutyValue@dutyValue+1)^0,c
  6269   0020F2  0E2E               	movlw	46
  6270   0020F4  6E01               	movwf	PWM2_LoadDutyValue@dutyValue^0,c
  6271   0020F6  EC15  F017         	call	_PWM2_LoadDutyValue	;wreg free
  6272   0020FA                     
  6273                           ;maincode.c: 130:     PWM1_LoadDutyValue(PWM1_INITIALIZE_DUTY_VALUE);
  6274   0020FA  6A02               	clrf	(PWM1_LoadDutyValue@dutyValue+1)^0,c
  6275   0020FC  0E2E               	movlw	46
  6276   0020FE  6E01               	movwf	PWM1_LoadDutyValue@dutyValue^0,c
  6277   002100  EC2D  F017         	call	_PWM1_LoadDutyValue	;wreg free
  6278   002104                     
  6279                           ;maincode.c: 132:     _delay((unsigned long)((500)*(4000000/4000.0)));
  6280   002104  0E03               	movlw	3
  6281   002106  6E2B               	movwf	(??_main+1)^0,c
  6282   002108  0E8A               	movlw	138
  6283   00210A  6E2A               	movwf	??_main^0,c
  6284   00210C  0E56               	movlw	86
  6285   00210E                     u1887:
  6286   00210E  2EE8               	decfsz	wreg,f,c
  6287   002110  D7FE               	bra	u1887
  6288   002112  2E2A               	decfsz	??_main^0,f,c
  6289   002114  D7FC               	bra	u1887
  6290   002116  2E2B               	decfsz	(??_main+1)^0,f,c
  6291   002118  D7FA               	bra	u1887
  6292   00211A                     
  6293                           ;maincode.c: 134:     LCD_Init();
  6294   00211A  EC39  F014         	call	_LCD_Init	;wreg free
  6295   00211E                     
  6296                           ;maincode.c: 135:     _delay((unsigned long)((100)*(4000000/4000.0)));
  6297   00211E  0E82               	movlw	130
  6298   002120  6E2A               	movwf	??_main^0,c
  6299   002122  0EDE               	movlw	222
  6300   002124                     u1897:
  6301   002124  2EE8               	decfsz	wreg,f,c
  6302   002126  D7FE               	bra	u1897
  6303   002128  2E2A               	decfsz	??_main^0,f,c
  6304   00212A  D7FC               	bra	u1897
  6305   00212C                     
  6306                           ;maincode.c: 136:     LCD_String_xy(1, 0, "Total Hits: 0   ");
  6307   00212C  0E00               	movlw	0
  6308   00212E  6E05               	movwf	LCD_String_xy@pos^0,c
  6309   002130  0E8D               	movlw	low STR_1
  6310   002132  6E06               	movwf	LCD_String_xy@msg^0,c
  6311   002134  5006               	movf	LCD_String_xy@msg^0,w,c
  6312   002136  A4D8               	btfss	status,2,c
  6313   002138  0E20               	movlw	high __smallconst
  6314   00213A  6E07               	movwf	(LCD_String_xy@msg+1)^0,c
  6315   00213C  0E01               	movlw	1
  6316   00213E  ECC8  F016         	call	_LCD_String_xy
  6317   002142                     
  6318                           ;maincode.c: 138:     ADC_Initialize();
  6319   002142  EC20  F016         	call	_ADC_Initialize	;wreg free
  6320   002146                     
  6321                           ;maincode.c: 140:     systemInit();
  6322   002146  ECD1  F017         	call	_systemInit	;wreg free
  6323   00214A                     
  6324                           ;maincode.c: 143:     LATAbits.LATA2 = 1;
  6325   00214A  84BA               	bsf	186,2,c	;volatile
  6326   00214C                     
  6327                           ;maincode.c: 144:     _delay((unsigned long)((100)*(4000000/4000.0)));
  6328   00214C  0E82               	movlw	130
  6329   00214E  6E2A               	movwf	??_main^0,c
  6330   002150  0EDE               	movlw	222
  6331   002152                     u1907:
  6332   002152  2EE8               	decfsz	wreg,f,c
  6333   002154  D7FE               	bra	u1907
  6334   002156  2E2A               	decfsz	??_main^0,f,c
  6335   002158  D7FC               	bra	u1907
  6336   00215A                     
  6337                           ;maincode.c: 145:     LATAbits.LATA2 = 0;
  6338   00215A  94BA               	bcf	186,2,c	;volatile
  6339   00215C                     
  6340                           ;maincode.c: 146:     _delay((unsigned long)((1000)*(4000000/4000.0)));
  6341   00215C  0E06               	movlw	6
  6342   00215E  6E2B               	movwf	(??_main+1)^0,c
  6343   002160  0E13               	movlw	19
  6344   002162  6E2A               	movwf	??_main^0,c
  6345   002164  0EAE               	movlw	174
  6346   002166                     u1917:
  6347   002166  2EE8               	decfsz	wreg,f,c
  6348   002168  D7FE               	bra	u1917
  6349   00216A  2E2A               	decfsz	??_main^0,f,c
  6350   00216C  D7FC               	bra	u1917
  6351   00216E  2E2B               	decfsz	(??_main+1)^0,f,c
  6352   002170  D7FA               	bra	u1917
  6353   002172                     l3350:
  6354                           
  6355                           ;maincode.c: 151:     {;maincode.c: 152:         xValue = ADC_ChannelSelectAndConvert(AD
      +                          C_CHANNEL_ANA0);
  6356   002172  0E00               	movlw	0
  6357   002174  EC5D  F017         	call	_ADC_ChannelSelectAndConvert
  6358   002178  C001  F051         	movff	?_ADC_ChannelSelectAndConvert,_xValue
  6359   00217C  C002  F052         	movff	?_ADC_ChannelSelectAndConvert+1,_xValue+1
  6360   002180                     
  6361                           ;maincode.c: 153:         yValue = ADC_ChannelSelectAndConvert(ADC_CHANNEL_ANA1);
  6362   002180  0E01               	movlw	1
  6363   002182  EC5D  F017         	call	_ADC_ChannelSelectAndConvert
  6364   002186  C001  F04F         	movff	?_ADC_ChannelSelectAndConvert,_yValue
  6365   00218A  C002  F050         	movff	?_ADC_ChannelSelectAndConvert+1,_yValue+1
  6366   00218E                     
  6367                           ;maincode.c: 154:         swValue = PORTDbits.RD3;
  6368   00218E  0E00               	movlw	0
  6369   002190  B6CD               	btfsc	205,3,c	;volatile
  6370   002192  0E01               	movlw	1
  6371   002194  6E5A               	movwf	_swValue^0,c
  6372   002196                     
  6373                           ;maincode.c: 155:         resetButton = PORTAbits.RA3;
  6374   002196  0E00               	movlw	0
  6375   002198  B6CA               	btfsc	202,3,c	;volatile
  6376   00219A  0E01               	movlw	1
  6377   00219C  6E59               	movwf	_resetButton^0,c
  6378   00219E                     
  6379                           ;maincode.c: 158:         if(resetButton == 1)
  6380   00219E  0459               	decf	_resetButton^0,w,c
  6381   0021A0  A4D8               	btfss	status,2,c
  6382   0021A2  EFD5  F010         	goto	u1411
  6383   0021A6  EFD7  F010         	goto	u1410
  6384   0021AA                     u1411:
  6385   0021AA  EF0F  F011         	goto	l3374
  6386   0021AE                     u1410:
  6387   0021AE                     
  6388                           ;maincode.c: 159:         {;maincode.c: 160:             hit_count = 0;
  6389   0021AE  6A56               	clrf	(_hit_count+1)^0,c
  6390   0021B0  0E00               	movlw	0
  6391   0021B2  6E55               	movwf	_hit_count^0,c
  6392                           
  6393                           ;maincode.c: 161:             hit_1 = 0;
  6394   0021B4  6A54               	clrf	(_hit_1+1)^0,c
  6395   0021B6  0E00               	movlw	0
  6396   0021B8  6E53               	movwf	_hit_1^0,c
  6397                           
  6398                           ;maincode.c: 162:             hit_2 = 0;
  6399   0021BA  0100               	movlb	0	; () banked
  6400   0021BC  6B8F               	clrf	(_hit_2+1)& (0+255),b
  6401   0021BE  0E00               	movlw	0
  6402   0021C0  6F8E               	movwf	_hit_2& (0+255),b
  6403                           
  6404                           ;maincode.c: 163:             hit_3 = 0;
  6405   0021C2  6B8D               	clrf	(_hit_3+1)& (0+255),b
  6406   0021C4  0E00               	movlw	0
  6407   0021C6  6F8C               	movwf	_hit_3& (0+255),b
  6408   0021C8                     
  6409                           ; BSR set to: 0
  6410                           ;maincode.c: 165:             LCD_String_xy(1, 0, "Total Hits: 0   ");
  6411   0021C8  0E00               	movlw	0
  6412   0021CA  6E05               	movwf	LCD_String_xy@pos^0,c
  6413   0021CC  0E8D               	movlw	low STR_1
  6414   0021CE  6E06               	movwf	LCD_String_xy@msg^0,c
  6415   0021D0  5006               	movf	LCD_String_xy@msg^0,w,c
  6416   0021D2  A4D8               	btfss	status,2,c
  6417   0021D4  0E20               	movlw	high __smallconst
  6418   0021D6  6E07               	movwf	(LCD_String_xy@msg+1)^0,c
  6419   0021D8  0E01               	movlw	1
  6420   0021DA  ECC8  F016         	call	_LCD_String_xy
  6421   0021DE                     
  6422                           ;maincode.c: 166:             LCD_String_xy(2, 0, "COUNTS RESET    ");
  6423   0021DE  0E00               	movlw	0
  6424   0021E0  6E05               	movwf	LCD_String_xy@pos^0,c
  6425   0021E2  0E49               	movlw	low STR_3
  6426   0021E4  6E06               	movwf	LCD_String_xy@msg^0,c
  6427   0021E6  5006               	movf	LCD_String_xy@msg^0,w,c
  6428   0021E8  A4D8               	btfss	status,2,c
  6429   0021EA  0E20               	movlw	high __smallconst
  6430   0021EC  6E07               	movwf	(LCD_String_xy@msg+1)^0,c
  6431   0021EE  0E02               	movlw	2
  6432   0021F0  ECC8  F016         	call	_LCD_String_xy
  6433   0021F4                     
  6434                           ;maincode.c: 168:             LATAbits.LATA2 = 1;
  6435   0021F4  84BA               	bsf	186,2,c	;volatile
  6436   0021F6                     
  6437                           ;maincode.c: 169:             _delay((unsigned long)((100)*(4000000/4000.0)));
  6438   0021F6  0E82               	movlw	130
  6439   0021F8  6E2A               	movwf	??_main^0,c
  6440   0021FA  0EDE               	movlw	222
  6441   0021FC                     u1927:
  6442   0021FC  2EE8               	decfsz	wreg,f,c
  6443   0021FE  D7FE               	bra	u1927
  6444   002200  2E2A               	decfsz	??_main^0,f,c
  6445   002202  D7FC               	bra	u1927
  6446   002204                     
  6447                           ;maincode.c: 170:             LATAbits.LATA2 = 0;
  6448   002204  94BA               	bcf	186,2,c	;volatile
  6449   002206                     
  6450                           ;maincode.c: 172:             _delay((unsigned long)((300)*(4000000/4000.0)));
  6451   002206  0E02               	movlw	2
  6452   002208  6E2B               	movwf	(??_main+1)^0,c
  6453   00220A  0E86               	movlw	134
  6454   00220C  6E2A               	movwf	??_main^0,c
  6455   00220E  0E99               	movlw	153
  6456   002210                     u1937:
  6457   002210  2EE8               	decfsz	wreg,f,c
  6458   002212  D7FE               	bra	u1937
  6459   002214  2E2A               	decfsz	??_main^0,f,c
  6460   002216  D7FC               	bra	u1937
  6461   002218  2E2B               	decfsz	(??_main+1)^0,f,c
  6462   00221A  D7FA               	bra	u1937
  6463   00221C  0000               	nop	
  6464   00221E                     l3374:
  6465                           
  6466                           ;maincode.c: 176:         if(xValue < 50)
  6467   00221E  5052               	movf	(_xValue+1)^0,w,c
  6468   002220  E107               	bnz	u1421
  6469   002222  0E32               	movlw	50
  6470   002224  5C51               	subwf	_xValue^0,w,c
  6471   002226  B0D8               	btfsc	status,0,c
  6472   002228  EF18  F011         	goto	u1421
  6473   00222C  EF1A  F011         	goto	u1420
  6474   002230                     u1421:
  6475   002230  EF45  F011         	goto	l3384
  6476   002234                     u1420:
  6477   002234                     
  6478                           ;maincode.c: 177:         {;maincode.c: 178:             if(duty_value2 < 76)
  6479   002234  BE5E               	btfsc	(_duty_value2+1)^0,7,c
  6480   002236  EF28  F011         	goto	u1430
  6481   00223A  505E               	movf	(_duty_value2+1)^0,w,c
  6482   00223C  E107               	bnz	u1431
  6483   00223E  0E4C               	movlw	76
  6484   002240  5C5D               	subwf	_duty_value2^0,w,c
  6485   002242  B0D8               	btfsc	status,0,c
  6486   002244  EF26  F011         	goto	u1431
  6487   002248  EF28  F011         	goto	u1430
  6488   00224C                     u1431:
  6489   00224C  EFCC  F011         	goto	l3418
  6490   002250                     u1430:
  6491   002250                     
  6492                           ;maincode.c: 179:             {;maincode.c: 180:                 duty_value2 += 3;
  6493   002250  0E03               	movlw	3
  6494   002252  265D               	addwf	_duty_value2^0,f,c
  6495   002254  0E00               	movlw	0
  6496   002256  225E               	addwfc	(_duty_value2+1)^0,f,c
  6497                           
  6498                           ;maincode.c: 182:                 if(duty_value2 > 76)
  6499   002258  BE5E               	btfsc	(_duty_value2+1)^0,7,c
  6500   00225A  EF38  F011         	goto	u1441
  6501   00225E  505E               	movf	(_duty_value2+1)^0,w,c
  6502   002260  E109               	bnz	u1440
  6503   002262  0E4D               	movlw	77
  6504   002264  5C5D               	subwf	_duty_value2^0,w,c
  6505   002266  A0D8               	btfss	status,0,c
  6506   002268  EF38  F011         	goto	u1441
  6507   00226C  EF3A  F011         	goto	u1440
  6508   002270                     u1441:
  6509   002270  EF3D  F011         	goto	l3382
  6510   002274                     u1440:
  6511   002274                     l3380:
  6512                           
  6513                           ;maincode.c: 183:                     duty_value2 = 76;
  6514   002274  6A5E               	clrf	(_duty_value2+1)^0,c
  6515   002276  0E4C               	movlw	76
  6516   002278  6E5D               	movwf	_duty_value2^0,c
  6517   00227A                     l3382:
  6518                           
  6519                           ;maincode.c: 185:                 PWM2_LoadDutyValue(duty_value2);
  6520   00227A  C05D  F001         	movff	_duty_value2,PWM2_LoadDutyValue@dutyValue
  6521   00227E  C05E  F002         	movff	_duty_value2+1,PWM2_LoadDutyValue@dutyValue+1
  6522   002282  EC15  F017         	call	_PWM2_LoadDutyValue	;wreg free
  6523   002286  EFCC  F011         	goto	l3418
  6524   00228A                     l3384:
  6525   00228A  0E9E               	movlw	158
  6526   00228C  5C51               	subwf	_xValue^0,w,c
  6527   00228E  0E07               	movlw	7
  6528   002290  5852               	subwfb	(_xValue+1)^0,w,c
  6529   002292  B0D8               	btfsc	status,0,c
  6530   002294  EF4E  F011         	goto	u1451
  6531   002298  EF50  F011         	goto	u1450
  6532   00229C                     u1451:
  6533   00229C  EF70  F011         	goto	l3396
  6534   0022A0                     u1450:
  6535   0022A0                     
  6536                           ;maincode.c: 189:         {;maincode.c: 190:             if(duty_value2 < 76)
  6537   0022A0  BE5E               	btfsc	(_duty_value2+1)^0,7,c
  6538   0022A2  EF5E  F011         	goto	u1460
  6539   0022A6  505E               	movf	(_duty_value2+1)^0,w,c
  6540   0022A8  E107               	bnz	u1461
  6541   0022AA  0E4C               	movlw	76
  6542   0022AC  5C5D               	subwf	_duty_value2^0,w,c
  6543   0022AE  B0D8               	btfsc	status,0,c
  6544   0022B0  EF5C  F011         	goto	u1461
  6545   0022B4  EF5E  F011         	goto	u1460
  6546   0022B8                     u1461:
  6547   0022B8  EFCC  F011         	goto	l3418
  6548   0022BC                     u1460:
  6549   0022BC                     
  6550                           ;maincode.c: 191:             {;maincode.c: 192:                 duty_value2 += 1;
  6551   0022BC  4A5D               	infsnz	_duty_value2^0,f,c
  6552   0022BE  2A5E               	incf	(_duty_value2+1)^0,f,c
  6553   0022C0                     
  6554                           ;maincode.c: 194:                 if(duty_value2 > 76)
  6555   0022C0  BE5E               	btfsc	(_duty_value2+1)^0,7,c
  6556   0022C2  EF6C  F011         	goto	u1471
  6557   0022C6  505E               	movf	(_duty_value2+1)^0,w,c
  6558   0022C8  E109               	bnz	u1470
  6559   0022CA  0E4D               	movlw	77
  6560   0022CC  5C5D               	subwf	_duty_value2^0,w,c
  6561   0022CE  A0D8               	btfss	status,0,c
  6562   0022D0  EF6C  F011         	goto	u1471
  6563   0022D4  EF6E  F011         	goto	u1470
  6564   0022D8                     u1471:
  6565   0022D8  EF3D  F011         	goto	l3382
  6566   0022DC                     u1470:
  6567   0022DC  EF3A  F011         	goto	l3380
  6568   0022E0                     l3396:
  6569   0022E0  0EA1               	movlw	161
  6570   0022E2  5C51               	subwf	_xValue^0,w,c
  6571   0022E4  0E0F               	movlw	15
  6572   0022E6  5852               	subwfb	(_xValue+1)^0,w,c
  6573   0022E8  A0D8               	btfss	status,0,c
  6574   0022EA  EF79  F011         	goto	u1481
  6575   0022EE  EF7B  F011         	goto	u1480
  6576   0022F2                     u1481:
  6577   0022F2  EFA0  F011         	goto	l3406
  6578   0022F6                     u1480:
  6579   0022F6                     
  6580                           ;maincode.c: 201:         {;maincode.c: 202:             if(duty_value2 > 16)
  6581   0022F6  BE5E               	btfsc	(_duty_value2+1)^0,7,c
  6582   0022F8  EF87  F011         	goto	u1491
  6583   0022FC  505E               	movf	(_duty_value2+1)^0,w,c
  6584   0022FE  E109               	bnz	u1490
  6585   002300  0E11               	movlw	17
  6586   002302  5C5D               	subwf	_duty_value2^0,w,c
  6587   002304  A0D8               	btfss	status,0,c
  6588   002306  EF87  F011         	goto	u1491
  6589   00230A  EF89  F011         	goto	u1490
  6590   00230E                     u1491:
  6591   00230E  EFCC  F011         	goto	l3418
  6592   002312                     u1490:
  6593   002312                     
  6594                           ;maincode.c: 203:             {;maincode.c: 204:                 duty_value2 -= 3;
  6595   002312  0EFD               	movlw	253
  6596   002314  265D               	addwf	_duty_value2^0,f,c
  6597   002316  0EFF               	movlw	255
  6598   002318  225E               	addwfc	(_duty_value2+1)^0,f,c
  6599                           
  6600                           ;maincode.c: 206:                 if(duty_value2 < 16)
  6601   00231A  BE5E               	btfsc	(_duty_value2+1)^0,7,c
  6602   00231C  EF9B  F011         	goto	u1500
  6603   002320  505E               	movf	(_duty_value2+1)^0,w,c
  6604   002322  E107               	bnz	u1501
  6605   002324  0E10               	movlw	16
  6606   002326  5C5D               	subwf	_duty_value2^0,w,c
  6607   002328  B0D8               	btfsc	status,0,c
  6608   00232A  EF99  F011         	goto	u1501
  6609   00232E  EF9B  F011         	goto	u1500
  6610   002332                     u1501:
  6611   002332  EF3D  F011         	goto	l3382
  6612   002336                     u1500:
  6613   002336                     l3402:
  6614                           
  6615                           ;maincode.c: 207:                     duty_value2 = 16;
  6616   002336  6A5E               	clrf	(_duty_value2+1)^0,c
  6617   002338  0E10               	movlw	16
  6618   00233A  6E5D               	movwf	_duty_value2^0,c
  6619   00233C  EF3D  F011         	goto	l3382
  6620   002340                     l3406:
  6621   002340  0E99               	movlw	153
  6622   002342  5C51               	subwf	_xValue^0,w,c
  6623   002344  0E08               	movlw	8
  6624   002346  5852               	subwfb	(_xValue+1)^0,w,c
  6625   002348  A0D8               	btfss	status,0,c
  6626   00234A  EFA9  F011         	goto	u1511
  6627   00234E  EFAB  F011         	goto	u1510
  6628   002352                     u1511:
  6629   002352  EFCC  F011         	goto	l3418
  6630   002356                     u1510:
  6631   002356                     
  6632                           ;maincode.c: 213:         {;maincode.c: 214:             if(duty_value2 > 16)
  6633   002356  BE5E               	btfsc	(_duty_value2+1)^0,7,c
  6634   002358  EFB7  F011         	goto	u1521
  6635   00235C  505E               	movf	(_duty_value2+1)^0,w,c
  6636   00235E  E109               	bnz	u1520
  6637   002360  0E11               	movlw	17
  6638   002362  5C5D               	subwf	_duty_value2^0,w,c
  6639   002364  A0D8               	btfss	status,0,c
  6640   002366  EFB7  F011         	goto	u1521
  6641   00236A  EFB9  F011         	goto	u1520
  6642   00236E                     u1521:
  6643   00236E  EFCC  F011         	goto	l3418
  6644   002372                     u1520:
  6645   002372                     
  6646                           ;maincode.c: 215:             {;maincode.c: 216:                 duty_value2 -= 1;
  6647   002372  065D               	decf	_duty_value2^0,f,c
  6648   002374  A0D8               	btfss	status,0,c
  6649   002376  065E               	decf	(_duty_value2+1)^0,f,c
  6650   002378                     
  6651                           ;maincode.c: 218:                 if(duty_value2 < 16)
  6652   002378  BE5E               	btfsc	(_duty_value2+1)^0,7,c
  6653   00237A  EFCA  F011         	goto	u1530
  6654   00237E  505E               	movf	(_duty_value2+1)^0,w,c
  6655   002380  E107               	bnz	u1531
  6656   002382  0E10               	movlw	16
  6657   002384  5C5D               	subwf	_duty_value2^0,w,c
  6658   002386  B0D8               	btfsc	status,0,c
  6659   002388  EFC8  F011         	goto	u1531
  6660   00238C  EFCA  F011         	goto	u1530
  6661   002390                     u1531:
  6662   002390  EF3D  F011         	goto	l3382
  6663   002394                     u1530:
  6664   002394  EF9B  F011         	goto	l3402
  6665   002398                     l3418:
  6666                           
  6667                           ;maincode.c: 226:         if(yValue < 50)
  6668   002398  5050               	movf	(_yValue+1)^0,w,c
  6669   00239A  E107               	bnz	u1541
  6670   00239C  0E32               	movlw	50
  6671   00239E  5C4F               	subwf	_yValue^0,w,c
  6672   0023A0  B0D8               	btfsc	status,0,c
  6673   0023A2  EFD5  F011         	goto	u1541
  6674   0023A6  EFD7  F011         	goto	u1540
  6675   0023AA                     u1541:
  6676   0023AA  EF02  F012         	goto	l3428
  6677   0023AE                     u1540:
  6678   0023AE                     
  6679                           ;maincode.c: 227:         {;maincode.c: 228:             if(duty_value1 < 76)
  6680   0023AE  BE5C               	btfsc	(_duty_value1+1)^0,7,c
  6681   0023B0  EFE5  F011         	goto	u1550
  6682   0023B4  505C               	movf	(_duty_value1+1)^0,w,c
  6683   0023B6  E107               	bnz	u1551
  6684   0023B8  0E4C               	movlw	76
  6685   0023BA  5C5B               	subwf	_duty_value1^0,w,c
  6686   0023BC  B0D8               	btfsc	status,0,c
  6687   0023BE  EFE3  F011         	goto	u1551
  6688   0023C2  EFE5  F011         	goto	u1550
  6689   0023C6                     u1551:
  6690   0023C6  EF89  F012         	goto	l3462
  6691   0023CA                     u1550:
  6692   0023CA                     
  6693                           ;maincode.c: 229:             {;maincode.c: 230:                 duty_value1 += 3;
  6694   0023CA  0E03               	movlw	3
  6695   0023CC  265B               	addwf	_duty_value1^0,f,c
  6696   0023CE  0E00               	movlw	0
  6697   0023D0  225C               	addwfc	(_duty_value1+1)^0,f,c
  6698                           
  6699                           ;maincode.c: 232:                 if(duty_value1 > 76)
  6700   0023D2  BE5C               	btfsc	(_duty_value1+1)^0,7,c
  6701   0023D4  EFF5  F011         	goto	u1561
  6702   0023D8  505C               	movf	(_duty_value1+1)^0,w,c
  6703   0023DA  E109               	bnz	u1560
  6704   0023DC  0E4D               	movlw	77
  6705   0023DE  5C5B               	subwf	_duty_value1^0,w,c
  6706   0023E0  A0D8               	btfss	status,0,c
  6707   0023E2  EFF5  F011         	goto	u1561
  6708   0023E6  EFF7  F011         	goto	u1560
  6709   0023EA                     u1561:
  6710   0023EA  EFFA  F011         	goto	l3426
  6711   0023EE                     u1560:
  6712   0023EE                     l3424:
  6713                           
  6714                           ;maincode.c: 233:                     duty_value1 = 76;
  6715   0023EE  6A5C               	clrf	(_duty_value1+1)^0,c
  6716   0023F0  0E4C               	movlw	76
  6717   0023F2  6E5B               	movwf	_duty_value1^0,c
  6718   0023F4                     l3426:
  6719                           
  6720                           ;maincode.c: 235:                 PWM1_LoadDutyValue(duty_value1);
  6721   0023F4  C05B  F001         	movff	_duty_value1,PWM1_LoadDutyValue@dutyValue
  6722   0023F8  C05C  F002         	movff	_duty_value1+1,PWM1_LoadDutyValue@dutyValue+1
  6723   0023FC  EC2D  F017         	call	_PWM1_LoadDutyValue	;wreg free
  6724   002400  EF89  F012         	goto	l3462
  6725   002404                     l3428:
  6726   002404  0ED0               	movlw	208
  6727   002406  5C4F               	subwf	_yValue^0,w,c
  6728   002408  0E07               	movlw	7
  6729   00240A  5850               	subwfb	(_yValue+1)^0,w,c
  6730   00240C  B0D8               	btfsc	status,0,c
  6731   00240E  EF0B  F012         	goto	u1571
  6732   002412  EF0D  F012         	goto	u1570
  6733   002416                     u1571:
  6734   002416  EF2D  F012         	goto	l3440
  6735   00241A                     u1570:
  6736   00241A                     
  6737                           ;maincode.c: 239:         {;maincode.c: 240:             if(duty_value1 < 76)
  6738   00241A  BE5C               	btfsc	(_duty_value1+1)^0,7,c
  6739   00241C  EF1B  F012         	goto	u1580
  6740   002420  505C               	movf	(_duty_value1+1)^0,w,c
  6741   002422  E107               	bnz	u1581
  6742   002424  0E4C               	movlw	76
  6743   002426  5C5B               	subwf	_duty_value1^0,w,c
  6744   002428  B0D8               	btfsc	status,0,c
  6745   00242A  EF19  F012         	goto	u1581
  6746   00242E  EF1B  F012         	goto	u1580
  6747   002432                     u1581:
  6748   002432  EF89  F012         	goto	l3462
  6749   002436                     u1580:
  6750   002436                     
  6751                           ;maincode.c: 241:             {;maincode.c: 242:                 duty_value1 += 1;
  6752   002436  4A5B               	infsnz	_duty_value1^0,f,c
  6753   002438  2A5C               	incf	(_duty_value1+1)^0,f,c
  6754   00243A                     
  6755                           ;maincode.c: 244:                 if(duty_value1 > 76)
  6756   00243A  BE5C               	btfsc	(_duty_value1+1)^0,7,c
  6757   00243C  EF29  F012         	goto	u1591
  6758   002440  505C               	movf	(_duty_value1+1)^0,w,c
  6759   002442  E109               	bnz	u1590
  6760   002444  0E4D               	movlw	77
  6761   002446  5C5B               	subwf	_duty_value1^0,w,c
  6762   002448  A0D8               	btfss	status,0,c
  6763   00244A  EF29  F012         	goto	u1591
  6764   00244E  EF2B  F012         	goto	u1590
  6765   002452                     u1591:
  6766   002452  EFFA  F011         	goto	l3426
  6767   002456                     u1590:
  6768   002456  EFF7  F011         	goto	l3424
  6769   00245A                     l3440:
  6770   00245A  0EA1               	movlw	161
  6771   00245C  5C4F               	subwf	_yValue^0,w,c
  6772   00245E  0E0F               	movlw	15
  6773   002460  5850               	subwfb	(_yValue+1)^0,w,c
  6774   002462  A0D8               	btfss	status,0,c
  6775   002464  EF36  F012         	goto	u1601
  6776   002468  EF38  F012         	goto	u1600
  6777   00246C                     u1601:
  6778   00246C  EF5D  F012         	goto	l3450
  6779   002470                     u1600:
  6780   002470                     
  6781                           ;maincode.c: 251:         {;maincode.c: 252:             if(duty_value1 > 16)
  6782   002470  BE5C               	btfsc	(_duty_value1+1)^0,7,c
  6783   002472  EF44  F012         	goto	u1611
  6784   002476  505C               	movf	(_duty_value1+1)^0,w,c
  6785   002478  E109               	bnz	u1610
  6786   00247A  0E11               	movlw	17
  6787   00247C  5C5B               	subwf	_duty_value1^0,w,c
  6788   00247E  A0D8               	btfss	status,0,c
  6789   002480  EF44  F012         	goto	u1611
  6790   002484  EF46  F012         	goto	u1610
  6791   002488                     u1611:
  6792   002488  EF89  F012         	goto	l3462
  6793   00248C                     u1610:
  6794   00248C                     
  6795                           ;maincode.c: 253:             {;maincode.c: 254:                 duty_value1 -= 3;
  6796   00248C  0EFD               	movlw	253
  6797   00248E  265B               	addwf	_duty_value1^0,f,c
  6798   002490  0EFF               	movlw	255
  6799   002492  225C               	addwfc	(_duty_value1+1)^0,f,c
  6800                           
  6801                           ;maincode.c: 256:                 if(duty_value1 < 16)
  6802   002494  BE5C               	btfsc	(_duty_value1+1)^0,7,c
  6803   002496  EF58  F012         	goto	u1620
  6804   00249A  505C               	movf	(_duty_value1+1)^0,w,c
  6805   00249C  E107               	bnz	u1621
  6806   00249E  0E10               	movlw	16
  6807   0024A0  5C5B               	subwf	_duty_value1^0,w,c
  6808   0024A2  B0D8               	btfsc	status,0,c
  6809   0024A4  EF56  F012         	goto	u1621
  6810   0024A8  EF58  F012         	goto	u1620
  6811   0024AC                     u1621:
  6812   0024AC  EFFA  F011         	goto	l3426
  6813   0024B0                     u1620:
  6814   0024B0                     l3446:
  6815                           
  6816                           ;maincode.c: 257:                     duty_value1 = 16;
  6817   0024B0  6A5C               	clrf	(_duty_value1+1)^0,c
  6818   0024B2  0E10               	movlw	16
  6819   0024B4  6E5B               	movwf	_duty_value1^0,c
  6820   0024B6  EFFA  F011         	goto	l3426
  6821   0024BA                     l3450:
  6822   0024BA  0E99               	movlw	153
  6823   0024BC  5C4F               	subwf	_yValue^0,w,c
  6824   0024BE  0E08               	movlw	8
  6825   0024C0  5850               	subwfb	(_yValue+1)^0,w,c
  6826   0024C2  A0D8               	btfss	status,0,c
  6827   0024C4  EF66  F012         	goto	u1631
  6828   0024C8  EF68  F012         	goto	u1630
  6829   0024CC                     u1631:
  6830   0024CC  EF89  F012         	goto	l3462
  6831   0024D0                     u1630:
  6832   0024D0                     
  6833                           ;maincode.c: 263:         {;maincode.c: 264:             if(duty_value1 > 16)
  6834   0024D0  BE5C               	btfsc	(_duty_value1+1)^0,7,c
  6835   0024D2  EF74  F012         	goto	u1641
  6836   0024D6  505C               	movf	(_duty_value1+1)^0,w,c
  6837   0024D8  E109               	bnz	u1640
  6838   0024DA  0E11               	movlw	17
  6839   0024DC  5C5B               	subwf	_duty_value1^0,w,c
  6840   0024DE  A0D8               	btfss	status,0,c
  6841   0024E0  EF74  F012         	goto	u1641
  6842   0024E4  EF76  F012         	goto	u1640
  6843   0024E8                     u1641:
  6844   0024E8  EF89  F012         	goto	l3462
  6845   0024EC                     u1640:
  6846   0024EC                     
  6847                           ;maincode.c: 265:             {;maincode.c: 266:                 duty_value1 -= 1;
  6848   0024EC  065B               	decf	_duty_value1^0,f,c
  6849   0024EE  A0D8               	btfss	status,0,c
  6850   0024F0  065C               	decf	(_duty_value1+1)^0,f,c
  6851   0024F2                     
  6852                           ;maincode.c: 268:                 if(duty_value1 < 16)
  6853   0024F2  BE5C               	btfsc	(_duty_value1+1)^0,7,c
  6854   0024F4  EF87  F012         	goto	u1650
  6855   0024F8  505C               	movf	(_duty_value1+1)^0,w,c
  6856   0024FA  E107               	bnz	u1651
  6857   0024FC  0E10               	movlw	16
  6858   0024FE  5C5B               	subwf	_duty_value1^0,w,c
  6859   002500  B0D8               	btfsc	status,0,c
  6860   002502  EF85  F012         	goto	u1651
  6861   002506  EF87  F012         	goto	u1650
  6862   00250A                     u1651:
  6863   00250A  EFFA  F011         	goto	l3426
  6864   00250E                     u1650:
  6865   00250E  EF58  F012         	goto	l3446
  6866   002512                     l3462:
  6867                           
  6868                           ;maincode.c: 275:         _delay((unsigned long)((150)*(4000000/4000.0)));
  6869   002512  0EC3               	movlw	195
  6870   002514  6E2A               	movwf	??_main^0,c
  6871   002516  0ECD               	movlw	205
  6872   002518                     u1947:
  6873   002518  2EE8               	decfsz	wreg,f,c
  6874   00251A  D7FE               	bra	u1947
  6875   00251C  2E2A               	decfsz	??_main^0,f,c
  6876   00251E  D7FC               	bra	u1947
  6877   002520  0000               	nop	
  6878   002522                     
  6879                           ;maincode.c: 277:         if(PORTDbits.RD4 == 1 && hit_1 == 0)
  6880   002522  A8CD               	btfss	205,4,c	;volatile
  6881   002524  EF96  F012         	goto	u1661
  6882   002528  EF98  F012         	goto	u1660
  6883   00252C                     u1661:
  6884   00252C  EFD2  F012         	goto	l264
  6885   002530                     u1660:
  6886   002530  5053               	movf	_hit_1^0,w,c
  6887   002532  1054               	iorwf	(_hit_1+1)^0,w,c
  6888   002534  A4D8               	btfss	status,2,c
  6889   002536  EF9F  F012         	goto	u1671
  6890   00253A  EFA1  F012         	goto	u1670
  6891   00253E                     u1671:
  6892   00253E  EFD2  F012         	goto	l264
  6893   002542                     u1670:
  6894   002542                     
  6895                           ;maincode.c: 278:         {;maincode.c: 279:             hit_count++;
  6896   002542  4A55               	infsnz	_hit_count^0,f,c
  6897   002544  2A56               	incf	(_hit_count+1)^0,f,c
  6898   002546                     
  6899                           ;maincode.c: 280:             hit_1 = 1;
  6900   002546  6A54               	clrf	(_hit_1+1)^0,c
  6901   002548  0E01               	movlw	1
  6902   00254A  6E53               	movwf	_hit_1^0,c
  6903   00254C                     
  6904                           ;maincode.c: 281:             hit_Tone(hit_count);
  6905   00254C  C055  F001         	movff	_hit_count,hit_Tone@hit_count
  6906   002550  C056  F002         	movff	_hit_count+1,hit_Tone@hit_count+1
  6907   002554  EC52  F016         	call	_hit_Tone	;wreg free
  6908   002558                     
  6909                           ;maincode.c: 283:             sprintf(buffer, "Total Hits: %d  ", hit_count);
  6910   002558  0E2C               	movlw	low main@buffer
  6911   00255A  6E1A               	movwf	sprintf@s^0,c
  6912   00255C  0E9E               	movlw	low STR_4
  6913   00255E  6E1B               	movwf	sprintf@fmt^0,c
  6914   002560  C055  F01C         	movff	_hit_count,?_sprintf+2
  6915   002564  C056  F01D         	movff	_hit_count+1,?_sprintf+3
  6916   002568  ECFD  F016         	call	_sprintf	;wreg free
  6917   00256C                     
  6918                           ;maincode.c: 284:             LCD_String_xy(1, 0, buffer);
  6919   00256C  0E00               	movlw	0
  6920   00256E  6E05               	movwf	LCD_String_xy@pos^0,c
  6921   002570  0E2C               	movlw	low main@buffer
  6922   002572  6E06               	movwf	LCD_String_xy@msg^0,c
  6923   002574  6A07               	clrf	(LCD_String_xy@msg+1)^0,c
  6924   002576  0E01               	movlw	1
  6925   002578  ECC8  F016         	call	_LCD_String_xy
  6926   00257C                     
  6927                           ;maincode.c: 285:             LCD_String_xy(2, 0, "TARGET 1 HIT!   ");
  6928   00257C  0E00               	movlw	0
  6929   00257E  6E05               	movwf	LCD_String_xy@pos^0,c
  6930   002580  0E5A               	movlw	low STR_5
  6931   002582  6E06               	movwf	LCD_String_xy@msg^0,c
  6932   002584  5006               	movf	LCD_String_xy@msg^0,w,c
  6933   002586  A4D8               	btfss	status,2,c
  6934   002588  0E20               	movlw	high __smallconst
  6935   00258A  6E07               	movwf	(LCD_String_xy@msg+1)^0,c
  6936   00258C  0E02               	movlw	2
  6937   00258E  ECC8  F016         	call	_LCD_String_xy
  6938   002592                     
  6939                           ;maincode.c: 287:             _delay((unsigned long)((100)*(4000000/4000.0)));
  6940   002592  0E82               	movlw	130
  6941   002594  6E2A               	movwf	??_main^0,c
  6942   002596  0EDE               	movlw	222
  6943   002598                     u1957:
  6944   002598  2EE8               	decfsz	wreg,f,c
  6945   00259A  D7FE               	bra	u1957
  6946   00259C  2E2A               	decfsz	??_main^0,f,c
  6947   00259E  D7FC               	bra	u1957
  6948                           
  6949                           ;maincode.c: 288:         }
  6950   0025A0  EFB9  F010         	goto	l3350
  6951   0025A4                     l264:
  6952   0025A4  AACD               	btfss	205,5,c	;volatile
  6953   0025A6  EFD7  F012         	goto	u1681
  6954   0025AA  EFD9  F012         	goto	u1680
  6955   0025AE                     u1681:
  6956   0025AE  EF14  F013         	goto	l266
  6957   0025B2                     u1680:
  6958   0025B2  0100               	movlb	0	; () banked
  6959   0025B4  518E               	movf	_hit_2& (0+255),w,b
  6960   0025B6  118F               	iorwf	(_hit_2+1)& (0+255),w,b
  6961   0025B8  A4D8               	btfss	status,2,c
  6962   0025BA  EFE1  F012         	goto	u1691
  6963   0025BE  EFE3  F012         	goto	u1690
  6964   0025C2                     u1691:
  6965   0025C2  EF14  F013         	goto	l266
  6966   0025C6                     u1690:
  6967   0025C6                     
  6968                           ; BSR set to: 0
  6969                           ;maincode.c: 290:         {;maincode.c: 291:             hit_count++;
  6970   0025C6  4A55               	infsnz	_hit_count^0,f,c
  6971   0025C8  2A56               	incf	(_hit_count+1)^0,f,c
  6972   0025CA                     
  6973                           ; BSR set to: 0
  6974                           ;maincode.c: 292:             hit_2 = 1;
  6975   0025CA  6B8F               	clrf	(_hit_2+1)& (0+255),b
  6976   0025CC  0E01               	movlw	1
  6977   0025CE  6F8E               	movwf	_hit_2& (0+255),b
  6978   0025D0                     
  6979                           ; BSR set to: 0
  6980                           ;maincode.c: 293:             hit_Tone(hit_count);
  6981   0025D0  C055  F001         	movff	_hit_count,hit_Tone@hit_count
  6982   0025D4  C056  F002         	movff	_hit_count+1,hit_Tone@hit_count+1
  6983   0025D8  EC52  F016         	call	_hit_Tone	;wreg free
  6984   0025DC                     
  6985                           ;maincode.c: 295:             sprintf(buffer, "Total Hits: %d  ", hit_count);
  6986   0025DC  0E2C               	movlw	low main@buffer
  6987   0025DE  6E1A               	movwf	sprintf@s^0,c
  6988   0025E0  0E9E               	movlw	low STR_4
  6989   0025E2  6E1B               	movwf	sprintf@fmt^0,c
  6990   0025E4  C055  F01C         	movff	_hit_count,?_sprintf+2
  6991   0025E8  C056  F01D         	movff	_hit_count+1,?_sprintf+3
  6992   0025EC  ECFD  F016         	call	_sprintf	;wreg free
  6993   0025F0                     
  6994                           ;maincode.c: 296:             LCD_String_xy(1, 0, buffer);
  6995   0025F0  0E00               	movlw	0
  6996   0025F2  6E05               	movwf	LCD_String_xy@pos^0,c
  6997   0025F4  0E2C               	movlw	low main@buffer
  6998   0025F6  6E06               	movwf	LCD_String_xy@msg^0,c
  6999   0025F8  6A07               	clrf	(LCD_String_xy@msg+1)^0,c
  7000   0025FA  0E01               	movlw	1
  7001   0025FC  ECC8  F016         	call	_LCD_String_xy
  7002   002600                     
  7003                           ;maincode.c: 297:             LCD_String_xy(2, 0, "TARGET 2 HIT!   ");
  7004   002600  0E00               	movlw	0
  7005   002602  6E05               	movwf	LCD_String_xy@pos^0,c
  7006   002604  0E6B               	movlw	low STR_7
  7007   002606  6E06               	movwf	LCD_String_xy@msg^0,c
  7008   002608  5006               	movf	LCD_String_xy@msg^0,w,c
  7009   00260A  A4D8               	btfss	status,2,c
  7010   00260C  0E20               	movlw	high __smallconst
  7011   00260E  6E07               	movwf	(LCD_String_xy@msg+1)^0,c
  7012   002610  0E02               	movlw	2
  7013   002612  ECC8  F016         	call	_LCD_String_xy
  7014   002616                     l3496:
  7015                           
  7016                           ;maincode.c: 299:             _delay((unsigned long)((130)*(4000000/4000.0)));
  7017   002616  0EA9               	movlw	169
  7018   002618  6E2A               	movwf	??_main^0,c
  7019   00261A  0ED4               	movlw	212
  7020   00261C                     u1967:
  7021   00261C  2EE8               	decfsz	wreg,f,c
  7022   00261E  D7FE               	bra	u1967
  7023   002620  2E2A               	decfsz	??_main^0,f,c
  7024   002622  D7FC               	bra	u1967
  7025                           
  7026                           ;maincode.c: 300:         }
  7027   002624  EFB9  F010         	goto	l3350
  7028   002628                     l266:
  7029   002628  ACCD               	btfss	205,6,c	;volatile
  7030   00262A  EF19  F013         	goto	u1701
  7031   00262E  EF1B  F013         	goto	u1700
  7032   002632                     u1701:
  7033   002632  EFB9  F010         	goto	l3350
  7034   002636                     u1700:
  7035   002636  0100               	movlb	0	; () banked
  7036   002638  518C               	movf	_hit_3& (0+255),w,b
  7037   00263A  118D               	iorwf	(_hit_3+1)& (0+255),w,b
  7038   00263C  A4D8               	btfss	status,2,c
  7039   00263E  EF23  F013         	goto	u1711
  7040   002642  EF25  F013         	goto	u1710
  7041   002646                     u1711:
  7042   002646  EFB9  F010         	goto	l3350
  7043   00264A                     u1710:
  7044   00264A                     
  7045                           ; BSR set to: 0
  7046                           ;maincode.c: 302:         {;maincode.c: 303:             hit_count++;
  7047   00264A  4A55               	infsnz	_hit_count^0,f,c
  7048   00264C  2A56               	incf	(_hit_count+1)^0,f,c
  7049   00264E                     
  7050                           ; BSR set to: 0
  7051                           ;maincode.c: 304:             hit_3 = 1;
  7052   00264E  6B8D               	clrf	(_hit_3+1)& (0+255),b
  7053   002650  0E01               	movlw	1
  7054   002652  6F8C               	movwf	_hit_3& (0+255),b
  7055   002654                     
  7056                           ; BSR set to: 0
  7057                           ;maincode.c: 305:             hit_Tone(hit_count);
  7058   002654  C055  F001         	movff	_hit_count,hit_Tone@hit_count
  7059   002658  C056  F002         	movff	_hit_count+1,hit_Tone@hit_count+1
  7060   00265C  EC52  F016         	call	_hit_Tone	;wreg free
  7061   002660                     
  7062                           ;maincode.c: 307:             sprintf(buffer, "Total Hits: %d  ", hit_count);
  7063   002660  0E2C               	movlw	low main@buffer
  7064   002662  6E1A               	movwf	sprintf@s^0,c
  7065   002664  0E9E               	movlw	low STR_4
  7066   002666  6E1B               	movwf	sprintf@fmt^0,c
  7067   002668  C055  F01C         	movff	_hit_count,?_sprintf+2
  7068   00266C  C056  F01D         	movff	_hit_count+1,?_sprintf+3
  7069   002670  ECFD  F016         	call	_sprintf	;wreg free
  7070   002674                     
  7071                           ;maincode.c: 308:             LCD_String_xy(1, 0, buffer);
  7072   002674  0E00               	movlw	0
  7073   002676  6E05               	movwf	LCD_String_xy@pos^0,c
  7074   002678  0E2C               	movlw	low main@buffer
  7075   00267A  6E06               	movwf	LCD_String_xy@msg^0,c
  7076   00267C  6A07               	clrf	(LCD_String_xy@msg+1)^0,c
  7077   00267E  0E01               	movlw	1
  7078   002680  ECC8  F016         	call	_LCD_String_xy
  7079   002684                     
  7080                           ;maincode.c: 309:             LCD_String_xy(2, 0, "TARGET 3 HIT!   ");
  7081   002684  0E00               	movlw	0
  7082   002686  6E05               	movwf	LCD_String_xy@pos^0,c
  7083   002688  0E7C               	movlw	low STR_9
  7084   00268A  6E06               	movwf	LCD_String_xy@msg^0,c
  7085   00268C  5006               	movf	LCD_String_xy@msg^0,w,c
  7086   00268E  A4D8               	btfss	status,2,c
  7087   002690  0E20               	movlw	high __smallconst
  7088   002692  6E07               	movwf	(LCD_String_xy@msg+1)^0,c
  7089   002694  0E02               	movlw	2
  7090   002696  ECC8  F016         	call	_LCD_String_xy
  7091   00269A  EF0B  F013         	goto	l3496
  7092   00269E  EF0D  F000         	goto	start
  7093   0026A2                     __end_of_main:
  7094                           	callstack 0
  7095                           
  7096 ;; *************** function _systemInit *****************
  7097 ;; Defined at:
  7098 ;;		line 38 in file "./functions.h"
  7099 ;; Parameters:    Size  Location     Type
  7100 ;;		None
  7101 ;; Auto vars:     Size  Location     Type
  7102 ;;		None
  7103 ;; Return value:  Size  Location     Type
  7104 ;;                  1    wreg      void 
  7105 ;; Registers used:
  7106 ;;		None
  7107 ;; Tracked objects:
  7108 ;;		On entry : 0/0
  7109 ;;		On exit  : 0/0
  7110 ;;		Unchanged: 0/0
  7111 ;; Data sizes:     COMRAM   BANK0   BANK1   BANK2   BANK3   BANK4   BANK5   BANK6   BANK7   BANK8   BANK9  BANK10  BANK1
      +1  BANK12  BANK13  BANK14  BANK15  BANK16  BANK17  BANK18  BANK19  BANK20  BANK21  BANK22  BANK23  BANK24  BANK25  BANK2
      +6  BANK27  BANK28  BANK29  BANK30  BANK31
  7112 ;;      Params:         0       0       0       0       0       0       0       0       0       0       0       0       
      +0       0       0       0       0       0       0       0       0       0       0       0       0       0       0       
      +0       0       0       0       0       0
  7113 ;;      Locals:         0       0       0       0       0       0       0       0       0       0       0       0       
      +0       0       0       0       0       0       0       0       0       0       0       0       0       0       0       
      +0       0       0       0       0       0
  7114 ;;      Temps:          0       0       0       0       0       0       0       0       0       0       0       0       
      +0       0       0       0       0       0       0       0       0       0       0       0       0       0       0       
      +0       0       0       0       0       0
  7115 ;;      Totals:         0       0       0       0       0       0       0       0       0       0       0       0       
      +0       0       0       0       0       0       0       0       0       0       0       0       0       0       0       
      +0       0       0       0       0       0
  7116 ;;Total ram usage:        0 bytes
  7117 ;; Hardware stack levels used: 1
  7118 ;; Hardware stack levels required when called: 2
  7119 ;; This function calls:
  7120 ;;		Nothing
  7121 ;; This function is called by:
  7122 ;;		_main
  7123 ;; This function uses a non-reentrant model
  7124 ;;
  7125                           
  7126                           	psect	text1
  7127   002FA2                     __ptext1:
  7128                           	callstack 0
  7129   002FA2                     _systemInit:
  7130                           	callstack 28
  7131   002FA2                     
  7132                           ;./functions.h: 39:             ANSELD = 0x00;
  7133   002FA2  013A               	movlb	58	; () banked
  7134   002FA4  6B70               	clrf	112,b	;volatile
  7135                           
  7136                           ;./functions.h: 40:             ANSELAbits.ANSELA2 = 0;
  7137   002FA6  9540               	bcf	64,2,b	;volatile
  7138                           
  7139                           ;./functions.h: 41:             TRISDbits.TRISD4 = 1;
  7140   002FA8  88C5               	bsf	197,4,c	;volatile
  7141                           
  7142                           ;./functions.h: 42:             TRISDbits.TRISD5 = 1;
  7143   002FAA  8AC5               	bsf	197,5,c	;volatile
  7144                           
  7145                           ;./functions.h: 43:             TRISDbits.TRISD6 = 1;
  7146   002FAC  8CC5               	bsf	197,6,c	;volatile
  7147                           
  7148                           ;./functions.h: 44:             TRISAbits.TRISA2 = 0;
  7149   002FAE  94C2               	bcf	194,2,c	;volatile
  7150                           
  7151                           ;./functions.h: 46:             WPUDbits.WPUD4 = 1;
  7152   002FB0  8971               	bsf	113,4,b	;volatile
  7153                           
  7154                           ;./functions.h: 47:             WPUDbits.WPUD5 = 1;
  7155   002FB2  8B71               	bsf	113,5,b	;volatile
  7156                           
  7157                           ;./functions.h: 48:             WPUDbits.WPUD6 = 1;
  7158   002FB4  8D71               	bsf	113,6,b	;volatile
  7159                           
  7160                           ;./functions.h: 50:             PORTAbits.RA2 = 0;
  7161   002FB6  94CA               	bcf	202,2,c	;volatile
  7162   002FB8                     
  7163                           ; BSR set to: 58
  7164   002FB8  0012               	return		;funcret
  7165   002FBA                     __end_of_systemInit:
  7166                           	callstack 0
  7167                           
  7168 ;; *************** function _sprintf *****************
  7169 ;; Defined at:
  7170 ;;		line 9 in file "C:\Program Files\Microchip\xc8\v3.10\pic\sources\c99\common\nf_sprintf.c"
  7171 ;; Parameters:    Size  Location     Type
  7172 ;;  s               1   25[COMRAM] PTR unsigned char 
  7173 ;;		 -> main@buffer(17), 
  7174 ;;  fmt             1   26[COMRAM] PTR const unsigned char 
  7175 ;;		 -> STR_8(17), STR_6(17), STR_4(17), 
  7176 ;; Auto vars:     Size  Location     Type
  7177 ;;  f              11   30[COMRAM] struct _IO_FILE
  7178 ;;  ret             2    0        int 
  7179 ;;  ap              1   29[COMRAM] PTR void [1]
  7180 ;;		 -> ?_sprintf(2), 
  7181 ;; Return value:  Size  Location     Type
  7182 ;;                  2   25[COMRAM] int 
  7183 ;; Registers used:
  7184 ;;		wreg, fsr1l, fsr1h, fsr2l, fsr2h, status,2, status,0, tblptrl, tblptrh, tblptru, cstack
  7185 ;; Tracked objects:
  7186 ;;		On entry : 0/0
  7187 ;;		On exit  : 0/0
  7188 ;;		Unchanged: 0/0
  7189 ;; Data sizes:     COMRAM   BANK0   BANK1   BANK2   BANK3   BANK4   BANK5   BANK6   BANK7   BANK8   BANK9  BANK10  BANK1
      +1  BANK12  BANK13  BANK14  BANK15  BANK16  BANK17  BANK18  BANK19  BANK20  BANK21  BANK22  BANK23  BANK24  BANK25  BANK2
      +6  BANK27  BANK28  BANK29  BANK30  BANK31
  7190 ;;      Params:         4       0       0       0       0       0       0       0       0       0       0       0       
      +0       0       0       0       0       0       0       0       0       0       0       0       0       0       0       
      +0       0       0       0       0       0
  7191 ;;      Locals:        12       0       0       0       0       0       0       0       0       0       0       0       
      +0       0       0       0       0       0       0       0       0       0       0       0       0       0       0       
      +0       0       0       0       0       0
  7192 ;;      Temps:          0       0       0       0       0       0       0       0       0       0       0       0       
      +0       0       0       0       0       0       0       0       0       0       0       0       0       0       0       
      +0       0       0       0       0       0
  7193 ;;      Totals:        16       0       0       0       0       0       0       0       0       0       0       0       
      +0       0       0       0       0       0       0       0       0       0       0       0       0       0       0       
      +0       0       0       0       0       0
  7194 ;;Total ram usage:       16 bytes
  7195 ;; Hardware stack levels used: 1
  7196 ;; Hardware stack levels required when called: 7
  7197 ;; This function calls:
  7198 ;;		_vfprintf
  7199 ;; This function is called by:
  7200 ;;		_main
  7201 ;; This function uses a non-reentrant model
  7202 ;;
  7203                           
  7204                           	psect	text2
  7205   002DFA                     __ptext2:
  7206                           	callstack 0
  7207   002DFA                     _sprintf:
  7208                           	callstack 23
  7209   002DFA  0E1C               	movlw	low (?_sprintf+2)
  7210   002DFC  6E1E               	movwf	sprintf@ap^0,c
  7211   002DFE  C01A  F01F         	movff	sprintf@s,sprintf@f
  7212   002E02  6A22               	clrf	(sprintf@f+3)^0,c
  7213   002E04  0E00               	movlw	0
  7214   002E06  6E21               	movwf	(sprintf@f+2)^0,c
  7215   002E08  6A29               	clrf	(sprintf@f+10)^0,c
  7216   002E0A  0E00               	movlw	0
  7217   002E0C  6E28               	movwf	(sprintf@f+9)^0,c
  7218   002E0E  0E1F               	movlw	low sprintf@f
  7219   002E10  6E16               	movwf	vfprintf@fp^0,c
  7220   002E12  C01B  F017         	movff	sprintf@fmt,vfprintf@fmt
  7221   002E16  0E1E               	movlw	low sprintf@ap
  7222   002E18  6E18               	movwf	vfprintf@ap^0,c
  7223   002E1A  ECA7  F016         	call	_vfprintf	;wreg free
  7224   002E1E  501A               	movf	sprintf@s^0,w,c
  7225   002E20  2421               	addwf	(sprintf@f+2)^0,w,c
  7226   002E22  6ED9               	movwf	fsr2l,c
  7227   002E24  6ADA               	clrf	fsr2h,c
  7228   002E26  6ADF               	clrf	indf2,c
  7229   002E28  0012               	return		;funcret
  7230   002E2A                     __end_of_sprintf:
  7231                           	callstack 0
  7232                           
  7233 ;; *************** function _vfprintf *****************
  7234 ;; Defined at:
  7235 ;;		line 1817 in file "C:\Program Files\Microchip\xc8\v3.10\pic\sources\c99\common\doprnt.c"
  7236 ;; Parameters:    Size  Location     Type
  7237 ;;  fp              1   21[COMRAM] PTR struct _IO_FILE
  7238 ;;		 -> sprintf@f(11), 
  7239 ;;  fmt             1   22[COMRAM] PTR const unsigned char 
  7240 ;;		 -> STR_8(17), STR_6(17), STR_4(17), 
  7241 ;;  ap              1   23[COMRAM] PTR PTR void 
  7242 ;;		 -> sprintf@ap(1), 
  7243 ;; Auto vars:     Size  Location     Type
  7244 ;;  cfmt            1   24[COMRAM] PTR unsigned char 
  7245 ;;		 -> STR_8(17), STR_6(17), STR_4(17), 
  7246 ;; Return value:  Size  Location     Type
  7247 ;;                  2   21[COMRAM] int 
  7248 ;; Registers used:
  7249 ;;		wreg, fsr1l, fsr1h, fsr2l, fsr2h, status,2, status,0, tblptrl, tblptrh, tblptru, cstack
  7250 ;; Tracked objects:
  7251 ;;		On entry : 0/0
  7252 ;;		On exit  : 0/0
  7253 ;;		Unchanged: 0/0
  7254 ;; Data sizes:     COMRAM   BANK0   BANK1   BANK2   BANK3   BANK4   BANK5   BANK6   BANK7   BANK8   BANK9  BANK10  BANK1
      +1  BANK12  BANK13  BANK14  BANK15  BANK16  BANK17  BANK18  BANK19  BANK20  BANK21  BANK22  BANK23  BANK24  BANK25  BANK2
      +6  BANK27  BANK28  BANK29  BANK30  BANK31
  7255 ;;      Params:         3       0       0       0       0       0       0       0       0       0       0       0       
      +0       0       0       0       0       0       0       0       0       0       0       0       0       0       0       
      +0       0       0       0       0       0
  7256 ;;      Locals:         1       0       0       0       0       0       0       0       0       0       0       0       
      +0       0       0       0       0       0       0       0       0       0       0       0       0       0       0       
      +0       0       0       0       0       0
  7257 ;;      Temps:          0       0       0       0       0       0       0       0       0       0       0       0       
      +0       0       0       0       0       0       0       0       0       0       0       0       0       0       0       
      +0       0       0       0       0       0
  7258 ;;      Totals:         4       0       0       0       0       0       0       0       0       0       0       0       
      +0       0       0       0       0       0       0       0       0       0       0       0       0       0       0       
      +0       0       0       0       0       0
  7259 ;;Total ram usage:        4 bytes
  7260 ;; Hardware stack levels used: 1
  7261 ;; Hardware stack levels required when called: 6
  7262 ;; This function calls:
  7263 ;;		_vfpfcnvrt
  7264 ;; This function is called by:
  7265 ;;		_sprintf
  7266 ;; This function uses a non-reentrant model
  7267 ;;
  7268                           
  7269                           	psect	text3
  7270   002D4E                     __ptext3:
  7271                           	callstack 0
  7272   002D4E                     _vfprintf:
  7273                           	callstack 23
  7274   002D4E                     
  7275                           ;C:\Program Files\Microchip\xc8\v3.10\pic\sources\c99\common\doprnt.c: 1817: int vfprint
      +                          f(FILE *fp, const char *fmt, va_list ap);C:\Program Files\Microchip\xc8\v3.10\pic\source
      +                          s\c99\common\doprnt.c: 1818: {;C:\Program Files\Microchip\xc8\v3.10\pic\sources\c99\comm
      +                          on\doprnt.c: 1820:     char *cfmt;;C:\Program Files\Microchip\xc8\v3.10\pic\sources\c99\
      +                          common\doprnt.c: 1822:     cfmt = (char *)fmt;
  7276   002D4E  C017  F019         	movff	vfprintf@fmt,vfprintf@cfmt
  7277                           
  7278                           ;C:\Program Files\Microchip\xc8\v3.10\pic\sources\c99\common\doprnt.c: 1826:     while (
      +                          *cfmt) {
  7279   002D52  EFB3  F016         	goto	l3102
  7280   002D56                     l3100:
  7281                           
  7282                           ;C:\Program Files\Microchip\xc8\v3.10\pic\sources\c99\common\doprnt.c: 1830:    vfpfcnvr
      +                          t(fp, &cfmt, ap);
  7283   002D56  C016  F00B         	movff	vfprintf@fp,vfpfcnvrt@fp
  7284   002D5A  0E19               	movlw	low vfprintf@cfmt
  7285   002D5C  6E0C               	movwf	vfpfcnvrt@fmt^0,c
  7286   002D5E  C018  F00D         	movff	vfprintf@ap,vfpfcnvrt@ap
  7287   002D62  EC51  F013         	call	_vfpfcnvrt	;wreg free
  7288   002D66                     l3102:
  7289                           
  7290                           ;C:\Program Files\Microchip\xc8\v3.10\pic\sources\c99\common\doprnt.c: 1826:     while (
      +                          *cfmt) {
  7291   002D66  0060  F067  FFF6   	movff	vfprintf@cfmt,tblptrl
  7292   002D6C                     	if	1	;There is more than 1 active tblptr byte
  7293   002D6C  0E20               	movlw	high __smallconst
  7294   002D6E  6EF7               	movwf	tblptrh,c
  7295   002D70                     	endif
  7296   002D70                     	if	0	;tblptru may be non-zero
  7297   002D70                     	endif
  7298   002D70                     	if	1	;Program memory is > 0xFFFF, there are 3 active tblptr bytes
  7299   002D70  0E00               	movlw	low (__smallconst shr (0+16))
  7300   002D72  6EF8               	movwf	tblptru,c
  7301   002D74                     	endif
  7302   002D74  0008               	tblrd		*
  7303   002D76  50F5               	movf	tablat,w,c
  7304   002D78  0900               	iorlw	0
  7305   002D7A  A4D8               	btfss	status,2,c
  7306   002D7C  EFC2  F016         	goto	u1331
  7307   002D80  EFC4  F016         	goto	u1330
  7308   002D84                     u1331:
  7309   002D84  EFAB  F016         	goto	l3100
  7310   002D88                     u1330:
  7311   002D88                     
  7312                           ;C:\Program Files\Microchip\xc8\v3.10\pic\sources\c99\common\doprnt.c: 1835:  return 0;
  7313   002D88  6A17               	clrf	(?_vfprintf+1)^0,c
  7314   002D8A  0E00               	movlw	0
  7315   002D8C  6E16               	movwf	?_vfprintf^0,c
  7316   002D8E  0012               	return		;funcret
  7317   002D90                     __end_of_vfprintf:
  7318                           	callstack 0
  7319                           
  7320 ;; *************** function _vfpfcnvrt *****************
  7321 ;; Defined at:
  7322 ;;		line 1177 in file "C:\Program Files\Microchip\xc8\v3.10\pic\sources\c99\common\doprnt.c"
  7323 ;; Parameters:    Size  Location     Type
  7324 ;;  fp              1   10[COMRAM] PTR struct _IO_FILE
  7325 ;;		 -> sprintf@f(11), 
  7326 ;;  fmt             1   11[COMRAM] PTR PTR unsigned char 
  7327 ;;		 -> vfprintf@cfmt(1), 
  7328 ;;  ap              1   12[COMRAM] PTR PTR void 
  7329 ;;		 -> sprintf@ap(1), 
  7330 ;; Auto vars:     Size  Location     Type
  7331 ;;  convarg         4   16[COMRAM] struct .
  7332 ;;  c               1   20[COMRAM] unsigned char 
  7333 ;;  cp              1   15[COMRAM] PTR unsigned char 
  7334 ;;		 -> STR_8(17), STR_6(17), STR_4(17), 
  7335 ;;  done            1   14[COMRAM] _Bool 
  7336 ;; Return value:  Size  Location     Type
  7337 ;;                  1    wreg      void 
  7338 ;; Registers used:
  7339 ;;		wreg, fsr1l, fsr1h, fsr2l, fsr2h, status,2, status,0, tblptrl, tblptrh, tblptru, cstack
  7340 ;; Tracked objects:
  7341 ;;		On entry : 0/0
  7342 ;;		On exit  : 0/0
  7343 ;;		Unchanged: 0/0
  7344 ;; Data sizes:     COMRAM   BANK0   BANK1   BANK2   BANK3   BANK4   BANK5   BANK6   BANK7   BANK8   BANK9  BANK10  BANK1
      +1  BANK12  BANK13  BANK14  BANK15  BANK16  BANK17  BANK18  BANK19  BANK20  BANK21  BANK22  BANK23  BANK24  BANK25  BANK2
      +6  BANK27  BANK28  BANK29  BANK30  BANK31
  7345 ;;      Params:         3       0       0       0       0       0       0       0       0       0       0       0       
      +0       0       0       0       0       0       0       0       0       0       0       0       0       0       0       
      +0       0       0       0       0       0
  7346 ;;      Locals:         7       0       0       0       0       0       0       0       0       0       0       0       
      +0       0       0       0       0       0       0       0       0       0       0       0       0       0       0       
      +0       0       0       0       0       0
  7347 ;;      Temps:          1       0       0       0       0       0       0       0       0       0       0       0       
      +0       0       0       0       0       0       0       0       0       0       0       0       0       0       0       
      +0       0       0       0       0       0
  7348 ;;      Totals:        11       0       0       0       0       0       0       0       0       0       0       0       
      +0       0       0       0       0       0       0       0       0       0       0       0       0       0       0       
      +0       0       0       0       0       0
  7349 ;;Total ram usage:       11 bytes
  7350 ;; Hardware stack levels used: 1
  7351 ;; Hardware stack levels required when called: 5
  7352 ;; This function calls:
  7353 ;;		___awdiv
  7354 ;;		___awmod
  7355 ;;		_abs
  7356 ;;		_fputc
  7357 ;; This function is called by:
  7358 ;;		_vfprintf
  7359 ;; This function uses a non-reentrant model
  7360 ;;
  7361                           
  7362                           	psect	text4
  7363   0026A2                     __ptext4:
  7364                           	callstack 0
  7365   0026A2                     _vfpfcnvrt:
  7366                           	callstack 23
  7367   0026A2                     
  7368                           ;C:\Program Files\Microchip\xc8\v3.10\pic\sources\c99\common\doprnt.c: 1177: vfpfcnvrt(F
      +                          ILE *fp, char *fmt[], va_list ap);C:\Program Files\Microchip\xc8\v3.10\pic\sources\c99\c
      +                          ommon\doprnt.c: 1178: {;C:\Program Files\Microchip\xc8\v3.10\pic\sources\c99\common\dopr
      +                          nt.c: 1179:     char c, *cp;;C:\Program Files\Microchip\xc8\v3.10\pic\sources\c99\common
      +                          \doprnt.c: 1180:     _Bool done;;C:\Program Files\Microchip\xc8\v3.10\pic\sources\c99\co
      +                          mmon\doprnt.c: 1188:  } convarg;;C:\Program Files\Microchip\xc8\v3.10\pic\sources\c99\co
      +                          mmon\doprnt.c: 1201:     if ((*fmt)[0] == '%') {
  7369   0026A2  500C               	movf	vfpfcnvrt@fmt^0,w,c
  7370   0026A4  6ED9               	movwf	fsr2l,c
  7371   0026A6  6ADA               	clrf	fsr2h,c
  7372   0026A8  006F FF7F FFF6     	movff	indf2,tblptrl
  7373   0026AE                     	if	1	;There is more than 1 active tblptr byte
  7374   0026AE  0E20               	movlw	high __smallconst
  7375   0026B0  6EF7               	movwf	tblptrh,c
  7376   0026B2                     	endif
  7377   0026B2                     	if	0	;tblptru may be non-zero
  7378   0026B2                     	endif
  7379   0026B2                     	if	1	;Program memory is > 0xFFFF, there are 3 active tblptr bytes
  7380   0026B2  0E00               	movlw	low (__smallconst shr (0+16))
  7381   0026B4  6EF8               	movwf	tblptru,c
  7382   0026B6                     	endif
  7383   0026B6  0008               	tblrd		*
  7384   0026B8  50F5               	movf	tablat,w,c
  7385   0026BA  0A25               	xorlw	37
  7386   0026BC  A4D8               	btfss	status,2,c
  7387   0026BE  EF63  F013         	goto	u1201
  7388   0026C2  EF65  F013         	goto	u1200
  7389   0026C6                     u1201:
  7390   0026C6  EF24  F014         	goto	l3068
  7391   0026CA                     u1200:
  7392   0026CA                     
  7393                           ;C:\Program Files\Microchip\xc8\v3.10\pic\sources\c99\common\doprnt.c: 1202:         ++*
      +                          fmt;
  7394   0026CA  500C               	movf	vfpfcnvrt@fmt^0,w,c
  7395   0026CC  6ED9               	movwf	fsr2l,c
  7396   0026CE  6ADA               	clrf	fsr2h,c
  7397   0026D0  2ADF               	incf	indf2,f,c
  7398   0026D2                     
  7399                           ;C:\Program Files\Microchip\xc8\v3.10\pic\sources\c99\common\doprnt.c: 1204:         fla
      +                          gs = width = 0;
  7400   0026D2  0100               	movlb	0	; () banked
  7401   0026D4  6B87               	clrf	(_width+1)& (0+255),b
  7402   0026D6  0E00               	movlw	0
  7403   0026D8  6F86               	movwf	_width& (0+255),b
  7404   0026DA  C086  F057         	movff	_width,_flags
  7405   0026DE                     
  7406                           ; BSR set to: 0
  7407                           ;C:\Program Files\Microchip\xc8\v3.10\pic\sources\c99\common\doprnt.c: 1205:         pre
      +                          c = -1;
  7408   0026DE  6988               	setf	_prec& (0+255),b
  7409   0026E0  6989               	setf	(_prec+1)& (0+255),b
  7410   0026E2                     
  7411                           ; BSR set to: 0
  7412                           ;C:\Program Files\Microchip\xc8\v3.10\pic\sources\c99\common\doprnt.c: 1291:   cp = *fmt
      +                          ;
  7413   0026E2  500C               	movf	vfpfcnvrt@fmt^0,w,c
  7414   0026E4  6ED9               	movwf	fsr2l,c
  7415   0026E6  6ADA               	clrf	fsr2h,c
  7416   0026E8  50DF               	movf	indf2,w,c
  7417   0026EA  6E10               	movwf	vfpfcnvrt@cp^0,c
  7418   0026EC                     
  7419                           ; BSR set to: 0
  7420                           ;C:\Program Files\Microchip\xc8\v3.10\pic\sources\c99\common\doprnt.c: 1361:   if (*cp =
      +                          = 'd' || *cp == 'i') {
  7421   0026EC  0060  F043  FFF6   	movff	vfpfcnvrt@cp,tblptrl
  7422   0026F2                     	if	1	;There is more than 1 active tblptr byte
  7423   0026F2  0E20               	movlw	high __smallconst
  7424   0026F4  6EF7               	movwf	tblptrh,c
  7425   0026F6                     	endif
  7426   0026F6                     	if	0	;tblptru may be non-zero
  7427   0026F6                     	endif
  7428   0026F6                     	if	1	;Program memory is > 0xFFFF, there are 3 active tblptr bytes
  7429   0026F6  0E00               	movlw	low (__smallconst shr (0+16))
  7430   0026F8  6EF8               	movwf	tblptru,c
  7431   0026FA                     	endif
  7432   0026FA  0008               	tblrd		*
  7433   0026FC  50F5               	movf	tablat,w,c
  7434   0026FE  0A64               	xorlw	100
  7435   002700  B4D8               	btfsc	status,2,c
  7436   002702  EF85  F013         	goto	u1211
  7437   002706  EF87  F013         	goto	u1210
  7438   00270A                     u1211:
  7439   00270A  EF98  F013         	goto	l3038
  7440   00270E                     u1210:
  7441   00270E                     
  7442                           ; BSR set to: 0
  7443   00270E  0060  F043  FFF6   	movff	vfpfcnvrt@cp,tblptrl
  7444   002714                     	if	1	;There is more than 1 active tblptr byte
  7445   002714  0E20               	movlw	high __smallconst
  7446   002716  6EF7               	movwf	tblptrh,c
  7447   002718                     	endif
  7448   002718                     	if	0	;tblptru may be non-zero
  7449   002718                     	endif
  7450   002718                     	if	1	;Program memory is > 0xFFFF, there are 3 active tblptr bytes
  7451   002718  0E00               	movlw	low (__smallconst shr (0+16))
  7452   00271A  6EF8               	movwf	tblptru,c
  7453   00271C                     	endif
  7454   00271C  0008               	tblrd		*
  7455   00271E  50F5               	movf	tablat,w,c
  7456   002720  0A69               	xorlw	105
  7457   002722  A4D8               	btfss	status,2,c
  7458   002724  EF96  F013         	goto	u1221
  7459   002728  EF98  F013         	goto	u1220
  7460   00272C                     u1221:
  7461   00272C  EF1E  F014         	goto	l3064
  7462   002730                     u1220:
  7463   002730                     l3038:
  7464                           
  7465                           ; BSR set to: 0
  7466                           ;C:\Program Files\Microchip\xc8\v3.10\pic\sources\c99\common\doprnt.c: 1404:    convarg.
      +                          sint = (vfpf_sint_t)(int)(*(int *)__va_arg(*(int **)ap, (int)0));
  7467   002730  500D               	movf	vfpfcnvrt@ap^0,w,c
  7468   002732  6ED9               	movwf	fsr2l,c
  7469   002734  6ADA               	clrf	fsr2h,c
  7470   002736  0E02               	movlw	2
  7471   002738  26DF               	addwf	indf2,f,c
  7472   00273A  5CDF               	subwf	indf2,w,c
  7473   00273C  6ED9               	movwf	fsr2l,c
  7474   00273E  6ADA               	clrf	fsr2h,c
  7475   002740  006F FF78  F011    	movff	postinc2,vfpfcnvrt@convarg
  7476   002746  006F FF78  F012    	movff	postinc2,vfpfcnvrt@convarg+1
  7477   00274C                     
  7478                           ; BSR set to: 0
  7479                           ;C:\Program Files\Microchip\xc8\v3.10\pic\sources\c99\common\doprnt.c: 1406:    *fmt = c
      +                          p+1;
  7480   00274C  500C               	movf	vfpfcnvrt@fmt^0,w,c
  7481   00274E  6ED9               	movwf	fsr2l,c
  7482   002750  6ADA               	clrf	fsr2h,c
  7483   002752  2810               	incf	vfpfcnvrt@cp^0,w,c
  7484   002754  6EDF               	movwf	indf2,c
  7485   002756                     
  7486                           ; BSR set to: 0
  7487                           ;C:\Program Files\Microchip\xc8\v3.10\pic\sources\c99\common\doprnt.c: 1408:    c = size
      +                          of(dbuf);
  7488   002756  0E20               	movlw	32
  7489   002758  6E15               	movwf	vfpfcnvrt@c^0,c
  7490                           
  7491                           ;C:\Program Files\Microchip\xc8\v3.10\pic\sources\c99\common\doprnt.c: 1409:    done = c
      +                          onvarg.sint < 0;
  7492   00275A  BE12               	btfsc	(vfpfcnvrt@convarg+1)^0,7,c
  7493   00275C  EFB2  F013         	goto	u1231
  7494   002760  EFB5  F013         	goto	u1230
  7495   002764                     u1231:
  7496   002764  0E01               	movlw	1
  7497   002766  EFB6  F013         	goto	u1240
  7498   00276A                     u1230:
  7499   00276A  0E00               	movlw	0
  7500   00276C                     u1240:
  7501   00276C  6E0F               	movwf	vfpfcnvrt@done^0,c
  7502   00276E                     l3044:
  7503                           
  7504                           ;C:\Program Files\Microchip\xc8\v3.10\pic\sources\c99\common\doprnt.c: 1411:     dbuf[--
      +                          c] = abs(convarg.sint % 10) + '0';
  7505   00276E  0615               	decf	vfpfcnvrt@c^0,f,c
  7506   002770  5015               	movf	vfpfcnvrt@c^0,w,c
  7507   002772  0F60               	addlw	low _dbuf
  7508   002774  6ED9               	movwf	fsr2l,c
  7509   002776  6ADA               	clrf	fsr2h,c
  7510   002778  C011  F001         	movff	vfpfcnvrt@convarg,___awmod@dividend
  7511   00277C  C012  F002         	movff	vfpfcnvrt@convarg+1,___awmod@dividend+1
  7512   002780  6A04               	clrf	(___awmod@divisor+1)^0,c
  7513   002782  0E0A               	movlw	10
  7514   002784  6E03               	movwf	___awmod@divisor^0,c
  7515   002786  EC03  F015         	call	___awmod	;wreg free
  7516   00278A  C001  F007         	movff	?___awmod,abs@a
  7517   00278E  C002  F008         	movff	?___awmod+1,abs@a+1
  7518   002792  ECE3  F016         	call	_abs	;wreg free
  7519   002796  5007               	movf	?_abs^0,w,c
  7520   002798  0F30               	addlw	48
  7521   00279A  6EDF               	movwf	indf2,c
  7522   00279C                     
  7523                           ;C:\Program Files\Microchip\xc8\v3.10\pic\sources\c99\common\doprnt.c: 1412:     convarg
      +                          .sint /= 10;
  7524   00279C  C011  F001         	movff	vfpfcnvrt@convarg,___awdiv@dividend
  7525   0027A0  C012  F002         	movff	vfpfcnvrt@convarg+1,___awdiv@dividend+1
  7526   0027A4  6A04               	clrf	(___awdiv@divisor+1)^0,c
  7527   0027A6  0E0A               	movlw	10
  7528   0027A8  6E03               	movwf	___awdiv@divisor^0,c
  7529   0027AA  ECA3  F014         	call	___awdiv	;wreg free
  7530   0027AE  C001  F011         	movff	?___awdiv,vfpfcnvrt@convarg
  7531   0027B2  C002  F012         	movff	?___awdiv+1,vfpfcnvrt@convarg+1
  7532   0027B6                     
  7533                           ;C:\Program Files\Microchip\xc8\v3.10\pic\sources\c99\common\doprnt.c: 1416:    } while 
      +                          (convarg.sint != 0 && c != 0);
  7534   0027B6  5011               	movf	vfpfcnvrt@convarg^0,w,c
  7535   0027B8  1012               	iorwf	(vfpfcnvrt@convarg+1)^0,w,c
  7536   0027BA  B4D8               	btfsc	status,2,c
  7537   0027BC  EFE2  F013         	goto	u1251
  7538   0027C0  EFE4  F013         	goto	u1250
  7539   0027C4                     u1251:
  7540   0027C4  EFEC  F013         	goto	l3052
  7541   0027C8                     u1250:
  7542   0027C8  5015               	movf	vfpfcnvrt@c^0,w,c
  7543   0027CA  A4D8               	btfss	status,2,c
  7544   0027CC  EFEA  F013         	goto	u1261
  7545   0027D0  EFEC  F013         	goto	u1260
  7546   0027D4                     u1261:
  7547   0027D4  EFB7  F013         	goto	l3044
  7548   0027D8                     u1260:
  7549   0027D8                     l3052:
  7550                           
  7551                           ;C:\Program Files\Microchip\xc8\v3.10\pic\sources\c99\common\doprnt.c: 1417:    if (c !=
      +                           0 && done) {
  7552   0027D8  5015               	movf	vfpfcnvrt@c^0,w,c
  7553   0027DA  B4D8               	btfsc	status,2,c
  7554   0027DC  EFF2  F013         	goto	u1271
  7555   0027E0  EFF4  F013         	goto	u1270
  7556   0027E4                     u1271:
  7557   0027E4  EF13  F014         	goto	l3062
  7558   0027E8                     u1270:
  7559   0027E8  500F               	movf	vfpfcnvrt@done^0,w,c
  7560   0027EA  B4D8               	btfsc	status,2,c
  7561   0027EC  EFFA  F013         	goto	u1281
  7562   0027F0  EFFC  F013         	goto	u1280
  7563   0027F4                     u1281:
  7564   0027F4  EF13  F014         	goto	l3062
  7565   0027F8                     u1280:
  7566   0027F8                     
  7567                           ;C:\Program Files\Microchip\xc8\v3.10\pic\sources\c99\common\doprnt.c: 1418:     dbuf[--
      +                          c] = '-';
  7568   0027F8  0615               	decf	vfpfcnvrt@c^0,f,c
  7569   0027FA  5015               	movf	vfpfcnvrt@c^0,w,c
  7570   0027FC  0F60               	addlw	low _dbuf
  7571   0027FE  6ED9               	movwf	fsr2l,c
  7572   002800  6ADA               	clrf	fsr2h,c
  7573   002802  0E2D               	movlw	45
  7574   002804  6EDF               	movwf	indf2,c
  7575   002806  EF13  F014         	goto	l3062
  7576   00280A                     l3058:
  7577                           
  7578                           ;C:\Program Files\Microchip\xc8\v3.10\pic\sources\c99\common\doprnt.c: 1424:     fputc(d
      +                          buf[c++], fp);
  7579   00280A  5015               	movf	vfpfcnvrt@c^0,w,c
  7580   00280C  0F60               	addlw	low _dbuf
  7581   00280E  6ED9               	movwf	fsr2l,c
  7582   002810  6ADA               	clrf	fsr2h,c
  7583   002812  50DF               	movf	indf2,w,c
  7584   002814  6E0E               	movwf	??_vfpfcnvrt^0,c
  7585   002816  500E               	movf	??_vfpfcnvrt^0,w,c
  7586   002818  6E03               	movwf	fputc@c^0,c
  7587   00281A  6A04               	clrf	(fputc@c+1)^0,c
  7588   00281C  C00B  F005         	movff	vfpfcnvrt@fp,fputc@fp
  7589   002820  EC5A  F015         	call	_fputc	;wreg free
  7590   002824  2A15               	incf	vfpfcnvrt@c^0,f,c
  7591   002826                     l3062:
  7592                           
  7593                           ;C:\Program Files\Microchip\xc8\v3.10\pic\sources\c99\common\doprnt.c: 1423:    while (c
      +                           != sizeof(dbuf)) {
  7594   002826  0E20               	movlw	32
  7595   002828  1815               	xorwf	vfpfcnvrt@c^0,w,c
  7596   00282A  A4D8               	btfss	status,2,c
  7597   00282C  EF1A  F014         	goto	u1291
  7598   002830  EF1C  F014         	goto	u1290
  7599   002834                     u1291:
  7600   002834  EF05  F014         	goto	l3058
  7601   002838                     u1290:
  7602   002838  EF38  F014         	goto	l1789
  7603   00283C                     l3064:
  7604                           
  7605                           ;C:\Program Files\Microchip\xc8\v3.10\pic\sources\c99\common\doprnt.c: 1806:         ++*
      +                          fmt;
  7606   00283C  500C               	movf	vfpfcnvrt@fmt^0,w,c
  7607   00283E  6ED9               	movwf	fsr2l,c
  7608   002840  6ADA               	clrf	fsr2h,c
  7609   002842  2ADF               	incf	indf2,f,c
  7610   002844  EF38  F014         	goto	l1789
  7611   002848                     l3068:
  7612                           
  7613                           ;C:\Program Files\Microchip\xc8\v3.10\pic\sources\c99\common\doprnt.c: 1811:     fputc((
      +                          int)(*fmt)[0], fp);
  7614   002848  500C               	movf	vfpfcnvrt@fmt^0,w,c
  7615   00284A  6ED9               	movwf	fsr2l,c
  7616   00284C  6ADA               	clrf	fsr2h,c
  7617   00284E  006F FF7F FFF6     	movff	indf2,tblptrl
  7618   002854                     	if	1	;There is more than 1 active tblptr byte
  7619   002854  0E20               	movlw	high __smallconst
  7620   002856  6EF7               	movwf	tblptrh,c
  7621   002858                     	endif
  7622   002858                     	if	0	;tblptru may be non-zero
  7623   002858                     	endif
  7624   002858                     	if	1	;Program memory is > 0xFFFF, there are 3 active tblptr bytes
  7625   002858  0E00               	movlw	low (__smallconst shr (0+16))
  7626   00285A  6EF8               	movwf	tblptru,c
  7627   00285C                     	endif
  7628   00285C  0008               	tblrd		*
  7629   00285E  50F5               	movf	tablat,w,c
  7630   002860  6E03               	movwf	fputc@c^0,c
  7631   002862  6A04               	clrf	(fputc@c+1)^0,c
  7632   002864  C00B  F005         	movff	vfpfcnvrt@fp,fputc@fp
  7633   002868  EC5A  F015         	call	_fputc	;wreg free
  7634   00286C  EF1E  F014         	goto	l3064
  7635   002870                     l1789:
  7636   002870  0012               	return		;funcret
  7637   002872                     __end_of_vfpfcnvrt:
  7638                           	callstack 0
  7639                           
  7640 ;; *************** function _fputc *****************
  7641 ;; Defined at:
  7642 ;;		line 8 in file "C:\Program Files\Microchip\xc8\v3.10\pic\sources\c99\common\nf_fputc.c"
  7643 ;; Parameters:    Size  Location     Type
  7644 ;;  c               2    2[COMRAM] int 
  7645 ;;  fp              1    4[COMRAM] PTR struct _IO_FILE
  7646 ;;		 -> sprintf@f(11), 
  7647 ;; Auto vars:     Size  Location     Type
  7648 ;;		None
  7649 ;; Return value:  Size  Location     Type
  7650 ;;                  2    2[COMRAM] int 
  7651 ;; Registers used:
  7652 ;;		wreg, fsr1l, fsr1h, fsr2l, fsr2h, status,2, status,0, cstack
  7653 ;; Tracked objects:
  7654 ;;		On entry : 0/0
  7655 ;;		On exit  : 0/0
  7656 ;;		Unchanged: 0/0
  7657 ;; Data sizes:     COMRAM   BANK0   BANK1   BANK2   BANK3   BANK4   BANK5   BANK6   BANK7   BANK8   BANK9  BANK10  BANK1
      +1  BANK12  BANK13  BANK14  BANK15  BANK16  BANK17  BANK18  BANK19  BANK20  BANK21  BANK22  BANK23  BANK24  BANK25  BANK2
      +6  BANK27  BANK28  BANK29  BANK30  BANK31
  7658 ;;      Params:         3       0       0       0       0       0       0       0       0       0       0       0       
      +0       0       0       0       0       0       0       0       0       0       0       0       0       0       0       
      +0       0       0       0       0       0
  7659 ;;      Locals:         0       0       0       0       0       0       0       0       0       0       0       0       
      +0       0       0       0       0       0       0       0       0       0       0       0       0       0       0       
      +0       0       0       0       0       0
  7660 ;;      Temps:          5       0       0       0       0       0       0       0       0       0       0       0       
      +0       0       0       0       0       0       0       0       0       0       0       0       0       0       0       
      +0       0       0       0       0       0
  7661 ;;      Totals:         8       0       0       0       0       0       0       0       0       0       0       0       
      +0       0       0       0       0       0       0       0       0       0       0       0       0       0       0       
      +0       0       0       0       0       0
  7662 ;;Total ram usage:        8 bytes
  7663 ;; Hardware stack levels used: 1
  7664 ;; Hardware stack levels required when called: 4
  7665 ;; This function calls:
  7666 ;;		_putch
  7667 ;; This function is called by:
  7668 ;;		_vfpfcnvrt
  7669 ;; This function uses a non-reentrant model
  7670 ;;
  7671                           
  7672                           	psect	text5
  7673   002AB4                     __ptext5:
  7674                           	callstack 0
  7675   002AB4                     _fputc:
  7676                           	callstack 23
  7677   002AB4  5005               	movf	fputc@fp^0,w,c
  7678   002AB6  B4D8               	btfsc	status,2,c
  7679   002AB8  EF60  F015         	goto	u1151
  7680   002ABC  EF62  F015         	goto	u1150
  7681   002AC0                     u1151:
  7682   002AC0  EF6A  F015         	goto	l2996
  7683   002AC4                     u1150:
  7684   002AC4  5005               	movf	fputc@fp^0,w,c
  7685   002AC6  A4D8               	btfss	status,2,c
  7686   002AC8  EF68  F015         	goto	u1161
  7687   002ACC  EF6A  F015         	goto	u1160
  7688   002AD0                     u1161:
  7689   002AD0  EF6F  F015         	goto	l2998
  7690   002AD4                     u1160:
  7691   002AD4                     l2996:
  7692   002AD4  5003               	movf	fputc@c^0,w,c
  7693   002AD6  ECB2  F017         	call	_putch
  7694   002ADA  EFAF  F015         	goto	l1814
  7695   002ADE                     l2998:
  7696   002ADE  5005               	movf	fputc@fp^0,w,c
  7697   002AE0  6ED9               	movwf	fsr2l,c
  7698   002AE2  6ADA               	clrf	fsr2h,c
  7699   002AE4  0E09               	movlw	9
  7700   002AE6  26D9               	addwf	fsr2l,f,c
  7701   002AE8  50DE               	movf	postinc2,w,c
  7702   002AEA  10DE               	iorwf	postinc2,w,c
  7703   002AEC  B4D8               	btfsc	status,2,c
  7704   002AEE  EF7B  F015         	goto	u1171
  7705   002AF2  EF7D  F015         	goto	u1170
  7706   002AF6                     u1171:
  7707   002AF6  EF96  F015         	goto	l3002
  7708   002AFA                     u1170:
  7709   002AFA  5005               	movf	fputc@fp^0,w,c
  7710   002AFC  6ED9               	movwf	fsr2l,c
  7711   002AFE  6ADA               	clrf	fsr2h,c
  7712   002B00  0E09               	movlw	9
  7713   002B02  26D9               	addwf	fsr2l,f,c
  7714   002B04  5005               	movf	fputc@fp^0,w,c
  7715   002B06  6EE1               	movwf	fsr1l,c
  7716   002B08  6AE2               	clrf	fsr1h,c
  7717   002B0A  0E02               	movlw	2
  7718   002B0C  26E1               	addwf	fsr1l,f,c
  7719   002B0E  50DE               	movf	postinc2,w,c
  7720   002B10  5CE6               	subwf	postinc1,w,c
  7721   002B12  50E6               	movf	postinc1,w,c
  7722   002B14  0A80               	xorlw	128
  7723   002B16  6E0A               	movwf	(??_fputc+4)^0,c
  7724   002B18  50DE               	movf	postinc2,w,c
  7725   002B1A  0A80               	xorlw	128
  7726   002B1C  580A               	subwfb	(??_fputc+4)^0,w,c
  7727   002B1E  B0D8               	btfsc	status,0,c
  7728   002B20  EF94  F015         	goto	u1181
  7729   002B24  EF96  F015         	goto	u1180
  7730   002B28                     u1181:
  7731   002B28  EFAF  F015         	goto	l1814
  7732   002B2C                     u1180:
  7733   002B2C                     l3002:
  7734   002B2C  5005               	movf	fputc@fp^0,w,c
  7735   002B2E  6ED9               	movwf	fsr2l,c
  7736   002B30  6ADA               	clrf	fsr2h,c
  7737   002B32  0E02               	movlw	2
  7738   002B34  26D9               	addwf	fsr2l,f,c
  7739   002B36  50DF               	movf	indf2,w,c
  7740   002B38  6E06               	movwf	??_fputc^0,c
  7741   002B3A  5005               	movf	fputc@fp^0,w,c
  7742   002B3C  6ED9               	movwf	fsr2l,c
  7743   002B3E  6ADA               	clrf	fsr2h,c
  7744   002B40  50DF               	movf	indf2,w,c
  7745   002B42  2406               	addwf	??_fputc^0,w,c
  7746   002B44  6ED9               	movwf	fsr2l,c
  7747   002B46  6ADA               	clrf	fsr2h,c
  7748   002B48  0060  F00F  FFDF   	movff	fputc@c,indf2
  7749   002B4E  5005               	movf	fputc@fp^0,w,c
  7750   002B50  6ED9               	movwf	fsr2l,c
  7751   002B52  6ADA               	clrf	fsr2h,c
  7752   002B54  0E02               	movlw	2
  7753   002B56  26D9               	addwf	fsr2l,f,c
  7754   002B58  2ADE               	incf	postinc2,f,c
  7755   002B5A  0E00               	movlw	0
  7756   002B5C  22DD               	addwfc	postdec2,f,c
  7757   002B5E                     l1814:
  7758   002B5E  0012               	return		;funcret
  7759   002B60                     __end_of_fputc:
  7760                           	callstack 0
  7761                           
  7762 ;; *************** function _putch *****************
  7763 ;; Defined at:
  7764 ;;		line 296 in file "mcc_generated_files/uart/src/uart2.c"
  7765 ;; Parameters:    Size  Location     Type
  7766 ;;  txData          1    wreg     unsigned char 
  7767 ;; Auto vars:     Size  Location     Type
  7768 ;;  txData          1    1[COMRAM] unsigned char 
  7769 ;; Return value:  Size  Location     Type
  7770 ;;                  1    wreg      void 
  7771 ;; Registers used:
  7772 ;;		wreg, status,2, cstack
  7773 ;; Tracked objects:
  7774 ;;		On entry : 0/0
  7775 ;;		On exit  : 0/0
  7776 ;;		Unchanged: 0/0
  7777 ;; Data sizes:     COMRAM   BANK0   BANK1   BANK2   BANK3   BANK4   BANK5   BANK6   BANK7   BANK8   BANK9  BANK10  BANK1
      +1  BANK12  BANK13  BANK14  BANK15  BANK16  BANK17  BANK18  BANK19  BANK20  BANK21  BANK22  BANK23  BANK24  BANK25  BANK2
      +6  BANK27  BANK28  BANK29  BANK30  BANK31
  7778 ;;      Params:         0       0       0       0       0       0       0       0       0       0       0       0       
      +0       0       0       0       0       0       0       0       0       0       0       0       0       0       0       
      +0       0       0       0       0       0
  7779 ;;      Locals:         1       0       0       0       0       0       0       0       0       0       0       0       
      +0       0       0       0       0       0       0       0       0       0       0       0       0       0       0       
      +0       0       0       0       0       0
  7780 ;;      Temps:          0       0       0       0       0       0       0       0       0       0       0       0       
      +0       0       0       0       0       0       0       0       0       0       0       0       0       0       0       
      +0       0       0       0       0       0
  7781 ;;      Totals:         1       0       0       0       0       0       0       0       0       0       0       0       
      +0       0       0       0       0       0       0       0       0       0       0       0       0       0       0       
      +0       0       0       0       0       0
  7782 ;;Total ram usage:        1 bytes
  7783 ;; Hardware stack levels used: 1
  7784 ;; Hardware stack levels required when called: 3
  7785 ;; This function calls:
  7786 ;;		_UART2_IsTxReady
  7787 ;;		_UART2_Write
  7788 ;; This function is called by:
  7789 ;;		_fputc
  7790 ;; This function uses a non-reentrant model
  7791 ;;
  7792                           
  7793                           	psect	text6
  7794   002F64                     __ptext6:
  7795                           	callstack 0
  7796   002F64                     _putch:
  7797                           	callstack 23
  7798                           
  7799                           ;incstack = 0
  7800                           ;putch@txData stored from wreg
  7801   002F64  6E02               	movwf	putch@txData^0,c
  7802   002F66                     l2906:
  7803                           
  7804                           ;mcc_generated_files/uart/src/uart2.c: 298:     while(!(UART2_IsTxReady()))
  7805   002F66  EC8C  F017         	call	_UART2_IsTxReady	;wreg free
  7806   002F6A  0900               	iorlw	0
  7807   002F6C  B4D8               	btfsc	status,2,c
  7808   002F6E  EFBB  F017         	goto	u1021
  7809   002F72  EFBD  F017         	goto	u1020
  7810   002F76                     u1021:
  7811   002F76  EFB3  F017         	goto	l2906
  7812   002F7A                     u1020:
  7813   002F7A                     
  7814                           ;mcc_generated_files/uart/src/uart2.c: 302:     return UART2_Write(txData);;	Return valu
      +                          e of _putch is never used
  7815   002F7A  C002  F001         	movff	putch@txData,UART2_Write@txData
  7816   002F7E  ECF7  F017         	call	_UART2_Write	;wreg free
  7817   002F82  0012               	return		;funcret
  7818   002F84                     __end_of_putch:
  7819                           	callstack 0
  7820                           
  7821 ;; *************** function _UART2_Write *****************
  7822 ;; Defined at:
  7823 ;;		line 281 in file "mcc_generated_files/uart/src/uart2.c"
  7824 ;; Parameters:    Size  Location     Type
  7825 ;;  txData          1    0[COMRAM] unsigned char 
  7826 ;; Auto vars:     Size  Location     Type
  7827 ;;		None
  7828 ;; Return value:  Size  Location     Type
  7829 ;;                  1    wreg      void 
  7830 ;; Registers used:
  7831 ;;		None
  7832 ;; Tracked objects:
  7833 ;;		On entry : 0/0
  7834 ;;		On exit  : 0/0
  7835 ;;		Unchanged: 0/0
  7836 ;; Data sizes:     COMRAM   BANK0   BANK1   BANK2   BANK3   BANK4   BANK5   BANK6   BANK7   BANK8   BANK9  BANK10  BANK1
      +1  BANK12  BANK13  BANK14  BANK15  BANK16  BANK17  BANK18  BANK19  BANK20  BANK21  BANK22  BANK23  BANK24  BANK25  BANK2
      +6  BANK27  BANK28  BANK29  BANK30  BANK31
  7837 ;;      Params:         1       0       0       0       0       0       0       0       0       0       0       0       
      +0       0       0       0       0       0       0       0       0       0       0       0       0       0       0       
      +0       0       0       0       0       0
  7838 ;;      Locals:         0       0       0       0       0       0       0       0       0       0       0       0       
      +0       0       0       0       0       0       0       0       0       0       0       0       0       0       0       
      +0       0       0       0       0       0
  7839 ;;      Temps:          0       0       0       0       0       0       0       0       0       0       0       0       
      +0       0       0       0       0       0       0       0       0       0       0       0       0       0       0       
      +0       0       0       0       0       0
  7840 ;;      Totals:         1       0       0       0       0       0       0       0       0       0       0       0       
      +0       0       0       0       0       0       0       0       0       0       0       0       0       0       0       
      +0       0       0       0       0       0
  7841 ;;Total ram usage:        1 bytes
  7842 ;; Hardware stack levels used: 1
  7843 ;; Hardware stack levels required when called: 2
  7844 ;; This function calls:
  7845 ;;		Nothing
  7846 ;; This function is called by:
  7847 ;;		_putch
  7848 ;; This function uses a non-reentrant model
  7849 ;;
  7850                           
  7851                           	psect	text7
  7852   002FEE                     __ptext7:
  7853                           	callstack 0
  7854   002FEE                     _UART2_Write:
  7855                           	callstack 23
  7856   002FEE                     
  7857                           ;mcc_generated_files/uart/src/uart2.c: 281: void UART2_Write(uint8_t txData);mcc_generat
      +                          ed_files/uart/src/uart2.c: 282: {;mcc_generated_files/uart/src/uart2.c: 283:     U2TXB =
      +                           txData;
  7858   002FEE  0060  F007  FDD2   	movff	UART2_Write@txData,15826	;volatile
  7859   002FF4  0012               	return		;funcret
  7860   002FF6                     __end_of_UART2_Write:
  7861                           	callstack 0
  7862                           
  7863 ;; *************** function _UART2_IsTxReady *****************
  7864 ;; Defined at:
  7865 ;;		line 233 in file "mcc_generated_files/uart/src/uart2.c"
  7866 ;; Parameters:    Size  Location     Type
  7867 ;;		None
  7868 ;; Auto vars:     Size  Location     Type
  7869 ;;		None
  7870 ;; Return value:  Size  Location     Type
  7871 ;;                  1    wreg      _Bool 
  7872 ;; Registers used:
  7873 ;;		wreg, status,2
  7874 ;; Tracked objects:
  7875 ;;		On entry : 0/0
  7876 ;;		On exit  : 0/0
  7877 ;;		Unchanged: 0/0
  7878 ;; Data sizes:     COMRAM   BANK0   BANK1   BANK2   BANK3   BANK4   BANK5   BANK6   BANK7   BANK8   BANK9  BANK10  BANK1
      +1  BANK12  BANK13  BANK14  BANK15  BANK16  BANK17  BANK18  BANK19  BANK20  BANK21  BANK22  BANK23  BANK24  BANK25  BANK2
      +6  BANK27  BANK28  BANK29  BANK30  BANK31
  7879 ;;      Params:         0       0       0       0       0       0       0       0       0       0       0       0       
      +0       0       0       0       0       0       0       0       0       0       0       0       0       0       0       
      +0       0       0       0       0       0
  7880 ;;      Locals:         1       0       0       0       0       0       0       0       0       0       0       0       
      +0       0       0       0       0       0       0       0       0       0       0       0       0       0       0       
      +0       0       0       0       0       0
  7881 ;;      Temps:          0       0       0       0       0       0       0       0       0       0       0       0       
      +0       0       0       0       0       0       0       0       0       0       0       0       0       0       0       
      +0       0       0       0       0       0
  7882 ;;      Totals:         1       0       0       0       0       0       0       0       0       0       0       0       
      +0       0       0       0       0       0       0       0       0       0       0       0       0       0       0       
      +0       0       0       0       0       0
  7883 ;;Total ram usage:        1 bytes
  7884 ;; Hardware stack levels used: 1
  7885 ;; Hardware stack levels required when called: 2
  7886 ;; This function calls:
  7887 ;;		Nothing
  7888 ;; This function is called by:
  7889 ;;		_putch
  7890 ;; This function uses a non-reentrant model
  7891 ;;
  7892                           
  7893                           	psect	text8
  7894   002F18                     __ptext8:
  7895                           	callstack 0
  7896   002F18                     _UART2_IsTxReady:
  7897                           	callstack 23
  7898   002F18                     
  7899                           ;mcc_generated_files/uart/src/uart2.c: 235:     return (_Bool)(U2FIFObits.TXBE && U2CON0
      +                          bits.TXEN);
  7900   002F18  6A01               	clrf	_UART2_IsTxReady$2186^0,c
  7901   002F1A  013D               	movlb	61	; () banked
  7902   002F1C  ABDF               	btfss	223,5,b	;volatile
  7903   002F1E  EF93  F017         	goto	u1001
  7904   002F22  EF95  F017         	goto	u1000
  7905   002F26                     u1001:
  7906   002F26  EF9E  F017         	goto	l908
  7907   002F2A                     u1000:
  7908   002F2A                     
  7909                           ; BSR set to: 61
  7910   002F2A  ABDA               	btfss	218,5,b	;volatile
  7911   002F2C  EF9A  F017         	goto	u1011
  7912   002F30  EF9C  F017         	goto	u1010
  7913   002F34                     u1011:
  7914   002F34  EF9E  F017         	goto	l908
  7915   002F38                     u1010:
  7916   002F38                     
  7917                           ; BSR set to: 61
  7918   002F38  0E01               	movlw	1
  7919   002F3A  6E01               	movwf	_UART2_IsTxReady$2186^0,c
  7920   002F3C                     l908:
  7921                           
  7922                           ; BSR set to: 61
  7923   002F3C  5001               	movf	_UART2_IsTxReady$2186^0,w,c
  7924   002F3E                     
  7925                           ; BSR set to: 61
  7926   002F3E  0012               	return		;funcret
  7927   002F40                     __end_of_UART2_IsTxReady:
  7928                           	callstack 0
  7929                           
  7930 ;; *************** function _abs *****************
  7931 ;; Defined at:
  7932 ;;		line 1 in file "C:\Program Files\Microchip\xc8\v3.10\pic\sources\c99\common\abs.c"
  7933 ;; Parameters:    Size  Location     Type
  7934 ;;  a               2    6[COMRAM] int 
  7935 ;; Auto vars:     Size  Location     Type
  7936 ;;		None
  7937 ;; Return value:  Size  Location     Type
  7938 ;;                  2    6[COMRAM] int 
  7939 ;; Registers used:
  7940 ;;		wreg, status,2, status,0
  7941 ;; Tracked objects:
  7942 ;;		On entry : 0/0
  7943 ;;		On exit  : 0/0
  7944 ;;		Unchanged: 0/0
  7945 ;; Data sizes:     COMRAM   BANK0   BANK1   BANK2   BANK3   BANK4   BANK5   BANK6   BANK7   BANK8   BANK9  BANK10  BANK1
      +1  BANK12  BANK13  BANK14  BANK15  BANK16  BANK17  BANK18  BANK19  BANK20  BANK21  BANK22  BANK23  BANK24  BANK25  BANK2
      +6  BANK27  BANK28  BANK29  BANK30  BANK31
  7946 ;;      Params:         2       0       0       0       0       0       0       0       0       0       0       0       
      +0       0       0       0       0       0       0       0       0       0       0       0       0       0       0       
      +0       0       0       0       0       0
  7947 ;;      Locals:         0       0       0       0       0       0       0       0       0       0       0       0       
      +0       0       0       0       0       0       0       0       0       0       0       0       0       0       0       
      +0       0       0       0       0       0
  7948 ;;      Temps:          2       0       0       0       0       0       0       0       0       0       0       0       
      +0       0       0       0       0       0       0       0       0       0       0       0       0       0       0       
      +0       0       0       0       0       0
  7949 ;;      Totals:         4       0       0       0       0       0       0       0       0       0       0       0       
      +0       0       0       0       0       0       0       0       0       0       0       0       0       0       0       
      +0       0       0       0       0       0
  7950 ;;Total ram usage:        4 bytes
  7951 ;; Hardware stack levels used: 1
  7952 ;; Hardware stack levels required when called: 2
  7953 ;; This function calls:
  7954 ;;		Nothing
  7955 ;; This function is called by:
  7956 ;;		_vfpfcnvrt
  7957 ;; This function uses a non-reentrant model
  7958 ;;
  7959                           
  7960                           	psect	text9
  7961   002DC6                     __ptext9:
  7962                           	callstack 0
  7963   002DC6                     _abs:
  7964                           	callstack 25
  7965   002DC6  BE08               	btfsc	(abs@a+1)^0,7,c
  7966   002DC8  EFE8  F016         	goto	u1191
  7967   002DCC  EFEA  F016         	goto	u1190
  7968   002DD0                     u1191:
  7969   002DD0  EFF0  F016         	goto	l1799
  7970   002DD4                     u1190:
  7971   002DD4  C007  F007         	movff	abs@a,?_abs
  7972   002DD8  C008  F008         	movff	abs@a+1,?_abs+1
  7973   002DDC  EFFC  F016         	goto	l1802
  7974   002DE0                     l1799:
  7975   002DE0  C007  F009         	movff	abs@a,??_abs
  7976   002DE4  C008  F00A         	movff	abs@a+1,??_abs+1
  7977   002DE8  1E09               	comf	??_abs^0,f,c
  7978   002DEA  1E0A               	comf	(??_abs+1)^0,f,c
  7979   002DEC  4A09               	infsnz	??_abs^0,f,c
  7980   002DEE  2A0A               	incf	(??_abs+1)^0,f,c
  7981   002DF0  C009  F007         	movff	??_abs,?_abs
  7982   002DF4  C00A  F008         	movff	??_abs+1,?_abs+1
  7983   002DF8                     l1802:
  7984   002DF8  0012               	return		;funcret
  7985   002DFA                     __end_of_abs:
  7986                           	callstack 0
  7987                           
  7988 ;; *************** function ___awmod *****************
  7989 ;; Defined at:
  7990 ;;		line 7 in file "C:\Program Files\Microchip\xc8\v3.10\pic\sources\c99\common\awmod.c"
  7991 ;; Parameters:    Size  Location     Type
  7992 ;;  dividend        2    0[COMRAM] int 
  7993 ;;  divisor         2    2[COMRAM] int 
  7994 ;; Auto vars:     Size  Location     Type
  7995 ;;  sign            1    5[COMRAM] unsigned char 
  7996 ;;  counter         1    4[COMRAM] unsigned char 
  7997 ;; Return value:  Size  Location     Type
  7998 ;;                  2    0[COMRAM] int 
  7999 ;; Registers used:
  8000 ;;		wreg, status,2, status,0
  8001 ;; Tracked objects:
  8002 ;;		On entry : 0/0
  8003 ;;		On exit  : 0/0
  8004 ;;		Unchanged: 0/0
  8005 ;; Data sizes:     COMRAM   BANK0   BANK1   BANK2   BANK3   BANK4   BANK5   BANK6   BANK7   BANK8   BANK9  BANK10  BANK1
      +1  BANK12  BANK13  BANK14  BANK15  BANK16  BANK17  BANK18  BANK19  BANK20  BANK21  BANK22  BANK23  BANK24  BANK25  BANK2
      +6  BANK27  BANK28  BANK29  BANK30  BANK31
  8006 ;;      Params:         4       0       0       0       0       0       0       0       0       0       0       0       
      +0       0       0       0       0       0       0       0       0       0       0       0       0       0       0       
      +0       0       0       0       0       0
  8007 ;;      Locals:         2       0       0       0       0       0       0       0       0       0       0       0       
      +0       0       0       0       0       0       0       0       0       0       0       0       0       0       0       
      +0       0       0       0       0       0
  8008 ;;      Temps:          0       0       0       0       0       0       0       0       0       0       0       0       
      +0       0       0       0       0       0       0       0       0       0       0       0       0       0       0       
      +0       0       0       0       0       0
  8009 ;;      Totals:         6       0       0       0       0       0       0       0       0       0       0       0       
      +0       0       0       0       0       0       0       0       0       0       0       0       0       0       0       
      +0       0       0       0       0       0
  8010 ;;Total ram usage:        6 bytes
  8011 ;; Hardware stack levels used: 1
  8012 ;; Hardware stack levels required when called: 2
  8013 ;; This function calls:
  8014 ;;		Nothing
  8015 ;; This function is called by:
  8016 ;;		_vfpfcnvrt
  8017 ;; This function uses a non-reentrant model
  8018 ;;
  8019                           
  8020                           	psect	text10
  8021   002A06                     __ptext10:
  8022                           	callstack 0
  8023   002A06                     ___awmod:
  8024                           	callstack 25
  8025   002A06  6A06               	clrf	___awmod@sign^0,c
  8026   002A08  BE02               	btfsc	(___awmod@dividend+1)^0,7,c
  8027   002A0A  EF0B  F015         	goto	u1090
  8028   002A0E  EF09  F015         	goto	u1091
  8029   002A12                     u1091:
  8030   002A12  EF11  F015         	goto	l2964
  8031   002A16                     u1090:
  8032   002A16  6C01               	negf	___awmod@dividend^0,c
  8033   002A18  1E02               	comf	(___awmod@dividend+1)^0,f,c
  8034   002A1A  B0D8               	btfsc	status,0,c
  8035   002A1C  2A02               	incf	(___awmod@dividend+1)^0,f,c
  8036   002A1E  0E01               	movlw	1
  8037   002A20  6E06               	movwf	___awmod@sign^0,c
  8038   002A22                     l2964:
  8039   002A22  BE04               	btfsc	(___awmod@divisor+1)^0,7,c
  8040   002A24  EF18  F015         	goto	u1100
  8041   002A28  EF16  F015         	goto	u1101
  8042   002A2C                     u1101:
  8043   002A2C  EF1C  F015         	goto	l2968
  8044   002A30                     u1100:
  8045   002A30  6C03               	negf	___awmod@divisor^0,c
  8046   002A32  1E04               	comf	(___awmod@divisor+1)^0,f,c
  8047   002A34  B0D8               	btfsc	status,0,c
  8048   002A36  2A04               	incf	(___awmod@divisor+1)^0,f,c
  8049   002A38                     l2968:
  8050   002A38  5003               	movf	___awmod@divisor^0,w,c
  8051   002A3A  1004               	iorwf	(___awmod@divisor+1)^0,w,c
  8052   002A3C  B4D8               	btfsc	status,2,c
  8053   002A3E  EF23  F015         	goto	u1111
  8054   002A42  EF25  F015         	goto	u1110
  8055   002A46                     u1111:
  8056   002A46  EF49  F015         	goto	l2984
  8057   002A4A                     u1110:
  8058   002A4A  0E01               	movlw	1
  8059   002A4C  6E05               	movwf	___awmod@counter^0,c
  8060   002A4E  EF2D  F015         	goto	l2974
  8061   002A52                     l2972:
  8062   002A52  90D8               	bcf	status,0,c
  8063   002A54  3603               	rlcf	___awmod@divisor^0,f,c
  8064   002A56  3604               	rlcf	(___awmod@divisor+1)^0,f,c
  8065   002A58  2A05               	incf	___awmod@counter^0,f,c
  8066   002A5A                     l2974:
  8067   002A5A  AE04               	btfss	(___awmod@divisor+1)^0,7,c
  8068   002A5C  EF32  F015         	goto	u1121
  8069   002A60  EF34  F015         	goto	u1120
  8070   002A64                     u1121:
  8071   002A64  EF29  F015         	goto	l2972
  8072   002A68                     u1120:
  8073   002A68                     l2976:
  8074   002A68  5003               	movf	___awmod@divisor^0,w,c
  8075   002A6A  5C01               	subwf	___awmod@dividend^0,w,c
  8076   002A6C  5004               	movf	(___awmod@divisor+1)^0,w,c
  8077   002A6E  5802               	subwfb	(___awmod@dividend+1)^0,w,c
  8078   002A70  A0D8               	btfss	status,0,c
  8079   002A72  EF3D  F015         	goto	u1131
  8080   002A76  EF3F  F015         	goto	u1130
  8081   002A7A                     u1131:
  8082   002A7A  EF43  F015         	goto	l2980
  8083   002A7E                     u1130:
  8084   002A7E  5003               	movf	___awmod@divisor^0,w,c
  8085   002A80  5E01               	subwf	___awmod@dividend^0,f,c
  8086   002A82  5004               	movf	(___awmod@divisor+1)^0,w,c
  8087   002A84  5A02               	subwfb	(___awmod@dividend+1)^0,f,c
  8088   002A86                     l2980:
  8089   002A86  90D8               	bcf	status,0,c
  8090   002A88  3204               	rrcf	(___awmod@divisor+1)^0,f,c
  8091   002A8A  3203               	rrcf	___awmod@divisor^0,f,c
  8092   002A8C  2E05               	decfsz	___awmod@counter^0,f,c
  8093   002A8E  EF34  F015         	goto	l2976
  8094   002A92                     l2984:
  8095   002A92  5006               	movf	___awmod@sign^0,w,c
  8096   002A94  B4D8               	btfsc	status,2,c
  8097   002A96  EF4F  F015         	goto	u1141
  8098   002A9A  EF51  F015         	goto	u1140
  8099   002A9E                     u1141:
  8100   002A9E  EF55  F015         	goto	l2988
  8101   002AA2                     u1140:
  8102   002AA2  6C01               	negf	___awmod@dividend^0,c
  8103   002AA4  1E02               	comf	(___awmod@dividend+1)^0,f,c
  8104   002AA6  B0D8               	btfsc	status,0,c
  8105   002AA8  2A02               	incf	(___awmod@dividend+1)^0,f,c
  8106   002AAA                     l2988:
  8107   002AAA  C001  F001         	movff	___awmod@dividend,?___awmod
  8108   002AAE  C002  F002         	movff	___awmod@dividend+1,?___awmod+1
  8109   002AB2  0012               	return		;funcret
  8110   002AB4                     __end_of___awmod:
  8111                           	callstack 0
  8112                           
  8113 ;; *************** function ___awdiv *****************
  8114 ;; Defined at:
  8115 ;;		line 7 in file "C:\Program Files\Microchip\xc8\v3.10\pic\sources\c99\common\awdiv.c"
  8116 ;; Parameters:    Size  Location     Type
  8117 ;;  dividend        2    0[COMRAM] int 
  8118 ;;  divisor         2    2[COMRAM] int 
  8119 ;; Auto vars:     Size  Location     Type
  8120 ;;  quotient        2    6[COMRAM] int 
  8121 ;;  sign            1    5[COMRAM] unsigned char 
  8122 ;;  counter         1    4[COMRAM] unsigned char 
  8123 ;; Return value:  Size  Location     Type
  8124 ;;                  2    0[COMRAM] int 
  8125 ;; Registers used:
  8126 ;;		wreg, status,2, status,0
  8127 ;; Tracked objects:
  8128 ;;		On entry : 0/0
  8129 ;;		On exit  : 0/0
  8130 ;;		Unchanged: 0/0
  8131 ;; Data sizes:     COMRAM   BANK0   BANK1   BANK2   BANK3   BANK4   BANK5   BANK6   BANK7   BANK8   BANK9  BANK10  BANK1
      +1  BANK12  BANK13  BANK14  BANK15  BANK16  BANK17  BANK18  BANK19  BANK20  BANK21  BANK22  BANK23  BANK24  BANK25  BANK2
      +6  BANK27  BANK28  BANK29  BANK30  BANK31
  8132 ;;      Params:         4       0       0       0       0       0       0       0       0       0       0       0       
      +0       0       0       0       0       0       0       0       0       0       0       0       0       0       0       
      +0       0       0       0       0       0
  8133 ;;      Locals:         4       0       0       0       0       0       0       0       0       0       0       0       
      +0       0       0       0       0       0       0       0       0       0       0       0       0       0       0       
      +0       0       0       0       0       0
  8134 ;;      Temps:          0       0       0       0       0       0       0       0       0       0       0       0       
      +0       0       0       0       0       0       0       0       0       0       0       0       0       0       0       
      +0       0       0       0       0       0
  8135 ;;      Totals:         8       0       0       0       0       0       0       0       0       0       0       0       
      +0       0       0       0       0       0       0       0       0       0       0       0       0       0       0       
      +0       0       0       0       0       0
  8136 ;;Total ram usage:        8 bytes
  8137 ;; Hardware stack levels used: 1
  8138 ;; Hardware stack levels required when called: 2
  8139 ;; This function calls:
  8140 ;;		Nothing
  8141 ;; This function is called by:
  8142 ;;		_vfpfcnvrt
  8143 ;; This function uses a non-reentrant model
  8144 ;;
  8145                           
  8146                           	psect	text11
  8147   002946                     __ptext11:
  8148                           	callstack 0
  8149   002946                     ___awdiv:
  8150                           	callstack 25
  8151   002946  6A06               	clrf	___awdiv@sign^0,c
  8152   002948  BE04               	btfsc	(___awdiv@divisor+1)^0,7,c
  8153   00294A  EFAB  F014         	goto	u1030
  8154   00294E  EFA9  F014         	goto	u1031
  8155   002952                     u1031:
  8156   002952  EFB1  F014         	goto	l2920
  8157   002956                     u1030:
  8158   002956  6C03               	negf	___awdiv@divisor^0,c
  8159   002958  1E04               	comf	(___awdiv@divisor+1)^0,f,c
  8160   00295A  B0D8               	btfsc	status,0,c
  8161   00295C  2A04               	incf	(___awdiv@divisor+1)^0,f,c
  8162   00295E  0E01               	movlw	1
  8163   002960  6E06               	movwf	___awdiv@sign^0,c
  8164   002962                     l2920:
  8165   002962  BE02               	btfsc	(___awdiv@dividend+1)^0,7,c
  8166   002964  EFB8  F014         	goto	u1040
  8167   002968  EFB6  F014         	goto	u1041
  8168   00296C                     u1041:
  8169   00296C  EFBE  F014         	goto	l2926
  8170   002970                     u1040:
  8171   002970  6C01               	negf	___awdiv@dividend^0,c
  8172   002972  1E02               	comf	(___awdiv@dividend+1)^0,f,c
  8173   002974  B0D8               	btfsc	status,0,c
  8174   002976  2A02               	incf	(___awdiv@dividend+1)^0,f,c
  8175   002978  0E01               	movlw	1
  8176   00297A  1A06               	xorwf	___awdiv@sign^0,f,c
  8177   00297C                     l2926:
  8178   00297C  6A08               	clrf	(___awdiv@quotient+1)^0,c
  8179   00297E  0E00               	movlw	0
  8180   002980  6E07               	movwf	___awdiv@quotient^0,c
  8181   002982  5003               	movf	___awdiv@divisor^0,w,c
  8182   002984  1004               	iorwf	(___awdiv@divisor+1)^0,w,c
  8183   002986  B4D8               	btfsc	status,2,c
  8184   002988  EFC8  F014         	goto	u1051
  8185   00298C  EFCA  F014         	goto	u1050
  8186   002990                     u1051:
  8187   002990  EFF2  F014         	goto	l2948
  8188   002994                     u1050:
  8189   002994  0E01               	movlw	1
  8190   002996  6E05               	movwf	___awdiv@counter^0,c
  8191   002998  EFD2  F014         	goto	l2934
  8192   00299C                     l2932:
  8193   00299C  90D8               	bcf	status,0,c
  8194   00299E  3603               	rlcf	___awdiv@divisor^0,f,c
  8195   0029A0  3604               	rlcf	(___awdiv@divisor+1)^0,f,c
  8196   0029A2  2A05               	incf	___awdiv@counter^0,f,c
  8197   0029A4                     l2934:
  8198   0029A4  AE04               	btfss	(___awdiv@divisor+1)^0,7,c
  8199   0029A6  EFD7  F014         	goto	u1061
  8200   0029AA  EFD9  F014         	goto	u1060
  8201   0029AE                     u1061:
  8202   0029AE  EFCE  F014         	goto	l2932
  8203   0029B2                     u1060:
  8204   0029B2                     l2936:
  8205   0029B2  90D8               	bcf	status,0,c
  8206   0029B4  3607               	rlcf	___awdiv@quotient^0,f,c
  8207   0029B6  3608               	rlcf	(___awdiv@quotient+1)^0,f,c
  8208   0029B8  5003               	movf	___awdiv@divisor^0,w,c
  8209   0029BA  5C01               	subwf	___awdiv@dividend^0,w,c
  8210   0029BC  5004               	movf	(___awdiv@divisor+1)^0,w,c
  8211   0029BE  5802               	subwfb	(___awdiv@dividend+1)^0,w,c
  8212   0029C0  A0D8               	btfss	status,0,c
  8213   0029C2  EFE5  F014         	goto	u1071
  8214   0029C6  EFE7  F014         	goto	u1070
  8215   0029CA                     u1071:
  8216   0029CA  EFEC  F014         	goto	l2944
  8217   0029CE                     u1070:
  8218   0029CE  5003               	movf	___awdiv@divisor^0,w,c
  8219   0029D0  5E01               	subwf	___awdiv@dividend^0,f,c
  8220   0029D2  5004               	movf	(___awdiv@divisor+1)^0,w,c
  8221   0029D4  5A02               	subwfb	(___awdiv@dividend+1)^0,f,c
  8222   0029D6  8007               	bsf	___awdiv@quotient^0,0,c
  8223   0029D8                     l2944:
  8224   0029D8  90D8               	bcf	status,0,c
  8225   0029DA  3204               	rrcf	(___awdiv@divisor+1)^0,f,c
  8226   0029DC  3203               	rrcf	___awdiv@divisor^0,f,c
  8227   0029DE  2E05               	decfsz	___awdiv@counter^0,f,c
  8228   0029E0  EFD9  F014         	goto	l2936
  8229   0029E4                     l2948:
  8230   0029E4  5006               	movf	___awdiv@sign^0,w,c
  8231   0029E6  B4D8               	btfsc	status,2,c
  8232   0029E8  EFF8  F014         	goto	u1081
  8233   0029EC  EFFA  F014         	goto	u1080
  8234   0029F0                     u1081:
  8235   0029F0  EFFE  F014         	goto	l2952
  8236   0029F4                     u1080:
  8237   0029F4  6C07               	negf	___awdiv@quotient^0,c
  8238   0029F6  1E08               	comf	(___awdiv@quotient+1)^0,f,c
  8239   0029F8  B0D8               	btfsc	status,0,c
  8240   0029FA  2A08               	incf	(___awdiv@quotient+1)^0,f,c
  8241   0029FC                     l2952:
  8242   0029FC  C007  F001         	movff	___awdiv@quotient,?___awdiv
  8243   002A00  C008  F002         	movff	___awdiv@quotient+1,?___awdiv+1
  8244   002A04  0012               	return		;funcret
  8245   002A06                     __end_of___awdiv:
  8246                           	callstack 0
  8247                           
  8248 ;; *************** function _hit_Tone *****************
  8249 ;; Defined at:
  8250 ;;		line 27 in file "./functions.h"
  8251 ;; Parameters:    Size  Location     Type
  8252 ;;  hit_count       2    0[COMRAM] int 
  8253 ;; Auto vars:     Size  Location     Type
  8254 ;;  count           2    4[COMRAM] int 
  8255 ;; Return value:  Size  Location     Type
  8256 ;;                  1    wreg      void 
  8257 ;; Registers used:
  8258 ;;		wreg, status,2, status,0
  8259 ;; Tracked objects:
  8260 ;;		On entry : 0/0
  8261 ;;		On exit  : 0/0
  8262 ;;		Unchanged: 0/0
  8263 ;; Data sizes:     COMRAM   BANK0   BANK1   BANK2   BANK3   BANK4   BANK5   BANK6   BANK7   BANK8   BANK9  BANK10  BANK1
      +1  BANK12  BANK13  BANK14  BANK15  BANK16  BANK17  BANK18  BANK19  BANK20  BANK21  BANK22  BANK23  BANK24  BANK25  BANK2
      +6  BANK27  BANK28  BANK29  BANK30  BANK31
  8264 ;;      Params:         2       0       0       0       0       0       0       0       0       0       0       0       
      +0       0       0       0       0       0       0       0       0       0       0       0       0       0       0       
      +0       0       0       0       0       0
  8265 ;;      Locals:         2       0       0       0       0       0       0       0       0       0       0       0       
      +0       0       0       0       0       0       0       0       0       0       0       0       0       0       0       
      +0       0       0       0       0       0
  8266 ;;      Temps:          2       0       0       0       0       0       0       0       0       0       0       0       
      +0       0       0       0       0       0       0       0       0       0       0       0       0       0       0       
      +0       0       0       0       0       0
  8267 ;;      Totals:         6       0       0       0       0       0       0       0       0       0       0       0       
      +0       0       0       0       0       0       0       0       0       0       0       0       0       0       0       
      +0       0       0       0       0       0
  8268 ;;Total ram usage:        6 bytes
  8269 ;; Hardware stack levels used: 1
  8270 ;; Hardware stack levels required when called: 2
  8271 ;; This function calls:
  8272 ;;		Nothing
  8273 ;; This function is called by:
  8274 ;;		_main
  8275 ;; This function uses a non-reentrant model
  8276 ;;
  8277                           
  8278                           	psect	text12
  8279   002CA4                     __ptext12:
  8280                           	callstack 0
  8281   002CA4                     _hit_Tone:
  8282                           	callstack 28
  8283   002CA4                     
  8284                           ;./functions.h: 28:             int count = 0;
  8285   002CA4  6A06               	clrf	(hit_Tone@count+1)^0,c
  8286   002CA6  0E00               	movlw	0
  8287   002CA8  6E05               	movwf	hit_Tone@count^0,c
  8288                           
  8289                           ;./functions.h: 29:             while (count < hit_count) {
  8290   002CAA  EF73  F016         	goto	l99
  8291   002CAE                     l100:
  8292                           
  8293                           ;./functions.h: 30:                 LATAbits.LATA2 = 1;
  8294   002CAE  84BA               	bsf	186,2,c	;volatile
  8295   002CB0                     
  8296                           ;./functions.h: 31:                 _delay((unsigned long)((200)*(4000000/4000.0)));
  8297   002CB0  0E02               	movlw	2
  8298   002CB2  6E04               	movwf	(??_hit_Tone+1)^0,c
  8299   002CB4  0E04               	movlw	4
  8300   002CB6  6E03               	movwf	??_hit_Tone^0,c
  8301   002CB8  0EBA               	movlw	186
  8302   002CBA                     u1977:
  8303   002CBA  2EE8               	decfsz	wreg,f,c
  8304   002CBC  D7FE               	bra	u1977
  8305   002CBE  2E03               	decfsz	??_hit_Tone^0,f,c
  8306   002CC0  D7FC               	bra	u1977
  8307   002CC2  2E04               	decfsz	(??_hit_Tone+1)^0,f,c
  8308   002CC4  D7FA               	bra	u1977
  8309   002CC6  D000               	nop2	
  8310   002CC8                     
  8311                           ;./functions.h: 32:                 LATAbits.LATA2 = 0;
  8312   002CC8  94BA               	bcf	186,2,c	;volatile
  8313                           
  8314                           ;./functions.h: 33:                 _delay((unsigned long)((200)*(4000000/4000.0)));
  8315   002CCA  0E02               	movlw	2
  8316   002CCC  6E04               	movwf	(??_hit_Tone+1)^0,c
  8317   002CCE  0E04               	movlw	4
  8318   002CD0  6E03               	movwf	??_hit_Tone^0,c
  8319   002CD2  0EBA               	movlw	186
  8320   002CD4                     u1987:
  8321   002CD4  2EE8               	decfsz	wreg,f,c
  8322   002CD6  D7FE               	bra	u1987
  8323   002CD8  2E03               	decfsz	??_hit_Tone^0,f,c
  8324   002CDA  D7FC               	bra	u1987
  8325   002CDC  2E04               	decfsz	(??_hit_Tone+1)^0,f,c
  8326   002CDE  D7FA               	bra	u1987
  8327   002CE0  D000               	nop2	
  8328   002CE2                     
  8329                           ;./functions.h: 34:                 count++;
  8330   002CE2  4A05               	infsnz	hit_Tone@count^0,f,c
  8331   002CE4  2A06               	incf	(hit_Tone@count+1)^0,f,c
  8332   002CE6                     l99:
  8333                           
  8334                           ;./functions.h: 29:             while (count < hit_count) {
  8335   002CE6  5001               	movf	hit_Tone@hit_count^0,w,c
  8336   002CE8  5C05               	subwf	hit_Tone@count^0,w,c
  8337   002CEA  5006               	movf	(hit_Tone@count+1)^0,w,c
  8338   002CEC  0A80               	xorlw	128
  8339   002CEE  6E03               	movwf	??_hit_Tone^0,c
  8340   002CF0  5002               	movf	(hit_Tone@hit_count+1)^0,w,c
  8341   002CF2  0A80               	xorlw	128
  8342   002CF4  5803               	subwfb	??_hit_Tone^0,w,c
  8343   002CF6  A0D8               	btfss	status,0,c
  8344   002CF8  EF80  F016         	goto	u1341
  8345   002CFC  EF82  F016         	goto	u1340
  8346   002D00                     u1341:
  8347   002D00  EF57  F016         	goto	l100
  8348   002D04                     u1340:
  8349   002D04  0012               	return		;funcret
  8350   002D06                     __end_of_hit_Tone:
  8351                           	callstack 0
  8352                           
  8353 ;; *************** function _TMR2_StartTimer *****************
  8354 ;; Defined at:
  8355 ;;		line 227 in file "./functions.h"
  8356 ;; Parameters:    Size  Location     Type
  8357 ;;		None
  8358 ;; Auto vars:     Size  Location     Type
  8359 ;;		None
  8360 ;; Return value:  Size  Location     Type
  8361 ;;                  1    wreg      void 
  8362 ;; Registers used:
  8363 ;;		cstack
  8364 ;; Tracked objects:
  8365 ;;		On entry : 0/0
  8366 ;;		On exit  : 0/0
  8367 ;;		Unchanged: 0/0
  8368 ;; Data sizes:     COMRAM   BANK0   BANK1   BANK2   BANK3   BANK4   BANK5   BANK6   BANK7   BANK8   BANK9  BANK10  BANK1
      +1  BANK12  BANK13  BANK14  BANK15  BANK16  BANK17  BANK18  BANK19  BANK20  BANK21  BANK22  BANK23  BANK24  BANK25  BANK2
      +6  BANK27  BANK28  BANK29  BANK30  BANK31
  8369 ;;      Params:         0       0       0       0       0       0       0       0       0       0       0       0       
      +0       0       0       0       0       0       0       0       0       0       0       0       0       0       0       
      +0       0       0       0       0       0
  8370 ;;      Locals:         0       0       0       0       0       0       0       0       0       0       0       0       
      +0       0       0       0       0       0       0       0       0       0       0       0       0       0       0       
      +0       0       0       0       0       0
  8371 ;;      Temps:          0       0       0       0       0       0       0       0       0       0       0       0       
      +0       0       0       0       0       0       0       0       0       0       0       0       0       0       0       
      +0       0       0       0       0       0
  8372 ;;      Totals:         0       0       0       0       0       0       0       0       0       0       0       0       
      +0       0       0       0       0       0       0       0       0       0       0       0       0       0       0       
      +0       0       0       0       0       0
  8373 ;;Total ram usage:        0 bytes
  8374 ;; Hardware stack levels used: 1
  8375 ;; Hardware stack levels required when called: 3
  8376 ;; This function calls:
  8377 ;;		_TMR2_Start
  8378 ;; This function is called by:
  8379 ;;		_main
  8380 ;; This function uses a non-reentrant model
  8381 ;;
  8382                           
  8383                           	psect	text13
  8384   002FF6                     __ptext13:
  8385                           	callstack 0
  8386   002FF6                     _TMR2_StartTimer:
  8387                           	callstack 27
  8388   002FF6                     
  8389                           ;./functions.h: 229:     TMR2_Start();
  8390   002FF6  EC06  F018         	call	_TMR2_Start	;wreg free
  8391   002FFA  0012               	return		;funcret
  8392   002FFC                     __end_of_TMR2_StartTimer:
  8393                           	callstack 0
  8394                           
  8395 ;; *************** function _TMR2_Start *****************
  8396 ;; Defined at:
  8397 ;;		line 221 in file "./functions.h"
  8398 ;; Parameters:    Size  Location     Type
  8399 ;;		None
  8400 ;; Auto vars:     Size  Location     Type
  8401 ;;		None
  8402 ;; Return value:  Size  Location     Type
  8403 ;;                  1    wreg      void 
  8404 ;; Registers used:
  8405 ;;		None
  8406 ;; Tracked objects:
  8407 ;;		On entry : 0/0
  8408 ;;		On exit  : 0/0
  8409 ;;		Unchanged: 0/0
  8410 ;; Data sizes:     COMRAM   BANK0   BANK1   BANK2   BANK3   BANK4   BANK5   BANK6   BANK7   BANK8   BANK9  BANK10  BANK1
      +1  BANK12  BANK13  BANK14  BANK15  BANK16  BANK17  BANK18  BANK19  BANK20  BANK21  BANK22  BANK23  BANK24  BANK25  BANK2
      +6  BANK27  BANK28  BANK29  BANK30  BANK31
  8411 ;;      Params:         0       0       0       0       0       0       0       0       0       0       0       0       
      +0       0       0       0       0       0       0       0       0       0       0       0       0       0       0       
      +0       0       0       0       0       0
  8412 ;;      Locals:         0       0       0       0       0       0       0       0       0       0       0       0       
      +0       0       0       0       0       0       0       0       0       0       0       0       0       0       0       
      +0       0       0       0       0       0
  8413 ;;      Temps:          0       0       0       0       0       0       0       0       0       0       0       0       
      +0       0       0       0       0       0       0       0       0       0       0       0       0       0       0       
      +0       0       0       0       0       0
  8414 ;;      Totals:         0       0       0       0       0       0       0       0       0       0       0       0       
      +0       0       0       0       0       0       0       0       0       0       0       0       0       0       0       
      +0       0       0       0       0       0
  8415 ;;Total ram usage:        0 bytes
  8416 ;; Hardware stack levels used: 1
  8417 ;; Hardware stack levels required when called: 2
  8418 ;; This function calls:
  8419 ;;		Nothing
  8420 ;; This function is called by:
  8421 ;;		_TMR2_StartTimer
  8422 ;; This function uses a non-reentrant model
  8423 ;;
  8424                           
  8425                           	psect	text14
  8426   00300C                     __ptext14:
  8427                           	callstack 0
  8428   00300C                     _TMR2_Start:
  8429                           	callstack 27
  8430   00300C                     
  8431                           ;./functions.h: 224:     T2CONbits.TMR2ON = 1;
  8432   00300C  8EAC               	bsf	172,7,c	;volatile
  8433   00300E  0012               	return		;funcret
  8434   003010                     __end_of_TMR2_Start:
  8435                           	callstack 0
  8436                           
  8437 ;; *************** function _TMR2_Initialize *****************
  8438 ;; Defined at:
  8439 ;;		line 181 in file "./functions.h"
  8440 ;; Parameters:    Size  Location     Type
  8441 ;;		None
  8442 ;; Auto vars:     Size  Location     Type
  8443 ;;		None
  8444 ;; Return value:  Size  Location     Type
  8445 ;;                  1    wreg      void 
  8446 ;; Registers used:
  8447 ;;		wreg, status,2
  8448 ;; Tracked objects:
  8449 ;;		On entry : 0/0
  8450 ;;		On exit  : 0/0
  8451 ;;		Unchanged: 0/0
  8452 ;; Data sizes:     COMRAM   BANK0   BANK1   BANK2   BANK3   BANK4   BANK5   BANK6   BANK7   BANK8   BANK9  BANK10  BANK1
      +1  BANK12  BANK13  BANK14  BANK15  BANK16  BANK17  BANK18  BANK19  BANK20  BANK21  BANK22  BANK23  BANK24  BANK25  BANK2
      +6  BANK27  BANK28  BANK29  BANK30  BANK31
  8453 ;;      Params:         0       0       0       0       0       0       0       0       0       0       0       0       
      +0       0       0       0       0       0       0       0       0       0       0       0       0       0       0       
      +0       0       0       0       0       0
  8454 ;;      Locals:         0       0       0       0       0       0       0       0       0       0       0       0       
      +0       0       0       0       0       0       0       0       0       0       0       0       0       0       0       
      +0       0       0       0       0       0
  8455 ;;      Temps:          0       0       0       0       0       0       0       0       0       0       0       0       
      +0       0       0       0       0       0       0       0       0       0       0       0       0       0       0       
      +0       0       0       0       0       0
  8456 ;;      Totals:         0       0       0       0       0       0       0       0       0       0       0       0       
      +0       0       0       0       0       0       0       0       0       0       0       0       0       0       0       
      +0       0       0       0       0       0
  8457 ;;Total ram usage:        0 bytes
  8458 ;; Hardware stack levels used: 1
  8459 ;; Hardware stack levels required when called: 2
  8460 ;; This function calls:
  8461 ;;		Nothing
  8462 ;; This function is called by:
  8463 ;;		_main
  8464 ;; This function uses a non-reentrant model
  8465 ;;
  8466                           
  8467                           	psect	text15
  8468   002F84                     __ptext15:
  8469                           	callstack 0
  8470   002F84                     _TMR2_Initialize:
  8471                           	callstack 28
  8472   002F84                     
  8473                           ;./functions.h: 186:     T2CLKCON = 0x01;
  8474   002F84  0E01               	movlw	1
  8475   002F86  6EAE               	movwf	174,c	;volatile
  8476   002F88                     
  8477                           ;./functions.h: 189:     T2HLT = 0x00;
  8478   002F88  6AAD               	clrf	173,c	;volatile
  8479   002F8A                     
  8480                           ;./functions.h: 192:     T2RST = 0x00;
  8481   002F8A  6AAF               	clrf	175,c	;volatile
  8482                           
  8483                           ;./functions.h: 195:     T2PR = 0x9C;
  8484   002F8C  0E9C               	movlw	156
  8485   002F8E  6EAB               	movwf	171,c	;volatile
  8486   002F90                     
  8487                           ;./functions.h: 198:     T2TMR = 0x00;
  8488   002F90  6AAA               	clrf	170,c	;volatile
  8489   002F92                     
  8490                           ;./functions.h: 201:     PIR4bits.TMR2IF = 0;
  8491   002F92  0139               	movlb	57	; () banked
  8492   002F94  95A4               	bcf	164,2,b	;volatile
  8493   002F96                     
  8494                           ; BSR set to: 57
  8495                           ;./functions.h: 204:     T2CONbits.ON = 1;
  8496   002F96  8EAC               	bsf	172,7,c	;volatile
  8497                           
  8498                           ;./functions.h: 205:     T2CONbits.CKPS = 0b111;
  8499   002F98  0E70               	movlw	112
  8500   002F9A  12AC               	iorwf	172,f,c	;volatile
  8501                           
  8502                           ;./functions.h: 206:     T2CONbits.OUTPS = 0x00;
  8503   002F9C  0EF0               	movlw	-16
  8504   002F9E  16AC               	andwf	172,f,c	;volatile
  8505   002FA0                     
  8506                           ; BSR set to: 57
  8507   002FA0  0012               	return		;funcret
  8508   002FA2                     __end_of_TMR2_Initialize:
  8509                           	callstack 0
  8510                           
  8511 ;; *************** function _PWM_Output_RC2_RC3_Enable *****************
  8512 ;; Defined at:
  8513 ;;		line 295 in file "./functions.h"
  8514 ;; Parameters:    Size  Location     Type
  8515 ;;		None
  8516 ;; Auto vars:     Size  Location     Type
  8517 ;;		None
  8518 ;; Return value:  Size  Location     Type
  8519 ;;                  1    wreg      void 
  8520 ;; Registers used:
  8521 ;;		wreg, status,2
  8522 ;; Tracked objects:
  8523 ;;		On entry : 0/0
  8524 ;;		On exit  : 0/0
  8525 ;;		Unchanged: 0/0
  8526 ;; Data sizes:     COMRAM   BANK0   BANK1   BANK2   BANK3   BANK4   BANK5   BANK6   BANK7   BANK8   BANK9  BANK10  BANK1
      +1  BANK12  BANK13  BANK14  BANK15  BANK16  BANK17  BANK18  BANK19  BANK20  BANK21  BANK22  BANK23  BANK24  BANK25  BANK2
      +6  BANK27  BANK28  BANK29  BANK30  BANK31
  8527 ;;      Params:         0       0       0       0       0       0       0       0       0       0       0       0       
      +0       0       0       0       0       0       0       0       0       0       0       0       0       0       0       
      +0       0       0       0       0       0
  8528 ;;      Locals:         0       0       0       0       0       0       0       0       0       0       0       0       
      +0       0       0       0       0       0       0       0       0       0       0       0       0       0       0       
      +0       0       0       0       0       0
  8529 ;;      Temps:          0       0       0       0       0       0       0       0       0       0       0       0       
      +0       0       0       0       0       0       0       0       0       0       0       0       0       0       0       
      +0       0       0       0       0       0
  8530 ;;      Totals:         0       0       0       0       0       0       0       0       0       0       0       0       
      +0       0       0       0       0       0       0       0       0       0       0       0       0       0       0       
      +0       0       0       0       0       0
  8531 ;;Total ram usage:        0 bytes
  8532 ;; Hardware stack levels used: 1
  8533 ;; Hardware stack levels required when called: 2
  8534 ;; This function calls:
  8535 ;;		Nothing
  8536 ;; This function is called by:
  8537 ;;		_main
  8538 ;; This function uses a non-reentrant model
  8539 ;;
  8540                           
  8541                           	psect	text16
  8542   002F40                     __ptext16:
  8543                           	callstack 0
  8544   002F40                     _PWM_Output_RC2_RC3_Enable:
  8545                           	callstack 28
  8546   002F40                     
  8547                           ;./functions.h: 297:     PPSLOCK = 0x55;
  8548   002F40  0E55               	movlw	85
  8549   002F42  013A               	movlb	58	; () banked
  8550   002F44  6FBF               	movwf	191,b	;volsfr
  8551                           
  8552                           ;./functions.h: 298:     PPSLOCK = 0xAA;
  8553   002F46  0EAA               	movlw	170
  8554   002F48  6FBF               	movwf	191,b	;volsfr
  8555   002F4A                     
  8556                           ; BSR set to: 58
  8557                           ;./functions.h: 299:     PPSLOCKbits.PPSLOCKED = 0;
  8558   002F4A  91BF               	bcf	191,0,b	;volsfr
  8559                           
  8560                           ;./functions.h: 301:     RC2PPS = 0x0A;
  8561   002F4C  0E0A               	movlw	10
  8562   002F4E  6F12               	movwf	18,b	;volatile
  8563                           
  8564                           ;./functions.h: 302:     RC3PPS = 0x09;
  8565   002F50  0E09               	movlw	9
  8566   002F52  6F13               	movwf	19,b	;volatile
  8567                           
  8568                           ;./functions.h: 304:     PPSLOCK = 0x55;
  8569   002F54  0E55               	movlw	85
  8570   002F56  6FBF               	movwf	191,b	;volsfr
  8571                           
  8572                           ;./functions.h: 305:     PPSLOCK = 0xAA;
  8573   002F58  0EAA               	movlw	170
  8574   002F5A  6FBF               	movwf	191,b	;volsfr
  8575   002F5C                     
  8576                           ; BSR set to: 58
  8577                           ;./functions.h: 306:     PPSLOCKbits.PPSLOCKED = 1;
  8578   002F5C  81BF               	bsf	191,0,b	;volsfr
  8579   002F5E                     
  8580                           ; BSR set to: 58
  8581                           ;./functions.h: 308:     TRISCbits.TRISC2 = 0;
  8582   002F5E  94C4               	bcf	196,2,c	;volatile
  8583   002F60                     
  8584                           ; BSR set to: 58
  8585                           ;./functions.h: 309:     TRISCbits.TRISC3 = 0;
  8586   002F60  96C4               	bcf	196,3,c	;volatile
  8587   002F62                     
  8588                           ; BSR set to: 58
  8589   002F62  0012               	return		;funcret
  8590   002F64                     __end_of_PWM_Output_RC2_RC3_Enable:
  8591                           	callstack 0
  8592                           
  8593 ;; *************** function _PWM2_LoadDutyValue *****************
  8594 ;; Defined at:
  8595 ;;		line 348 in file "./functions.h"
  8596 ;; Parameters:    Size  Location     Type
  8597 ;;  dutyValue       2    0[COMRAM] unsigned short 
  8598 ;; Auto vars:     Size  Location     Type
  8599 ;;		None
  8600 ;; Return value:  Size  Location     Type
  8601 ;;                  1    wreg      void 
  8602 ;; Registers used:
  8603 ;;		wreg, status,2, status,0
  8604 ;; Tracked objects:
  8605 ;;		On entry : 0/0
  8606 ;;		On exit  : 0/0
  8607 ;;		Unchanged: 0/0
  8608 ;; Data sizes:     COMRAM   BANK0   BANK1   BANK2   BANK3   BANK4   BANK5   BANK6   BANK7   BANK8   BANK9  BANK10  BANK1
      +1  BANK12  BANK13  BANK14  BANK15  BANK16  BANK17  BANK18  BANK19  BANK20  BANK21  BANK22  BANK23  BANK24  BANK25  BANK2
      +6  BANK27  BANK28  BANK29  BANK30  BANK31
  8609 ;;      Params:         2       0       0       0       0       0       0       0       0       0       0       0       
      +0       0       0       0       0       0       0       0       0       0       0       0       0       0       0       
      +0       0       0       0       0       0
  8610 ;;      Locals:         0       0       0       0       0       0       0       0       0       0       0       0       
      +0       0       0       0       0       0       0       0       0       0       0       0       0       0       0       
      +0       0       0       0       0       0
  8611 ;;      Temps:          0       0       0       0       0       0       0       0       0       0       0       0       
      +0       0       0       0       0       0       0       0       0       0       0       0       0       0       0       
      +0       0       0       0       0       0
  8612 ;;      Totals:         2       0       0       0       0       0       0       0       0       0       0       0       
      +0       0       0       0       0       0       0       0       0       0       0       0       0       0       0       
      +0       0       0       0       0       0
  8613 ;;Total ram usage:        2 bytes
  8614 ;; Hardware stack levels used: 1
  8615 ;; Hardware stack levels required when called: 2
  8616 ;; This function calls:
  8617 ;;		Nothing
  8618 ;; This function is called by:
  8619 ;;		_main
  8620 ;; This function uses a non-reentrant model
  8621 ;;
  8622                           
  8623                           	psect	text17
  8624   002E2A                     __ptext17:
  8625                           	callstack 0
  8626   002E2A                     _PWM2_LoadDutyValue:
  8627                           	callstack 28
  8628   002E2A                     
  8629                           ;./functions.h: 348: void PWM2_LoadDutyValue(uint16_t dutyValue);./functions.h: 349: {;.
      +                          /functions.h: 350:     dutyValue &= 0x03FF;
  8630   002E2A  0EFF               	movlw	255
  8631   002E2C  1601               	andwf	PWM2_LoadDutyValue@dutyValue^0,f,c
  8632   002E2E  0E03               	movlw	3
  8633   002E30  1602               	andwf	(PWM2_LoadDutyValue@dutyValue+1)^0,f,c
  8634   002E32                     
  8635                           ;./functions.h: 352:     if(CCP2CONbits.FMT)
  8636   002E32  A87A               	btfss	122,4,c	;volatile
  8637   002E34  EF1E  F017         	goto	u1381
  8638   002E38  EF20  F017         	goto	u1380
  8639   002E3C                     u1381:
  8640   002E3C  EF27  F017         	goto	l3210
  8641   002E40                     u1380:
  8642   002E40                     
  8643                           ;./functions.h: 353:     {;./functions.h: 354:         dutyValue <<= 6;
  8644   002E40  0E06               	movlw	6
  8645   002E42                     u1395:
  8646   002E42  90D8               	bcf	status,0,c
  8647   002E44  3601               	rlcf	PWM2_LoadDutyValue@dutyValue^0,f,c
  8648   002E46  3602               	rlcf	(PWM2_LoadDutyValue@dutyValue+1)^0,f,c
  8649   002E48  2EE8               	decfsz	wreg,f,c
  8650   002E4A  EF21  F017         	goto	u1395
  8651   002E4E                     l3210:
  8652                           
  8653                           ;./functions.h: 355:         CCPR2H = dutyValue >> 8;
  8654   002E4E  5002               	movf	(PWM2_LoadDutyValue@dutyValue+1)^0,w,c
  8655   002E50  6E79               	movwf	121,c	;volatile
  8656   002E52                     
  8657                           ;./functions.h: 356:         CCPR2L = dutyValue;
  8658   002E52  0060  F007  FF78   	movff	PWM2_LoadDutyValue@dutyValue,16248	;volatile
  8659   002E58  0012               	return		;funcret
  8660   002E5A                     __end_of_PWM2_LoadDutyValue:
  8661                           	callstack 0
  8662                           
  8663 ;; *************** function _PWM2_Initialize *****************
  8664 ;; Defined at:
  8665 ;;		line 323 in file "./functions.h"
  8666 ;; Parameters:    Size  Location     Type
  8667 ;;		None
  8668 ;; Auto vars:     Size  Location     Type
  8669 ;;		None
  8670 ;; Return value:  Size  Location     Type
  8671 ;;                  1    wreg      void 
  8672 ;; Registers used:
  8673 ;;		wreg, status,2
  8674 ;; Tracked objects:
  8675 ;;		On entry : 0/0
  8676 ;;		On exit  : 0/0
  8677 ;;		Unchanged: 0/0
  8678 ;; Data sizes:     COMRAM   BANK0   BANK1   BANK2   BANK3   BANK4   BANK5   BANK6   BANK7   BANK8   BANK9  BANK10  BANK1
      +1  BANK12  BANK13  BANK14  BANK15  BANK16  BANK17  BANK18  BANK19  BANK20  BANK21  BANK22  BANK23  BANK24  BANK25  BANK2
      +6  BANK27  BANK28  BANK29  BANK30  BANK31
  8679 ;;      Params:         0       0       0       0       0       0       0       0       0       0       0       0       
      +0       0       0       0       0       0       0       0       0       0       0       0       0       0       0       
      +0       0       0       0       0       0
  8680 ;;      Locals:         0       0       0       0       0       0       0       0       0       0       0       0       
      +0       0       0       0       0       0       0       0       0       0       0       0       0       0       0       
      +0       0       0       0       0       0
  8681 ;;      Temps:          0       0       0       0       0       0       0       0       0       0       0       0       
      +0       0       0       0       0       0       0       0       0       0       0       0       0       0       0       
      +0       0       0       0       0       0
  8682 ;;      Totals:         0       0       0       0       0       0       0       0       0       0       0       0       
      +0       0       0       0       0       0       0       0       0       0       0       0       0       0       0       
      +0       0       0       0       0       0
  8683 ;;Total ram usage:        0 bytes
  8684 ;; Hardware stack levels used: 1
  8685 ;; Hardware stack levels required when called: 2
  8686 ;; This function calls:
  8687 ;;		Nothing
  8688 ;; This function is called by:
  8689 ;;		_main
  8690 ;; This function uses a non-reentrant model
  8691 ;;
  8692                           
  8693                           	psect	text18
  8694   002FBA                     __ptext18:
  8695                           	callstack 0
  8696   002FBA                     _PWM2_Initialize:
  8697                           	callstack 28
  8698   002FBA                     
  8699                           ;./functions.h: 325:     CCP2CON = 0x8C;
  8700   002FBA  0E8C               	movlw	140
  8701   002FBC  6E7A               	movwf	122,c	;volatile
  8702   002FBE                     
  8703                           ;./functions.h: 326:     CCPR2H = 0x00;
  8704   002FBE  6A79               	clrf	121,c	;volatile
  8705                           
  8706                           ;./functions.h: 327:     CCPR2L = 0x0F;
  8707   002FC0  0E0F               	movlw	15
  8708   002FC2  6E78               	movwf	120,c	;volatile
  8709                           
  8710                           ;./functions.h: 329:     CCPTMRS0bits.C2TSEL = 0x1;
  8711   002FC4  013F               	movlb	63	; () banked
  8712   002FC6  515E               	movf	94,w,b	;volatile
  8713   002FC8  0BF3               	andlw	-13
  8714   002FCA  0904               	iorlw	4
  8715   002FCC  6F5E               	movwf	94,b	;volatile
  8716   002FCE                     
  8717                           ; BSR set to: 63
  8718   002FCE  0012               	return		;funcret
  8719   002FD0                     __end_of_PWM2_Initialize:
  8720                           	callstack 0
  8721                           
  8722 ;; *************** function _PWM1_LoadDutyValue *****************
  8723 ;; Defined at:
  8724 ;;		line 331 in file "./functions.h"
  8725 ;; Parameters:    Size  Location     Type
  8726 ;;  dutyValue       2    0[COMRAM] unsigned short 
  8727 ;; Auto vars:     Size  Location     Type
  8728 ;;		None
  8729 ;; Return value:  Size  Location     Type
  8730 ;;                  1    wreg      void 
  8731 ;; Registers used:
  8732 ;;		wreg, status,2, status,0
  8733 ;; Tracked objects:
  8734 ;;		On entry : 0/0
  8735 ;;		On exit  : 0/0
  8736 ;;		Unchanged: 0/0
  8737 ;; Data sizes:     COMRAM   BANK0   BANK1   BANK2   BANK3   BANK4   BANK5   BANK6   BANK7   BANK8   BANK9  BANK10  BANK1
      +1  BANK12  BANK13  BANK14  BANK15  BANK16  BANK17  BANK18  BANK19  BANK20  BANK21  BANK22  BANK23  BANK24  BANK25  BANK2
      +6  BANK27  BANK28  BANK29  BANK30  BANK31
  8738 ;;      Params:         2       0       0       0       0       0       0       0       0       0       0       0       
      +0       0       0       0       0       0       0       0       0       0       0       0       0       0       0       
      +0       0       0       0       0       0
  8739 ;;      Locals:         0       0       0       0       0       0       0       0       0       0       0       0       
      +0       0       0       0       0       0       0       0       0       0       0       0       0       0       0       
      +0       0       0       0       0       0
  8740 ;;      Temps:          0       0       0       0       0       0       0       0       0       0       0       0       
      +0       0       0       0       0       0       0       0       0       0       0       0       0       0       0       
      +0       0       0       0       0       0
  8741 ;;      Totals:         2       0       0       0       0       0       0       0       0       0       0       0       
      +0       0       0       0       0       0       0       0       0       0       0       0       0       0       0       
      +0       0       0       0       0       0
  8742 ;;Total ram usage:        2 bytes
  8743 ;; Hardware stack levels used: 1
  8744 ;; Hardware stack levels required when called: 2
  8745 ;; This function calls:
  8746 ;;		Nothing
  8747 ;; This function is called by:
  8748 ;;		_main
  8749 ;; This function uses a non-reentrant model
  8750 ;;
  8751                           
  8752                           	psect	text19
  8753   002E5A                     __ptext19:
  8754                           	callstack 0
  8755   002E5A                     _PWM1_LoadDutyValue:
  8756                           	callstack 28
  8757   002E5A                     
  8758                           ;./functions.h: 331: void PWM1_LoadDutyValue(uint16_t dutyValue);./functions.h: 332: {;.
      +                          /functions.h: 333:     dutyValue &= 0x03FF;
  8759   002E5A  0EFF               	movlw	255
  8760   002E5C  1601               	andwf	PWM1_LoadDutyValue@dutyValue^0,f,c
  8761   002E5E  0E03               	movlw	3
  8762   002E60  1602               	andwf	(PWM1_LoadDutyValue@dutyValue+1)^0,f,c
  8763   002E62                     
  8764                           ;./functions.h: 335:     if(CCP1CONbits.FMT)
  8765   002E62  A87E               	btfss	126,4,c	;volatile
  8766   002E64  EF36  F017         	goto	u1361
  8767   002E68  EF38  F017         	goto	u1360
  8768   002E6C                     u1361:
  8769   002E6C  EF3F  F017         	goto	l3196
  8770   002E70                     u1360:
  8771   002E70                     
  8772                           ;./functions.h: 336:     {;./functions.h: 337:         dutyValue <<= 6;
  8773   002E70  0E06               	movlw	6
  8774   002E72                     u1375:
  8775   002E72  90D8               	bcf	status,0,c
  8776   002E74  3601               	rlcf	PWM1_LoadDutyValue@dutyValue^0,f,c
  8777   002E76  3602               	rlcf	(PWM1_LoadDutyValue@dutyValue+1)^0,f,c
  8778   002E78  2EE8               	decfsz	wreg,f,c
  8779   002E7A  EF39  F017         	goto	u1375
  8780   002E7E                     l3196:
  8781                           
  8782                           ;./functions.h: 338:         CCPR1H = dutyValue >> 8;
  8783   002E7E  5002               	movf	(PWM1_LoadDutyValue@dutyValue+1)^0,w,c
  8784   002E80  6E7D               	movwf	125,c	;volatile
  8785   002E82                     
  8786                           ;./functions.h: 339:         CCPR1L = dutyValue;
  8787   002E82  0060  F007  FF7C   	movff	PWM1_LoadDutyValue@dutyValue,16252	;volatile
  8788   002E88  0012               	return		;funcret
  8789   002E8A                     __end_of_PWM1_LoadDutyValue:
  8790                           	callstack 0
  8791                           
  8792 ;; *************** function _PWM1_Initialize *****************
  8793 ;; Defined at:
  8794 ;;		line 314 in file "./functions.h"
  8795 ;; Parameters:    Size  Location     Type
  8796 ;;		None
  8797 ;; Auto vars:     Size  Location     Type
  8798 ;;		None
  8799 ;; Return value:  Size  Location     Type
  8800 ;;                  1    wreg      void 
  8801 ;; Registers used:
  8802 ;;		wreg, status,2
  8803 ;; Tracked objects:
  8804 ;;		On entry : 0/0
  8805 ;;		On exit  : 0/0
  8806 ;;		Unchanged: 0/0
  8807 ;; Data sizes:     COMRAM   BANK0   BANK1   BANK2   BANK3   BANK4   BANK5   BANK6   BANK7   BANK8   BANK9  BANK10  BANK1
      +1  BANK12  BANK13  BANK14  BANK15  BANK16  BANK17  BANK18  BANK19  BANK20  BANK21  BANK22  BANK23  BANK24  BANK25  BANK2
      +6  BANK27  BANK28  BANK29  BANK30  BANK31
  8808 ;;      Params:         0       0       0       0       0       0       0       0       0       0       0       0       
      +0       0       0       0       0       0       0       0       0       0       0       0       0       0       0       
      +0       0       0       0       0       0
  8809 ;;      Locals:         0       0       0       0       0       0       0       0       0       0       0       0       
      +0       0       0       0       0       0       0       0       0       0       0       0       0       0       0       
      +0       0       0       0       0       0
  8810 ;;      Temps:          0       0       0       0       0       0       0       0       0       0       0       0       
      +0       0       0       0       0       0       0       0       0       0       0       0       0       0       0       
      +0       0       0       0       0       0
  8811 ;;      Totals:         0       0       0       0       0       0       0       0       0       0       0       0       
      +0       0       0       0       0       0       0       0       0       0       0       0       0       0       0       
      +0       0       0       0       0       0
  8812 ;;Total ram usage:        0 bytes
  8813 ;; Hardware stack levels used: 1
  8814 ;; Hardware stack levels required when called: 2
  8815 ;; This function calls:
  8816 ;;		Nothing
  8817 ;; This function is called by:
  8818 ;;		_main
  8819 ;; This function uses a non-reentrant model
  8820 ;;
  8821                           
  8822                           	psect	text20
  8823   002FD0                     __ptext20:
  8824                           	callstack 0
  8825   002FD0                     _PWM1_Initialize:
  8826                           	callstack 28
  8827   002FD0                     
  8828                           ;./functions.h: 316:     CCP1CON = 0x8C;
  8829   002FD0  0E8C               	movlw	140
  8830   002FD2  6E7E               	movwf	126,c	;volatile
  8831   002FD4                     
  8832                           ;./functions.h: 317:     CCPR1H = 0x00;
  8833   002FD4  6A7D               	clrf	125,c	;volatile
  8834                           
  8835                           ;./functions.h: 318:     CCPR1L = 0x0F;
  8836   002FD6  0E0F               	movlw	15
  8837   002FD8  6E7C               	movwf	124,c	;volatile
  8838                           
  8839                           ;./functions.h: 320:     CCPTMRS0bits.C1TSEL = 0x1;
  8840   002FDA  013F               	movlb	63	; () banked
  8841   002FDC  515E               	movf	94,w,b	;volatile
  8842   002FDE  0BFC               	andlw	-4
  8843   002FE0  0901               	iorlw	1
  8844   002FE2  6F5E               	movwf	94,b	;volatile
  8845   002FE4                     
  8846                           ; BSR set to: 63
  8847   002FE4  0012               	return		;funcret
  8848   002FE6                     __end_of_PWM1_Initialize:
  8849                           	callstack 0
  8850                           
  8851 ;; *************** function _LCD_String_xy *****************
  8852 ;; Defined at:
  8853 ;;		line 143 in file "./functions.h"
  8854 ;; Parameters:    Size  Location     Type
  8855 ;;  row             1    wreg     unsigned char 
  8856 ;;  pos             1    4[COMRAM] unsigned char 
  8857 ;;  msg             2    5[COMRAM] PTR const unsigned char 
  8858 ;;		 -> STR_9(17), STR_7(17), STR_5(17), main@buffer(17), 
  8859 ;;		 -> STR_3(17), STR_2(17), STR_1(17), 
  8860 ;; Auto vars:     Size  Location     Type
  8861 ;;  row             1    7[COMRAM] unsigned char 
  8862 ;;  location        1    8[COMRAM] unsigned char 
  8863 ;; Return value:  Size  Location     Type
  8864 ;;                  1    wreg      void 
  8865 ;; Registers used:
  8866 ;;		wreg, fsr0l, fsr0h, status,2, status,0, tblptrl, tblptrh, tblptru, cstack
  8867 ;; Tracked objects:
  8868 ;;		On entry : 0/0
  8869 ;;		On exit  : 0/0
  8870 ;;		Unchanged: 0/0
  8871 ;; Data sizes:     COMRAM   BANK0   BANK1   BANK2   BANK3   BANK4   BANK5   BANK6   BANK7   BANK8   BANK9  BANK10  BANK1
      +1  BANK12  BANK13  BANK14  BANK15  BANK16  BANK17  BANK18  BANK19  BANK20  BANK21  BANK22  BANK23  BANK24  BANK25  BANK2
      +6  BANK27  BANK28  BANK29  BANK30  BANK31
  8872 ;;      Params:         3       0       0       0       0       0       0       0       0       0       0       0       
      +0       0       0       0       0       0       0       0       0       0       0       0       0       0       0       
      +0       0       0       0       0       0
  8873 ;;      Locals:         2       0       0       0       0       0       0       0       0       0       0       0       
      +0       0       0       0       0       0       0       0       0       0       0       0       0       0       0       
      +0       0       0       0       0       0
  8874 ;;      Temps:          0       0       0       0       0       0       0       0       0       0       0       0       
      +0       0       0       0       0       0       0       0       0       0       0       0       0       0       0       
      +0       0       0       0       0       0
  8875 ;;      Totals:         5       0       0       0       0       0       0       0       0       0       0       0       
      +0       0       0       0       0       0       0       0       0       0       0       0       0       0       0       
      +0       0       0       0       0       0
  8876 ;;Total ram usage:        5 bytes
  8877 ;; Hardware stack levels used: 1
  8878 ;; Hardware stack levels required when called: 4
  8879 ;; This function calls:
  8880 ;;		_LCD_Command
  8881 ;;		_LCD_String
  8882 ;; This function is called by:
  8883 ;;		_main
  8884 ;; This function uses a non-reentrant model
  8885 ;;
  8886                           
  8887                           	psect	text21
  8888   002D90                     __ptext21:
  8889                           	callstack 0
  8890   002D90                     _LCD_String_xy:
  8891                           	callstack 26
  8892                           
  8893                           ; BSR set to: 63
  8894                           ;incstack = 0
  8895                           ;LCD_String_xy@row stored from wreg
  8896   002D90  6E08               	movwf	LCD_String_xy@row^0,c
  8897   002D92                     
  8898                           ;./functions.h: 143: void LCD_String_xy(unsigned char row, unsigned char pos, const char
      +                           *msg);./functions.h: 144: {;./functions.h: 145:     unsigned char location;;./functions
      +                          .h: 147:     if(row == 1)
  8899   002D92  0408               	decf	LCD_String_xy@row^0,w,c
  8900   002D94  A4D8               	btfss	status,2,c
  8901   002D96  EFCF  F016         	goto	u1351
  8902   002D9A  EFD1  F016         	goto	u1350
  8903   002D9E                     u1351:
  8904   002D9E  EFD6  F016         	goto	l3152
  8905   002DA2                     u1350:
  8906   002DA2                     
  8907                           ;./functions.h: 148:     {;./functions.h: 149:         location = 0x80 + pos;
  8908   002DA2  5005               	movf	LCD_String_xy@pos^0,w,c
  8909   002DA4  0F80               	addlw	128
  8910   002DA6  6E09               	movwf	LCD_String_xy@location^0,c
  8911                           
  8912                           ;./functions.h: 150:     }
  8913   002DA8  EFD9  F016         	goto	l3154
  8914   002DAC                     l3152:
  8915                           
  8916                           ;./functions.h: 152:     {;./functions.h: 153:         location = 0xC0 + pos;
  8917   002DAC  5005               	movf	LCD_String_xy@pos^0,w,c
  8918   002DAE  0FC0               	addlw	192
  8919   002DB0  6E09               	movwf	LCD_String_xy@location^0,c
  8920   002DB2                     l3154:
  8921                           
  8922                           ;./functions.h: 156:     LCD_Command(location);
  8923   002DB2  5009               	movf	LCD_String_xy@location^0,w,c
  8924   002DB4  EC45  F017         	call	_LCD_Command
  8925   002DB8                     
  8926                           ;./functions.h: 157:     LCD_String(msg);
  8927   002DB8  C006  F003         	movff	LCD_String_xy@msg,LCD_String@msg
  8928   002DBC  C007  F004         	movff	LCD_String_xy@msg+1,LCD_String@msg+1
  8929   002DC0  ECB0  F015         	call	_LCD_String	;wreg free
  8930   002DC4  0012               	return		;funcret
  8931   002DC6                     __end_of_LCD_String_xy:
  8932                           	callstack 0
  8933                           
  8934 ;; *************** function _LCD_String *****************
  8935 ;; Defined at:
  8936 ;;		line 134 in file "./functions.h"
  8937 ;; Parameters:    Size  Location     Type
  8938 ;;  msg             2    2[COMRAM] PTR const unsigned char 
  8939 ;;		 -> STR_9(17), STR_7(17), STR_5(17), main@buffer(17), 
  8940 ;;		 -> STR_3(17), STR_2(17), STR_1(17), 
  8941 ;; Auto vars:     Size  Location     Type
  8942 ;;		None
  8943 ;; Return value:  Size  Location     Type
  8944 ;;                  1    wreg      void 
  8945 ;; Registers used:
  8946 ;;		wreg, fsr0l, fsr0h, status,2, status,0, tblptrl, tblptrh, tblptru, cstack
  8947 ;; Tracked objects:
  8948 ;;		On entry : 0/0
  8949 ;;		On exit  : 0/0
  8950 ;;		Unchanged: 0/0
  8951 ;; Data sizes:     COMRAM   BANK0   BANK1   BANK2   BANK3   BANK4   BANK5   BANK6   BANK7   BANK8   BANK9  BANK10  BANK1
      +1  BANK12  BANK13  BANK14  BANK15  BANK16  BANK17  BANK18  BANK19  BANK20  BANK21  BANK22  BANK23  BANK24  BANK25  BANK2
      +6  BANK27  BANK28  BANK29  BANK30  BANK31
  8952 ;;      Params:         2       0       0       0       0       0       0       0       0       0       0       0       
      +0       0       0       0       0       0       0       0       0       0       0       0       0       0       0       
      +0       0       0       0       0       0
  8953 ;;      Locals:         0       0       0       0       0       0       0       0       0       0       0       0       
      +0       0       0       0       0       0       0       0       0       0       0       0       0       0       0       
      +0       0       0       0       0       0
  8954 ;;      Temps:          0       0       0       0       0       0       0       0       0       0       0       0       
      +0       0       0       0       0       0       0       0       0       0       0       0       0       0       0       
      +0       0       0       0       0       0
  8955 ;;      Totals:         2       0       0       0       0       0       0       0       0       0       0       0       
      +0       0       0       0       0       0       0       0       0       0       0       0       0       0       0       
      +0       0       0       0       0       0
  8956 ;;Total ram usage:        2 bytes
  8957 ;; Hardware stack levels used: 1
  8958 ;; Hardware stack levels required when called: 3
  8959 ;; This function calls:
  8960 ;;		_LCD_Char
  8961 ;; This function is called by:
  8962 ;;		_LCD_String_xy
  8963 ;; This function uses a non-reentrant model
  8964 ;;
  8965                           
  8966                           	psect	text22
  8967   002B60                     __ptext22:
  8968                           	callstack 0
  8969   002B60                     _LCD_String:
  8970                           	callstack 26
  8971   002B60                     
  8972                           ;./functions.h: 134: void LCD_String(const char *msg);./functions.h: 135: {;./functions.
      +                          h: 136:     while(*msg != '\0')
  8973   002B60  EFCB  F015         	goto	l3094
  8974   002B64                     l3090:
  8975                           
  8976                           ;./functions.h: 137:     {;./functions.h: 138:         LCD_Char(*msg);
  8977   002B64  0060  F00F  FFF6   	movff	LCD_String@msg,tblptrl
  8978   002B6A  0060  F013  FFF7   	movff	LCD_String@msg+1,tblptrh
  8979   002B70  0E00               	movlw	low (__smallconst shr (0+16))
  8980   002B72  6EF8               	movwf	tblptru,c
  8981   002B74  0E1F               	movlw	(high __ramtop+-1)
  8982   002B76  64F7               	cpfsgt	tblptrh,c
  8983   002B78  D003               	bra	u1307
  8984   002B7A  0008               	tblrd		*
  8985   002B7C  50F5               	movf	tablat,w,c
  8986   002B7E  D007               	bra	u1300
  8987   002B80                     u1307:
  8988   002B80  006F FFDB FFE9     	movff	tblptrl,fsr0l
  8989   002B86  006F FFDF FFEA     	movff	tblptrh,fsr0h
  8990   002B8C  50EF               	movf	indf0,w,c
  8991   002B8E                     u1300:
  8992   002B8E  EC75  F017         	call	_LCD_Char
  8993   002B92                     
  8994                           ;./functions.h: 139:         msg++;
  8995   002B92  4A03               	infsnz	LCD_String@msg^0,f,c
  8996   002B94  2A04               	incf	(LCD_String@msg+1)^0,f,c
  8997   002B96                     l3094:
  8998                           
  8999                           ;./functions.h: 136:     while(*msg != '\0')
  9000   002B96  0060  F00F  FFF6   	movff	LCD_String@msg,tblptrl
  9001   002B9C  0060  F013  FFF7   	movff	LCD_String@msg+1,tblptrh
  9002   002BA2  0E00               	movlw	low (__smallconst shr (0+16))
  9003   002BA4  6EF8               	movwf	tblptru,c
  9004   002BA6  0E1F               	movlw	(high __ramtop+-1)
  9005   002BA8  64F7               	cpfsgt	tblptrh,c
  9006   002BAA  D003               	bra	u1317
  9007   002BAC  0008               	tblrd		*
  9008   002BAE  50F5               	movf	tablat,w,c
  9009   002BB0  D007               	bra	u1310
  9010   002BB2                     u1317:
  9011   002BB2  006F FFDB FFE9     	movff	tblptrl,fsr0l
  9012   002BB8  006F FFDF FFEA     	movff	tblptrh,fsr0h
  9013   002BBE  50EF               	movf	indf0,w,c
  9014   002BC0                     u1310:
  9015   002BC0  0900               	iorlw	0
  9016   002BC2  A4D8               	btfss	status,2,c
  9017   002BC4  EFE6  F015         	goto	u1321
  9018   002BC8  EFE8  F015         	goto	u1320
  9019   002BCC                     u1321:
  9020   002BCC  EFB2  F015         	goto	l3090
  9021   002BD0                     u1320:
  9022   002BD0  0012               	return		;funcret
  9023   002BD2                     __end_of_LCD_String:
  9024                           	callstack 0
  9025                           
  9026 ;; *************** function _LCD_Char *****************
  9027 ;; Defined at:
  9028 ;;		line 120 in file "./functions.h"
  9029 ;; Parameters:    Size  Location     Type
  9030 ;;  dat             1    wreg     unsigned char 
  9031 ;; Auto vars:     Size  Location     Type
  9032 ;;  dat             1    1[COMRAM] unsigned char 
  9033 ;; Return value:  Size  Location     Type
  9034 ;;                  1    wreg      void 
  9035 ;; Registers used:
  9036 ;;		wreg, status,2, cstack
  9037 ;; Tracked objects:
  9038 ;;		On entry : 0/0
  9039 ;;		On exit  : 0/0
  9040 ;;		Unchanged: 0/0
  9041 ;; Data sizes:     COMRAM   BANK0   BANK1   BANK2   BANK3   BANK4   BANK5   BANK6   BANK7   BANK8   BANK9  BANK10  BANK1
      +1  BANK12  BANK13  BANK14  BANK15  BANK16  BANK17  BANK18  BANK19  BANK20  BANK21  BANK22  BANK23  BANK24  BANK25  BANK2
      +6  BANK27  BANK28  BANK29  BANK30  BANK31
  9042 ;;      Params:         0       0       0       0       0       0       0       0       0       0       0       0       
      +0       0       0       0       0       0       0       0       0       0       0       0       0       0       0       
      +0       0       0       0       0       0
  9043 ;;      Locals:         1       0       0       0       0       0       0       0       0       0       0       0       
      +0       0       0       0       0       0       0       0       0       0       0       0       0       0       0       
      +0       0       0       0       0       0
  9044 ;;      Temps:          1       0       0       0       0       0       0       0       0       0       0       0       
      +0       0       0       0       0       0       0       0       0       0       0       0       0       0       0       
      +0       0       0       0       0       0
  9045 ;;      Totals:         2       0       0       0       0       0       0       0       0       0       0       0       
      +0       0       0       0       0       0       0       0       0       0       0       0       0       0       0       
      +0       0       0       0       0       0
  9046 ;;Total ram usage:        2 bytes
  9047 ;; Hardware stack levels used: 1
  9048 ;; Hardware stack levels required when called: 2
  9049 ;; This function calls:
  9050 ;;		Nothing
  9051 ;; This function is called by:
  9052 ;;		_LCD_String
  9053 ;; This function uses a non-reentrant model
  9054 ;;
  9055                           
  9056                           	psect	text23
  9057   002EEA                     __ptext23:
  9058                           	callstack 0
  9059   002EEA                     _LCD_Char:
  9060                           	callstack 26
  9061                           
  9062                           ;incstack = 0
  9063                           ;LCD_Char@dat stored from wreg
  9064   002EEA  6E02               	movwf	LCD_Char@dat^0,c
  9065   002EEC                     
  9066                           ;./functions.h: 120: void LCD_Char(unsigned char dat);./functions.h: 121: {;./functions.
      +                          h: 122:     LATB = dat;
  9067   002EEC  0060  F00B  FFBB   	movff	LCD_Char@dat,16315	;volatile
  9068   002EF2                     
  9069                           ;./functions.h: 124:     LATDbits.LATD0 = 1;
  9070   002EF2  80BD               	bsf	189,0,c	;volatile
  9071   002EF4                     
  9072                           ;./functions.h: 125:     _delay((unsigned long)((1)*(4000000/4000.0)));
  9073   002EF4  0EC8               	movlw	200
  9074   002EF6                     u1997:
  9075   002EF6  D000               	nop2	
  9076   002EF8  2EE8               	decfsz	wreg,f,c
  9077   002EFA  D7FD               	bra	u1997
  9078   002EFC                     
  9079                           ;./functions.h: 127:     LATDbits.LATD1 = 1;
  9080   002EFC  82BD               	bsf	189,1,c	;volatile
  9081   002EFE                     
  9082                           ;./functions.h: 128:     _delay((unsigned long)((1)*(4000000/4000.0)));
  9083   002EFE  0EC8               	movlw	200
  9084   002F00                     u2007:
  9085   002F00  D000               	nop2	
  9086   002F02  2EE8               	decfsz	wreg,f,c
  9087   002F04  D7FD               	bra	u2007
  9088   002F06                     
  9089                           ;./functions.h: 129:     LATDbits.LATD1 = 0;
  9090   002F06  92BD               	bcf	189,1,c	;volatile
  9091   002F08                     
  9092                           ;./functions.h: 131:     _delay((unsigned long)((2)*(4000000/4000.0)));
  9093   002F08  0E03               	movlw	3
  9094   002F0A  6E01               	movwf	??_LCD_Char^0,c
  9095   002F0C  0E98               	movlw	152
  9096   002F0E                     u2017:
  9097   002F0E  2EE8               	decfsz	wreg,f,c
  9098   002F10  D7FE               	bra	u2017
  9099   002F12  2E01               	decfsz	??_LCD_Char^0,f,c
  9100   002F14  D7FC               	bra	u2017
  9101   002F16  0012               	return		;funcret
  9102   002F18                     __end_of_LCD_Char:
  9103                           	callstack 0
  9104                           
  9105 ;; *************** function _LCD_Init *****************
  9106 ;; Defined at:
  9107 ;;		line 65 in file "./functions.h"
  9108 ;; Parameters:    Size  Location     Type
  9109 ;;		None
  9110 ;; Auto vars:     Size  Location     Type
  9111 ;;		None
  9112 ;; Return value:  Size  Location     Type
  9113 ;;                  1    wreg      void 
  9114 ;; Registers used:
  9115 ;;		wreg, status,2, cstack
  9116 ;; Tracked objects:
  9117 ;;		On entry : 0/0
  9118 ;;		On exit  : 0/0
  9119 ;;		Unchanged: 0/0
  9120 ;; Data sizes:     COMRAM   BANK0   BANK1   BANK2   BANK3   BANK4   BANK5   BANK6   BANK7   BANK8   BANK9  BANK10  BANK1
      +1  BANK12  BANK13  BANK14  BANK15  BANK16  BANK17  BANK18  BANK19  BANK20  BANK21  BANK22  BANK23  BANK24  BANK25  BANK2
      +6  BANK27  BANK28  BANK29  BANK30  BANK31
  9121 ;;      Params:         0       0       0       0       0       0       0       0       0       0       0       0       
      +0       0       0       0       0       0       0       0       0       0       0       0       0       0       0       
      +0       0       0       0       0       0
  9122 ;;      Locals:         0       0       0       0       0       0       0       0       0       0       0       0       
      +0       0       0       0       0       0       0       0       0       0       0       0       0       0       0       
      +0       0       0       0       0       0
  9123 ;;      Temps:          2       0       0       0       0       0       0       0       0       0       0       0       
      +0       0       0       0       0       0       0       0       0       0       0       0       0       0       0       
      +0       0       0       0       0       0
  9124 ;;      Totals:         2       0       0       0       0       0       0       0       0       0       0       0       
      +0       0       0       0       0       0       0       0       0       0       0       0       0       0       0       
      +0       0       0       0       0       0
  9125 ;;Total ram usage:        2 bytes
  9126 ;; Hardware stack levels used: 1
  9127 ;; Hardware stack levels required when called: 3
  9128 ;; This function calls:
  9129 ;;		_LCD_Command
  9130 ;; This function is called by:
  9131 ;;		_main
  9132 ;; This function uses a non-reentrant model
  9133 ;;
  9134                           
  9135                           	psect	text24
  9136   002872                     __ptext24:
  9137                           	callstack 0
  9138   002872                     _LCD_Init:
  9139                           	callstack 27
  9140   002872                     
  9141                           ;./functions.h: 67:     _delay((unsigned long)((500)*(4000000/4000.0)));
  9142   002872  0E03               	movlw	3
  9143   002874  6E04               	movwf	(??_LCD_Init+1)^0,c
  9144   002876  0E8A               	movlw	138
  9145   002878  6E03               	movwf	??_LCD_Init^0,c
  9146   00287A  0E56               	movlw	86
  9147   00287C                     u2027:
  9148   00287C  2EE8               	decfsz	wreg,f,c
  9149   00287E  D7FE               	bra	u2027
  9150   002880  2E03               	decfsz	??_LCD_Init^0,f,c
  9151   002882  D7FC               	bra	u2027
  9152   002884  2E04               	decfsz	(??_LCD_Init+1)^0,f,c
  9153   002886  D7FA               	bra	u2027
  9154   002888                     
  9155                           ;./functions.h: 69:     LATDbits.LATD0 = 0;
  9156   002888  90BD               	bcf	189,0,c	;volatile
  9157   00288A                     
  9158                           ;./functions.h: 70:     LATDbits.LATD1 = 0;
  9159   00288A  92BD               	bcf	189,1,c	;volatile
  9160   00288C                     
  9161                           ;./functions.h: 71:     LATB = 0x00;
  9162   00288C  6ABB               	clrf	187,c	;volatile
  9163                           
  9164                           ;./functions.h: 73:     _delay((unsigned long)((50)*(4000000/4000.0)));
  9165   00288E  0E41               	movlw	65
  9166   002890  6E03               	movwf	??_LCD_Init^0,c
  9167   002892  0EEE               	movlw	238
  9168   002894                     u2037:
  9169   002894  2EE8               	decfsz	wreg,f,c
  9170   002896  D7FE               	bra	u2037
  9171   002898  2E03               	decfsz	??_LCD_Init^0,f,c
  9172   00289A  D7FC               	bra	u2037
  9173   00289C  D000               	nop2	
  9174   00289E                     
  9175                           ;./functions.h: 75:     LCD_Command(0x30);
  9176   00289E  0E30               	movlw	48
  9177   0028A0  EC45  F017         	call	_LCD_Command
  9178   0028A4                     
  9179                           ;./functions.h: 76:     _delay((unsigned long)((10)*(4000000/4000.0)));
  9180   0028A4  0E0D               	movlw	13
  9181   0028A6  6E03               	movwf	??_LCD_Init^0,c
  9182   0028A8  0EFC               	movlw	252
  9183   0028AA                     u2047:
  9184   0028AA  2EE8               	decfsz	wreg,f,c
  9185   0028AC  D7FE               	bra	u2047
  9186   0028AE  2E03               	decfsz	??_LCD_Init^0,f,c
  9187   0028B0  D7FC               	bra	u2047
  9188                           
  9189                           ;./functions.h: 78:     LCD_Command(0x30);
  9190   0028B2  0E30               	movlw	48
  9191   0028B4  EC45  F017         	call	_LCD_Command
  9192   0028B8                     
  9193                           ;./functions.h: 79:     _delay((unsigned long)((10)*(4000000/4000.0)));
  9194   0028B8  0E0D               	movlw	13
  9195   0028BA  6E03               	movwf	??_LCD_Init^0,c
  9196   0028BC  0EFC               	movlw	252
  9197   0028BE                     u2057:
  9198   0028BE  2EE8               	decfsz	wreg,f,c
  9199   0028C0  D7FE               	bra	u2057
  9200   0028C2  2E03               	decfsz	??_LCD_Init^0,f,c
  9201   0028C4  D7FC               	bra	u2057
  9202   0028C6                     
  9203                           ;./functions.h: 81:     LCD_Command(0x30);
  9204   0028C6  0E30               	movlw	48
  9205   0028C8  EC45  F017         	call	_LCD_Command
  9206                           
  9207                           ;./functions.h: 82:     _delay((unsigned long)((10)*(4000000/4000.0)));
  9208   0028CC  0E0D               	movlw	13
  9209   0028CE  6E03               	movwf	??_LCD_Init^0,c
  9210   0028D0  0EFC               	movlw	252
  9211   0028D2                     u2067:
  9212   0028D2  2EE8               	decfsz	wreg,f,c
  9213   0028D4  D7FE               	bra	u2067
  9214   0028D6  2E03               	decfsz	??_LCD_Init^0,f,c
  9215   0028D8  D7FC               	bra	u2067
  9216   0028DA                     
  9217                           ;./functions.h: 84:     LCD_Command(0x38);
  9218   0028DA  0E38               	movlw	56
  9219   0028DC  EC45  F017         	call	_LCD_Command
  9220   0028E0                     
  9221                           ;./functions.h: 85:     _delay((unsigned long)((10)*(4000000/4000.0)));
  9222   0028E0  0E0D               	movlw	13
  9223   0028E2  6E03               	movwf	??_LCD_Init^0,c
  9224   0028E4  0EFC               	movlw	252
  9225   0028E6                     u2077:
  9226   0028E6  2EE8               	decfsz	wreg,f,c
  9227   0028E8  D7FE               	bra	u2077
  9228   0028EA  2E03               	decfsz	??_LCD_Init^0,f,c
  9229   0028EC  D7FC               	bra	u2077
  9230                           
  9231                           ;./functions.h: 87:     LCD_Command(0x08);
  9232   0028EE  0E08               	movlw	8
  9233   0028F0  EC45  F017         	call	_LCD_Command
  9234   0028F4                     
  9235                           ;./functions.h: 88:     _delay((unsigned long)((5)*(4000000/4000.0)));
  9236   0028F4  0E07               	movlw	7
  9237   0028F6  6E03               	movwf	??_LCD_Init^0,c
  9238   0028F8  0E7D               	movlw	125
  9239   0028FA                     u2087:
  9240   0028FA  2EE8               	decfsz	wreg,f,c
  9241   0028FC  D7FE               	bra	u2087
  9242   0028FE  2E03               	decfsz	??_LCD_Init^0,f,c
  9243   002900  D7FC               	bra	u2087
  9244   002902  0000               	nop	
  9245   002904                     
  9246                           ;./functions.h: 90:     LCD_Command(0x01);
  9247   002904  0E01               	movlw	1
  9248   002906  EC45  F017         	call	_LCD_Command
  9249                           
  9250                           ;./functions.h: 91:     _delay((unsigned long)((10)*(4000000/4000.0)));
  9251   00290A  0E0D               	movlw	13
  9252   00290C  6E03               	movwf	??_LCD_Init^0,c
  9253   00290E  0EFC               	movlw	252
  9254   002910                     u2097:
  9255   002910  2EE8               	decfsz	wreg,f,c
  9256   002912  D7FE               	bra	u2097
  9257   002914  2E03               	decfsz	??_LCD_Init^0,f,c
  9258   002916  D7FC               	bra	u2097
  9259   002918                     
  9260                           ;./functions.h: 93:     LCD_Command(0x06);
  9261   002918  0E06               	movlw	6
  9262   00291A  EC45  F017         	call	_LCD_Command
  9263   00291E                     
  9264                           ;./functions.h: 94:     _delay((unsigned long)((5)*(4000000/4000.0)));
  9265   00291E  0E07               	movlw	7
  9266   002920  6E03               	movwf	??_LCD_Init^0,c
  9267   002922  0E7D               	movlw	125
  9268   002924                     u2107:
  9269   002924  2EE8               	decfsz	wreg,f,c
  9270   002926  D7FE               	bra	u2107
  9271   002928  2E03               	decfsz	??_LCD_Init^0,f,c
  9272   00292A  D7FC               	bra	u2107
  9273   00292C  0000               	nop	
  9274                           
  9275                           ;./functions.h: 96:     LCD_Command(0x0C);
  9276   00292E  0E0C               	movlw	12
  9277   002930  EC45  F017         	call	_LCD_Command
  9278   002934                     
  9279                           ;./functions.h: 97:     _delay((unsigned long)((5)*(4000000/4000.0)));
  9280   002934  0E07               	movlw	7
  9281   002936  6E03               	movwf	??_LCD_Init^0,c
  9282   002938  0E7D               	movlw	125
  9283   00293A                     u2117:
  9284   00293A  2EE8               	decfsz	wreg,f,c
  9285   00293C  D7FE               	bra	u2117
  9286   00293E  2E03               	decfsz	??_LCD_Init^0,f,c
  9287   002940  D7FC               	bra	u2117
  9288   002942  0000               	nop	
  9289   002944  0012               	return		;funcret
  9290   002946                     __end_of_LCD_Init:
  9291                           	callstack 0
  9292                           
  9293 ;; *************** function _LCD_Command *****************
  9294 ;; Defined at:
  9295 ;;		line 106 in file "./functions.h"
  9296 ;; Parameters:    Size  Location     Type
  9297 ;;  cmd             1    wreg     unsigned char 
  9298 ;; Auto vars:     Size  Location     Type
  9299 ;;  cmd             1    1[COMRAM] unsigned char 
  9300 ;; Return value:  Size  Location     Type
  9301 ;;                  1    wreg      void 
  9302 ;; Registers used:
  9303 ;;		wreg, status,2, cstack
  9304 ;; Tracked objects:
  9305 ;;		On entry : 0/0
  9306 ;;		On exit  : 0/0
  9307 ;;		Unchanged: 0/0
  9308 ;; Data sizes:     COMRAM   BANK0   BANK1   BANK2   BANK3   BANK4   BANK5   BANK6   BANK7   BANK8   BANK9  BANK10  BANK1
      +1  BANK12  BANK13  BANK14  BANK15  BANK16  BANK17  BANK18  BANK19  BANK20  BANK21  BANK22  BANK23  BANK24  BANK25  BANK2
      +6  BANK27  BANK28  BANK29  BANK30  BANK31
  9309 ;;      Params:         0       0       0       0       0       0       0       0       0       0       0       0       
      +0       0       0       0       0       0       0       0       0       0       0       0       0       0       0       
      +0       0       0       0       0       0
  9310 ;;      Locals:         1       0       0       0       0       0       0       0       0       0       0       0       
      +0       0       0       0       0       0       0       0       0       0       0       0       0       0       0       
      +0       0       0       0       0       0
  9311 ;;      Temps:          1       0       0       0       0       0       0       0       0       0       0       0       
      +0       0       0       0       0       0       0       0       0       0       0       0       0       0       0       
      +0       0       0       0       0       0
  9312 ;;      Totals:         2       0       0       0       0       0       0       0       0       0       0       0       
      +0       0       0       0       0       0       0       0       0       0       0       0       0       0       0       
      +0       0       0       0       0       0
  9313 ;;Total ram usage:        2 bytes
  9314 ;; Hardware stack levels used: 1
  9315 ;; Hardware stack levels required when called: 2
  9316 ;; This function calls:
  9317 ;;		Nothing
  9318 ;; This function is called by:
  9319 ;;		_LCD_Init
  9320 ;;		_LCD_String_xy
  9321 ;;		_LCD_Clear
  9322 ;; This function uses a non-reentrant model
  9323 ;;
  9324                           
  9325                           	psect	text25
  9326   002E8A                     __ptext25:
  9327                           	callstack 0
  9328   002E8A                     _LCD_Command:
  9329                           	callstack 27
  9330                           
  9331                           ;incstack = 0
  9332                           ;LCD_Command@cmd stored from wreg
  9333   002E8A  6E02               	movwf	LCD_Command@cmd^0,c
  9334   002E8C                     
  9335                           ;./functions.h: 106: void LCD_Command(unsigned char cmd);./functions.h: 107: {;./functio
      +                          ns.h: 108:     LATB = cmd;
  9336   002E8C  0060  F00B  FFBB   	movff	LCD_Command@cmd,16315	;volatile
  9337   002E92                     
  9338                           ;./functions.h: 110:     LATDbits.LATD0 = 0;
  9339   002E92  90BD               	bcf	189,0,c	;volatile
  9340   002E94                     
  9341                           ;./functions.h: 111:     _delay((unsigned long)((1)*(4000000/4000.0)));
  9342   002E94  0EC8               	movlw	200
  9343   002E96                     u2127:
  9344   002E96  D000               	nop2	
  9345   002E98  2EE8               	decfsz	wreg,f,c
  9346   002E9A  D7FD               	bra	u2127
  9347   002E9C                     
  9348                           ;./functions.h: 113:     LATDbits.LATD1 = 1;
  9349   002E9C  82BD               	bsf	189,1,c	;volatile
  9350   002E9E                     
  9351                           ;./functions.h: 114:     _delay((unsigned long)((1)*(4000000/4000.0)));
  9352   002E9E  0EC8               	movlw	200
  9353   002EA0                     u2137:
  9354   002EA0  D000               	nop2	
  9355   002EA2  2EE8               	decfsz	wreg,f,c
  9356   002EA4  D7FD               	bra	u2137
  9357   002EA6                     
  9358                           ;./functions.h: 115:     LATDbits.LATD1 = 0;
  9359   002EA6  92BD               	bcf	189,1,c	;volatile
  9360   002EA8                     
  9361                           ;./functions.h: 117:     _delay((unsigned long)((3)*(4000000/4000.0)));
  9362   002EA8  0E04               	movlw	4
  9363   002EAA  6E01               	movwf	??_LCD_Command^0,c
  9364   002EAC  0EE4               	movlw	228
  9365   002EAE                     u2147:
  9366   002EAE  2EE8               	decfsz	wreg,f,c
  9367   002EB0  D7FE               	bra	u2147
  9368   002EB2  2E01               	decfsz	??_LCD_Command^0,f,c
  9369   002EB4  D7FC               	bra	u2147
  9370   002EB6  D000               	nop2	
  9371   002EB8  0012               	return		;funcret
  9372   002EBA                     __end_of_LCD_Command:
  9373                           	callstack 0
  9374                           
  9375 ;; *************** function _ADC_Initialize *****************
  9376 ;; Defined at:
  9377 ;;		line 47 in file "mcc_generated_files/adc/src/adc.c"
  9378 ;; Parameters:    Size  Location     Type
  9379 ;;		None
  9380 ;; Auto vars:     Size  Location     Type
  9381 ;;		None
  9382 ;; Return value:  Size  Location     Type
  9383 ;;                  1    wreg      void 
  9384 ;; Registers used:
  9385 ;;		wreg, status,2, status,0
  9386 ;; Tracked objects:
  9387 ;;		On entry : 0/0
  9388 ;;		On exit  : 0/0
  9389 ;;		Unchanged: 0/0
  9390 ;; Data sizes:     COMRAM   BANK0   BANK1   BANK2   BANK3   BANK4   BANK5   BANK6   BANK7   BANK8   BANK9  BANK10  BANK1
      +1  BANK12  BANK13  BANK14  BANK15  BANK16  BANK17  BANK18  BANK19  BANK20  BANK21  BANK22  BANK23  BANK24  BANK25  BANK2
      +6  BANK27  BANK28  BANK29  BANK30  BANK31
  9391 ;;      Params:         0       0       0       0       0       0       0       0       0       0       0       0       
      +0       0       0       0       0       0       0       0       0       0       0       0       0       0       0       
      +0       0       0       0       0       0
  9392 ;;      Locals:         0       0       0       0       0       0       0       0       0       0       0       0       
      +0       0       0       0       0       0       0       0       0       0       0       0       0       0       0       
      +0       0       0       0       0       0
  9393 ;;      Temps:          0       0       0       0       0       0       0       0       0       0       0       0       
      +0       0       0       0       0       0       0       0       0       0       0       0       0       0       0       
      +0       0       0       0       0       0
  9394 ;;      Totals:         0       0       0       0       0       0       0       0       0       0       0       0       
      +0       0       0       0       0       0       0       0       0       0       0       0       0       0       0       
      +0       0       0       0       0       0
  9395 ;;Total ram usage:        0 bytes
  9396 ;; Hardware stack levels used: 1
  9397 ;; Hardware stack levels required when called: 2
  9398 ;; This function calls:
  9399 ;;		Nothing
  9400 ;; This function is called by:
  9401 ;;		_main
  9402 ;;		_SYSTEM_Initialize
  9403 ;; This function uses a non-reentrant model
  9404 ;;
  9405                           
  9406                           	psect	text26
  9407   002C40                     __ptext26:
  9408                           	callstack 0
  9409   002C40                     _ADC_Initialize:
  9410                           	callstack 28
  9411   002C40                     
  9412                           ;mcc_generated_files/adc/src/adc.c: 49:     ADCON0bits.ADON = 0;
  9413   002C40  013E               	movlb	62	; () banked
  9414   002C42  9FF8               	bcf	248,7,b	;volatile
  9415                           
  9416                           ;mcc_generated_files/adc/src/adc.c: 50:     ADLTHL = (0 << 0x0);
  9417   002C44  6BDE               	clrf	222,b	;volatile
  9418                           
  9419                           ;mcc_generated_files/adc/src/adc.c: 51:     ADLTHH = (0 << 0x0);
  9420   002C46  6BDF               	clrf	223,b	;volatile
  9421                           
  9422                           ;mcc_generated_files/adc/src/adc.c: 52:     ADUTHL = (0 << 0x0);
  9423   002C48  6BE0               	clrf	224,b	;volatile
  9424                           
  9425                           ;mcc_generated_files/adc/src/adc.c: 53:     ADUTHH = (0 << 0x0);
  9426   002C4A  6BE1               	clrf	225,b	;volatile
  9427                           
  9428                           ;mcc_generated_files/adc/src/adc.c: 54:     ADSTPTL = (0 << 0x0);
  9429   002C4C  6BE4               	clrf	228,b	;volatile
  9430                           
  9431                           ;mcc_generated_files/adc/src/adc.c: 55:     ADSTPTH = (0 << 0x0);
  9432   002C4E  6BE5               	clrf	229,b	;volatile
  9433                           
  9434                           ;mcc_generated_files/adc/src/adc.c: 56:     ADACCU = (0 << 0x0);
  9435   002C50  6BEA               	clrf	234,b	;volatile
  9436                           
  9437                           ;mcc_generated_files/adc/src/adc.c: 57:     ADRPT = (0 << 0x0);
  9438   002C52  6BEC               	clrf	236,b	;volatile
  9439                           
  9440                           ;mcc_generated_files/adc/src/adc.c: 58:     ADPCH = (0 << 0x0);
  9441   002C54  6BF1               	clrf	241,b	;volatile
  9442                           
  9443                           ;mcc_generated_files/adc/src/adc.c: 59:     ADACQL = (0 << 0x0);
  9444   002C56  6BF3               	clrf	243,b	;volatile
  9445                           
  9446                           ;mcc_generated_files/adc/src/adc.c: 60:     ADACQH = (0 << 0x0);
  9447   002C58  6BF4               	clrf	244,b	;volatile
  9448                           
  9449                           ;mcc_generated_files/adc/src/adc.c: 61:     ADCP = (0 << 0x7);
  9450   002C5A  6BD7               	clrf	215,b	;volatile
  9451                           
  9452                           ;mcc_generated_files/adc/src/adc.c: 62:     ADCAP = (0 << 0x0);
  9453   002C5C  6BF5               	clrf	245,b	;volatile
  9454                           
  9455                           ;mcc_generated_files/adc/src/adc.c: 63:     ADPREL = (0 << 0x0);
  9456   002C5E  6BF6               	clrf	246,b	;volatile
  9457                           
  9458                           ;mcc_generated_files/adc/src/adc.c: 64:     ADPREH = (0 << 0x0);
  9459   002C60  6BF7               	clrf	247,b	;volatile
  9460                           
  9461                           ;mcc_generated_files/adc/src/adc.c: 65:     ADCON1 = (0 << 0x0)
  9462   002C62  6BF9               	clrf	249,b	;volatile
  9463   002C64                     
  9464                           ; BSR set to: 62
  9465                           ;mcc_generated_files/adc/src/adc.c: 69:     ADCON2 = (0 << 0x0)
  9466   002C64  0E18               	movlw	24
  9467   002C66  6FFA               	movwf	250,b	;volatile
  9468                           
  9469                           ;mcc_generated_files/adc/src/adc.c: 73:     ADCON3 = (0 << 0x0)
  9470   002C68  0E10               	movlw	16
  9471   002C6A  6FFB               	movwf	251,b	;volatile
  9472   002C6C                     
  9473                           ; BSR set to: 62
  9474                           ;mcc_generated_files/adc/src/adc.c: 76:     ADSTAT =(0 << 0x4);
  9475   002C6C  6BFC               	clrf	252,b	;volatile
  9476   002C6E                     
  9477                           ; BSR set to: 62
  9478                           ;mcc_generated_files/adc/src/adc.c: 77:     ADREF = (0 << 0x0)
  9479   002C6E  6BFD               	clrf	253,b	;volatile
  9480                           
  9481                           ;mcc_generated_files/adc/src/adc.c: 79:     ADCLK = (31 << 0x0);
  9482   002C70  0E1F               	movlw	31
  9483   002C72  6FFF               	movwf	255,b	;volatile
  9484   002C74                     
  9485                           ; BSR set to: 62
  9486                           ;mcc_generated_files/adc/src/adc.c: 80:     ADACT = (0 << 0x0);
  9487   002C74  6BFE               	clrf	254,b	;volatile
  9488   002C76                     
  9489                           ; BSR set to: 62
  9490                           ;mcc_generated_files/adc/src/adc.c: 82:     ADC_ConversionDoneCallback = ((void*)0);
  9491   002C76  0E00               	movlw	0
  9492   002C78  0100               	movlb	0	; () banked
  9493   002C7A  6F83               	movwf	_ADC_ConversionDoneCallback& (0+255),b
  9494   002C7C  0E00               	movlw	0
  9495   002C7E  6F84               	movwf	(_ADC_ConversionDoneCallback+1)& (0+255),b
  9496   002C80  0E00               	movlw	0
  9497   002C82  6F85               	movwf	(_ADC_ConversionDoneCallback+2)& (0+255),b
  9498   002C84                     
  9499                           ; BSR set to: 0
  9500                           ;mcc_generated_files/adc/src/adc.c: 83:     ADC_ThresholdCallback = ((void*)0);
  9501   002C84  0E00               	movlw	0
  9502   002C86  6F80               	movwf	_ADC_ThresholdCallback& (0+255),b
  9503   002C88  0E00               	movlw	0
  9504   002C8A  6F81               	movwf	(_ADC_ThresholdCallback+1)& (0+255),b
  9505   002C8C  0E00               	movlw	0
  9506   002C8E  6F82               	movwf	(_ADC_ThresholdCallback+2)& (0+255),b
  9507   002C90                     
  9508                           ; BSR set to: 0
  9509                           ;mcc_generated_files/adc/src/adc.c: 84:     adc_busy_status = 0;
  9510   002C90  6A58               	clrf	_adc_busy_status^0,c
  9511   002C92                     
  9512                           ; BSR set to: 0
  9513                           ;mcc_generated_files/adc/src/adc.c: 86:     PIR1bits.ADIF = 0;
  9514   002C92  0139               	movlb	57	; () banked
  9515   002C94  95A1               	bcf	161,2,b	;volatile
  9516   002C96                     
  9517                           ; BSR set to: 57
  9518                           ;mcc_generated_files/adc/src/adc.c: 87:     PIE1bits.ADIE = 0;
  9519   002C96  9591               	bcf	145,2,b	;volatile
  9520   002C98                     
  9521                           ; BSR set to: 57
  9522                           ;mcc_generated_files/adc/src/adc.c: 88:     PIR1bits.ADTIF = 0;
  9523   002C98  97A1               	bcf	161,3,b	;volatile
  9524   002C9A                     
  9525                           ; BSR set to: 57
  9526                           ;mcc_generated_files/adc/src/adc.c: 89:     PIE1bits.ADTIE = 0;
  9527   002C9A  9791               	bcf	145,3,b	;volatile
  9528                           
  9529                           ;mcc_generated_files/adc/src/adc.c: 90:     ADCON0 = (0 << 0x0)
  9530   002C9C  0E84               	movlw	132
  9531   002C9E  013E               	movlb	62	; () banked
  9532   002CA0  6FF8               	movwf	248,b	;volatile
  9533   002CA2                     
  9534                           ; BSR set to: 62
  9535   002CA2  0012               	return		;funcret
  9536   002CA4                     __end_of_ADC_Initialize:
  9537                           	callstack 0
  9538                           
  9539 ;; *************** function _ADC_ChannelSelectAndConvert *****************
  9540 ;; Defined at:
  9541 ;;		line 196 in file "mcc_generated_files/adc/src/adc.c"
  9542 ;; Parameters:    Size  Location     Type
  9543 ;;  channel         1    wreg     enum E16172
  9544 ;; Auto vars:     Size  Location     Type
  9545 ;;  channel         1    4[COMRAM] enum E16172
  9546 ;; Return value:  Size  Location     Type
  9547 ;;                  2    0[COMRAM] short 
  9548 ;; Registers used:
  9549 ;;		wreg, status,2, status,0
  9550 ;; Tracked objects:
  9551 ;;		On entry : 0/0
  9552 ;;		On exit  : 0/0
  9553 ;;		Unchanged: 0/0
  9554 ;; Data sizes:     COMRAM   BANK0   BANK1   BANK2   BANK3   BANK4   BANK5   BANK6   BANK7   BANK8   BANK9  BANK10  BANK1
      +1  BANK12  BANK13  BANK14  BANK15  BANK16  BANK17  BANK18  BANK19  BANK20  BANK21  BANK22  BANK23  BANK24  BANK25  BANK2
      +6  BANK27  BANK28  BANK29  BANK30  BANK31
  9555 ;;      Params:         2       0       0       0       0       0       0       0       0       0       0       0       
      +0       0       0       0       0       0       0       0       0       0       0       0       0       0       0       
      +0       0       0       0       0       0
  9556 ;;      Locals:         1       0       0       0       0       0       0       0       0       0       0       0       
      +0       0       0       0       0       0       0       0       0       0       0       0       0       0       0       
      +0       0       0       0       0       0
  9557 ;;      Temps:          2       0       0       0       0       0       0       0       0       0       0       0       
      +0       0       0       0       0       0       0       0       0       0       0       0       0       0       0       
      +0       0       0       0       0       0
  9558 ;;      Totals:         5       0       0       0       0       0       0       0       0       0       0       0       
      +0       0       0       0       0       0       0       0       0       0       0       0       0       0       0       
      +0       0       0       0       0       0
  9559 ;;Total ram usage:        5 bytes
  9560 ;; Hardware stack levels used: 1
  9561 ;; Hardware stack levels required when called: 2
  9562 ;; This function calls:
  9563 ;;		Nothing
  9564 ;; This function is called by:
  9565 ;;		_main
  9566 ;; This function uses a non-reentrant model
  9567 ;;
  9568                           
  9569                           	psect	text27
  9570   002EBA                     __ptext27:
  9571                           	callstack 0
  9572   002EBA                     _ADC_ChannelSelectAndConvert:
  9573                           	callstack 28
  9574                           
  9575                           ; BSR set to: 62
  9576                           ;incstack = 0
  9577                           ;ADC_ChannelSelectAndConvert@channel stored from wreg
  9578   002EBA  6E05               	movwf	ADC_ChannelSelectAndConvert@channel^0,c
  9579   002EBC                     
  9580                           ;mcc_generated_files/adc/src/adc.c: 196: adc_result_t ADC_ChannelSelectAndConvert(adc_ch
      +                          annel_t channel);mcc_generated_files/adc/src/adc.c: 197: {;mcc_generated_files/adc/src/a
      +                          dc.c: 198:     ADPCH = channel;
  9581   002EBC  0060  F017  FEF1   	movff	ADC_ChannelSelectAndConvert@channel,16113	;volatile
  9582   002EC2                     
  9583                           ;mcc_generated_files/adc/src/adc.c: 199:     ADCON0bits.ADCONT = 0;
  9584   002EC2  013E               	movlb	62	; () banked
  9585   002EC4  9DF8               	bcf	248,6,b	;volatile
  9586   002EC6                     
  9587                           ; BSR set to: 62
  9588                           ;mcc_generated_files/adc/src/adc.c: 201:     ADCON0bits.ADGO = 1;
  9589   002EC6  81F8               	bsf	248,0,b	;volatile
  9590   002EC8                     l409:
  9591                           
  9592                           ; BSR set to: 62
  9593                           ;mcc_generated_files/adc/src/adc.c: 203:     while (1 == ADCON0bits.ADGO)
  9594   002EC8  B1F8               	btfsc	248,0,b	;volatile
  9595   002ECA  EF69  F017         	goto	u1401
  9596   002ECE  EF6B  F017         	goto	u1400
  9597   002ED2                     u1401:
  9598   002ED2  EF64  F017         	goto	l409
  9599   002ED6                     u1400:
  9600   002ED6                     
  9601                           ; BSR set to: 62
  9602                           ;mcc_generated_files/adc/src/adc.c: 207:     return ((adc_result_t)((ADRESH << 8) + ADRE
      +                          SL));
  9603   002ED6  51F0               	movf	240,w,b	;volatile
  9604   002ED8  6E04               	movwf	(??_ADC_ChannelSelectAndConvert+1)^0,c
  9605   002EDA  6A03               	clrf	??_ADC_ChannelSelectAndConvert^0,c
  9606   002EDC  51EF               	movf	239,w,b	;volatile
  9607   002EDE  2403               	addwf	??_ADC_ChannelSelectAndConvert^0,w,c
  9608   002EE0  6E01               	movwf	?_ADC_ChannelSelectAndConvert^0,c
  9609   002EE2  0E00               	movlw	0
  9610   002EE4  2004               	addwfc	(??_ADC_ChannelSelectAndConvert+1)^0,w,c
  9611   002EE6  6E02               	movwf	(?_ADC_ChannelSelectAndConvert+1)^0,c
  9612   002EE8                     
  9613                           ; BSR set to: 62
  9614   002EE8  0012               	return		;funcret
  9615   002EEA                     __end_of_ADC_ChannelSelectAndConvert:
  9616                           	callstack 0
  9617                           
  9618 ;; *************** function _INTERRUPT_InterruptManager *****************
  9619 ;; Defined at:
  9620 ;;		line 80 in file "mcc_generated_files/system/src/interrupt.c"
  9621 ;; Parameters:    Size  Location     Type
  9622 ;;		None
  9623 ;; Auto vars:     Size  Location     Type
  9624 ;;		None
  9625 ;; Return value:  Size  Location     Type
  9626 ;;                  1    wreg      void 
  9627 ;; Registers used:
  9628 ;;		cstack
  9629 ;; Tracked objects:
  9630 ;;		On entry : 0/0
  9631 ;;		On exit  : 0/0
  9632 ;;		Unchanged: 0/0
  9633 ;; Data sizes:     COMRAM   BANK0   BANK1   BANK2   BANK3   BANK4   BANK5   BANK6   BANK7   BANK8   BANK9  BANK10  BANK1
      +1  BANK12  BANK13  BANK14  BANK15  BANK16  BANK17  BANK18  BANK19  BANK20  BANK21  BANK22  BANK23  BANK24  BANK25  BANK2
      +6  BANK27  BANK28  BANK29  BANK30  BANK31
  9634 ;;      Params:         0       0       0       0       0       0       0       0       0       0       0       0       
      +0       0       0       0       0       0       0       0       0       0       0       0       0       0       0       
      +0       0       0       0       0       0
  9635 ;;      Locals:         0       0       0       0       0       0       0       0       0       0       0       0       
      +0       0       0       0       0       0       0       0       0       0       0       0       0       0       0       
      +0       0       0       0       0       0
  9636 ;;      Temps:          0       0       0       0       0       0       0       0       0       0       0       0       
      +0       0       0       0       0       0       0       0       0       0       0       0       0       0       0       
      +0       0       0       0       0       0
  9637 ;;      Totals:         0       0       0       0       0       0       0       0       0       0       0       0       
      +0       0       0       0       0       0       0       0       0       0       0       0       0       0       0       
      +0       0       0       0       0       0
  9638 ;;Total ram usage:        0 bytes
  9639 ;; Hardware stack levels used: 1
  9640 ;; Hardware stack levels required when called: 1
  9641 ;; This function calls:
  9642 ;;		_ADC_ISR
  9643 ;;		_ADC_ThresholdISR
  9644 ;; This function is called by:
  9645 ;;		Interrupt level 2
  9646 ;; This function uses a non-reentrant model
  9647 ;;
  9648                           
  9649                           	psect	text28
  9650   002D06                     __ptext28:
  9651                           	callstack 0
  9652   002D06                     _INTERRUPT_InterruptManager:
  9653                           	callstack 23
  9654   002D06                     
  9655                           ;mcc_generated_files/system/src/interrupt.c: 84:     if(PIE1bits.ADIE == 1 && PIR1bits.A
      +                          DIF == 1)
  9656   002D06  0139               	movlb	57	; () banked
  9657   002D08  A591               	btfss	145,2,b	;volatile
  9658   002D0A  EF89  F016         	goto	i2u172_41
  9659   002D0E  EF8B  F016         	goto	i2u172_40
  9660   002D12                     i2u172_41:
  9661   002D12  EF96  F016         	goto	i2l598
  9662   002D16                     i2u172_40:
  9663   002D16                     
  9664                           ; BSR set to: 57
  9665   002D16  A5A1               	btfss	161,2,b	;volatile
  9666   002D18  EF90  F016         	goto	i2u173_41
  9667   002D1C  EF92  F016         	goto	i2u173_40
  9668   002D20                     i2u173_41:
  9669   002D20  EF96  F016         	goto	i2l598
  9670   002D24                     i2u173_40:
  9671   002D24                     
  9672                           ; BSR set to: 57
  9673                           ;mcc_generated_files/system/src/interrupt.c: 85:     {;mcc_generated_files/system/src/in
      +                          terrupt.c: 86:         ADC_ISR();
  9674   002D24  EC01  F018         	call	_ADC_ISR	;wreg free
  9675                           
  9676                           ;mcc_generated_files/system/src/interrupt.c: 87:     }
  9677   002D28  EFA6  F016         	goto	i2l602
  9678   002D2C                     i2l598:
  9679                           
  9680                           ; BSR set to: 57
  9681   002D2C  A791               	btfss	145,3,b	;volatile
  9682   002D2E  EF9B  F016         	goto	i2u174_41
  9683   002D32  EF9D  F016         	goto	i2u174_40
  9684   002D36                     i2u174_41:
  9685   002D36  EFA6  F016         	goto	i2l602
  9686   002D3A                     i2u174_40:
  9687   002D3A                     
  9688                           ; BSR set to: 57
  9689   002D3A  A7A1               	btfss	161,3,b	;volatile
  9690   002D3C  EFA2  F016         	goto	i2u175_41
  9691   002D40  EFA4  F016         	goto	i2u175_40
  9692   002D44                     i2u175_41:
  9693   002D44  EFA6  F016         	goto	i2l602
  9694   002D48                     i2u175_40:
  9695   002D48                     
  9696                           ; BSR set to: 57
  9697                           ;mcc_generated_files/system/src/interrupt.c: 89:     {;mcc_generated_files/system/src/in
      +                          terrupt.c: 90:         ADC_ThresholdISR();
  9698   002D48  ECFE  F017         	call	_ADC_ThresholdISR	;wreg free
  9699   002D4C                     i2l602:
  9700   002D4C  0011               	retfie		f
  9701   002D4E                     __end_of_INTERRUPT_InterruptManager:
  9702                           	callstack 0
  9703                           
  9704 ;; *************** function _ADC_ThresholdISR *****************
  9705 ;; Defined at:
  9706 ;;		line 422 in file "mcc_generated_files/adc/src/adc.c"
  9707 ;; Parameters:    Size  Location     Type
  9708 ;;		None
  9709 ;; Auto vars:     Size  Location     Type
  9710 ;;		None
  9711 ;; Return value:  Size  Location     Type
  9712 ;;                  1    wreg      void 
  9713 ;; Registers used:
  9714 ;;		None
  9715 ;; Tracked objects:
  9716 ;;		On entry : 0/0
  9717 ;;		On exit  : 0/0
  9718 ;;		Unchanged: 0/0
  9719 ;; Data sizes:     COMRAM   BANK0   BANK1   BANK2   BANK3   BANK4   BANK5   BANK6   BANK7   BANK8   BANK9  BANK10  BANK1
      +1  BANK12  BANK13  BANK14  BANK15  BANK16  BANK17  BANK18  BANK19  BANK20  BANK21  BANK22  BANK23  BANK24  BANK25  BANK2
      +6  BANK27  BANK28  BANK29  BANK30  BANK31
  9720 ;;      Params:         0       0       0       0       0       0       0       0       0       0       0       0       
      +0       0       0       0       0       0       0       0       0       0       0       0       0       0       0       
      +0       0       0       0       0       0
  9721 ;;      Locals:         0       0       0       0       0       0       0       0       0       0       0       0       
      +0       0       0       0       0       0       0       0       0       0       0       0       0       0       0       
      +0       0       0       0       0       0
  9722 ;;      Temps:          0       0       0       0       0       0       0       0       0       0       0       0       
      +0       0       0       0       0       0       0       0       0       0       0       0       0       0       0       
      +0       0       0       0       0       0
  9723 ;;      Totals:         0       0       0       0       0       0       0       0       0       0       0       0       
      +0       0       0       0       0       0       0       0       0       0       0       0       0       0       0       
      +0       0       0       0       0       0
  9724 ;;Total ram usage:        0 bytes
  9725 ;; Hardware stack levels used: 1
  9726 ;; This function calls:
  9727 ;;		Nothing
  9728 ;; This function is called by:
  9729 ;;		_INTERRUPT_InterruptManager
  9730 ;; This function uses a non-reentrant model
  9731 ;;
  9732                           
  9733                           	psect	text29
  9734   002FFC                     __ptext29:
  9735                           	callstack 0
  9736   002FFC                     _ADC_ThresholdISR:
  9737                           	callstack 23
  9738   002FFC                     
  9739                           ;mcc_generated_files/adc/src/adc.c: 424:     PIR1bits.ADTIF = 0;
  9740   002FFC  0139               	movlb	57	; () banked
  9741   002FFE  97A1               	bcf	161,3,b	;volatile
  9742   003000                     
  9743                           ; BSR set to: 57
  9744   003000  0012               	return		;funcret
  9745   003002                     __end_of_ADC_ThresholdISR:
  9746                           	callstack 0
  9747                           
  9748 ;; *************** function _ADC_ISR *****************
  9749 ;; Defined at:
  9750 ;;		line 408 in file "mcc_generated_files/adc/src/adc.c"
  9751 ;; Parameters:    Size  Location     Type
  9752 ;;		None
  9753 ;; Auto vars:     Size  Location     Type
  9754 ;;		None
  9755 ;; Return value:  Size  Location     Type
  9756 ;;                  1    wreg      void 
  9757 ;; Registers used:
  9758 ;;		None
  9759 ;; Tracked objects:
  9760 ;;		On entry : 0/0
  9761 ;;		On exit  : 0/0
  9762 ;;		Unchanged: 0/0
  9763 ;; Data sizes:     COMRAM   BANK0   BANK1   BANK2   BANK3   BANK4   BANK5   BANK6   BANK7   BANK8   BANK9  BANK10  BANK1
      +1  BANK12  BANK13  BANK14  BANK15  BANK16  BANK17  BANK18  BANK19  BANK20  BANK21  BANK22  BANK23  BANK24  BANK25  BANK2
      +6  BANK27  BANK28  BANK29  BANK30  BANK31
  9764 ;;      Params:         0       0       0       0       0       0       0       0       0       0       0       0       
      +0       0       0       0       0       0       0       0       0       0       0       0       0       0       0       
      +0       0       0       0       0       0
  9765 ;;      Locals:         0       0       0       0       0       0       0       0       0       0       0       0       
      +0       0       0       0       0       0       0       0       0       0       0       0       0       0       0       
      +0       0       0       0       0       0
  9766 ;;      Temps:          0       0       0       0       0       0       0       0       0       0       0       0       
      +0       0       0       0       0       0       0       0       0       0       0       0       0       0       0       
      +0       0       0       0       0       0
  9767 ;;      Totals:         0       0       0       0       0       0       0       0       0       0       0       0       
      +0       0       0       0       0       0       0       0       0       0       0       0       0       0       0       
      +0       0       0       0       0       0
  9768 ;;Total ram usage:        0 bytes
  9769 ;; Hardware stack levels used: 1
  9770 ;; This function calls:
  9771 ;;		Nothing
  9772 ;; This function is called by:
  9773 ;;		_INTERRUPT_InterruptManager
  9774 ;; This function uses a non-reentrant model
  9775 ;;
  9776                           
  9777                           	psect	text30
  9778   003002                     __ptext30:
  9779                           	callstack 0
  9780   003002                     _ADC_ISR:
  9781                           	callstack 23
  9782   003002                     
  9783                           ;mcc_generated_files/adc/src/adc.c: 410:     PIR1bits.ADIF = 0;
  9784   003002  0139               	movlb	57	; () banked
  9785   003004  95A1               	bcf	161,2,b	;volatile
  9786   003006                     
  9787                           ; BSR set to: 57
  9788   003006  0012               	return		;funcret
  9789   003008                     __end_of_ADC_ISR:
  9790                           	callstack 0
  9791                           
  9792                           ;
  9793                           ; H/W Interrupt Vector Table @ 0x8
  9794                           ;
  9795                           
  9796                           	psect	ivt0x8
  9797   000008                     __pivt0x8:
  9798                           	callstack 0
  9799   000008                     ivt0x8_base:
  9800                           	callstack 0
  9801                           
  9802                           ; high-priority vector
  9803   000008  EF83  F016         	goto	_INTERRUPT_InterruptManager
  9804   000018                     	org	16
  9805                           
  9806                           ; low-priority vector
  9807   000018  00FF               	reset	
  9808                           
  9809                           	psect	rparam
  9810   000001                     ___rparam_used  equ	1
  9811   000000                     ___param_bank   equ	0
  9812   000000                     __Lparam        equ	__Lrparam
  9813   000000                     __Hparam        equ	__Hrparam
  9814                           
  9815                           	psect	config
  9816                           
  9817                           ;Config register CONFIG1L @ 0x300000
  9818                           ;	External Oscillator Selection
  9819                           ;	FEXTOSC = ECH, EC (external clock) above 8 MHz; PFM set to high power
  9820                           ;	Reset Oscillator Selection
  9821                           ;	RSTOSC = HFINTOSC_64MHZ, HFINTOSC with HFFRQ = 64 MHz and CDIV = 1:1
  9822   300000                     	org	3145728
  9823   300000  8F                 	db	143
  9824                           
  9825                           ;Config register CONFIG1H @ 0x300001
  9826                           ;	Clock out Enable bit
  9827                           ;	CLKOUTEN = OFF, CLKOUT function is disabled
  9828                           ;	PRLOCKED One-Way Set Enable bit
  9829                           ;	PR1WAY = ON, PRLOCK bit can be cleared and set only once
  9830                           ;	Clock Switch Enable bit
  9831                           ;	CSWEN = ON, Writing to NOSC and NDIV is allowed
  9832                           ;	Fail-Safe Clock Monitor Enable bit
  9833                           ;	FCMEN = ON, Fail-Safe Clock Monitor enabled
  9834   300001                     	org	3145729
  9835   300001  FF                 	db	255
  9836                           
  9837                           ;Config register CONFIG2L @ 0x300002
  9838                           ;	MCLR Enable bit
  9839                           ;	MCLRE = EXTMCLR, If LVP = 0, MCLR pin is MCLR; If LVP = 1, RE3 pin function is MCLR
  9840                           ;	Power-up timer selection bits
  9841                           ;	PWRTS = PWRT_OFF, PWRT is disabled
  9842                           ;	Multi-vector enable bit
  9843                           ;	MVECEN = OFF, Interrupt contoller does not use vector table to prioritze interrupts
  9844                           ;	IVTLOCK bit One-way set enable bit
  9845                           ;	IVT1WAY = ON, IVTLOCK bit can be cleared and set only once
  9846                           ;	Low Power BOR Enable bit
  9847                           ;	LPBOREN = OFF, ULPBOR disabled
  9848                           ;	Brown-out Reset Enable bits
  9849                           ;	BOREN = SBORDIS, Brown-out Reset enabled , SBOREN bit is ignored
  9850   300002                     	org	3145730
  9851   300002  F7                 	db	247
  9852                           
  9853                           ;Config register CONFIG2H @ 0x300003
  9854                           ;	Brown-out Reset Voltage Selection bits
  9855                           ;	BORV = VBOR_2P45, Brown-out Reset Voltage (VBOR) set to 2.45V
  9856                           ;	ZCD Disable bit
  9857                           ;	ZCD = OFF, ZCD disabled. ZCD can be enabled by setting the ZCDSEN bit of ZCDCON
  9858                           ;	PPSLOCK bit One-Way Set Enable bit
  9859                           ;	PPS1WAY = ON, PPSLOCK bit can be cleared and set only once; PPS registers remain locke
      +                          d after one clear/set cycle
  9860                           ;	Stack Full/Underflow Reset Enable bit
  9861                           ;	STVREN = ON, Stack full/underflow will cause Reset
  9862                           ;	Debugger Enable bit
  9863                           ;	DEBUG = 0x1, unprogrammed default
  9864                           ;	Extended Instruction Set Enable bit
  9865                           ;	XINST = OFF, Extended Instruction Set and Indexed Addressing Mode disabled
  9866   300003                     	org	3145731
  9867   300003  FF                 	db	255
  9868                           
  9869                           ;Config register CONFIG3L @ 0x300004
  9870                           ;	WDT Period selection bits
  9871                           ;	WDTCPS = WDTCPS_31, Divider ratio 1:65536; software control of WDTPS
  9872                           ;	WDT operating mode
  9873                           ;	WDTE = OFF, WDT Disabled; SWDTEN is ignored
  9874   300004                     	org	3145732
  9875   300004  9F                 	db	159
  9876                           
  9877                           ;Config register CONFIG3H @ 0x300005
  9878                           ;	WDT Window Select bits
  9879                           ;	WDTCWS = WDTCWS_7, window always open (100%); software control; keyed access not requi
      +                          red
  9880                           ;	WDT input clock selector
  9881                           ;	WDTCCS = SC, Software Control
  9882   300005                     	org	3145733
  9883   300005  FF                 	db	255
  9884                           
  9885                           ;Config register CONFIG4L @ 0x300006
  9886                           ;	Boot Block Size selection bits
  9887                           ;	BBSIZE = BBSIZE_512, Boot Block size is 512 words
  9888                           ;	Boot Block enable bit
  9889                           ;	BBEN = OFF, Boot block disabled
  9890                           ;	Storage Area Flash enable bit
  9891                           ;	SAFEN = OFF, SAF disabled
  9892                           ;	Application Block write protection bit
  9893                           ;	WRTAPP = OFF, Application Block not write protected
  9894   300006                     	org	3145734
  9895   300006  FF                 	db	255
  9896                           
  9897                           ;Config register CONFIG4H @ 0x300007
  9898                           ;	Boot Block Write Protection bit
  9899                           ;	WRTB = OFF, Boot Block not write-protected
  9900                           ;	Configuration Register Write Protection bit
  9901                           ;	WRTC = OFF, Configuration registers not write-protected
  9902                           ;	Data EEPROM Write Protection bit
  9903                           ;	WRTD = OFF, Data EEPROM not write-protected
  9904                           ;	SAF Write protection bit
  9905                           ;	WRTSAF = OFF, SAF not Write Protected
  9906                           ;	Low Voltage Programming Enable bit
  9907                           ;	LVP = ON, Low voltage programming enabled. MCLR/VPP pin function is MCLR. MCLRE config
      +                          uration bit is ignored
  9908   300007                     	org	3145735
  9909   300007  FF                 	db	255
  9910                           
  9911                           ;Config register CONFIG5L @ 0x300008
  9912                           ;	PFM and Data EEPROM Code Protection bit
  9913                           ;	CP = OFF, PFM and Data EEPROM code protection disabled
  9914   300008                     	org	3145736
  9915   300008  FF                 	db	255
  9916                           
  9917                           ;Config register CONFIG5H @ 0x300009
  9918                           ;	unspecified, using default values
  9919   300009                     	org	3145737
  9920   300009  FF                 	db	255
  9921                           tosu	equ	0x3FFF
  9922                           tosh	equ	0x3FFE
  9923                           tosl	equ	0x3FFD
  9924                           stkptr	equ	0x3FFC
  9925                           pclatu	equ	0x3FFB
  9926                           pclath	equ	0x3FFA
  9927                           pcl	equ	0x3FF9
  9928                           tblptru	equ	0x3FF8
  9929                           tblptrh	equ	0x3FF7
  9930                           tblptrl	equ	0x3FF6
  9931                           tablat	equ	0x3FF5
  9932                           prodh	equ	0x3FF4
  9933                           prodl	equ	0x3FF3
  9934                           indf0	equ	0x3FEF
  9935                           postinc0	equ	0x3FEE
  9936                           postdec0	equ	0x3FED
  9937                           preinc0	equ	0x3FEC
  9938                           plusw0	equ	0x3FEB
  9939                           fsr0h	equ	0x3FEA
  9940                           fsr0l	equ	0x3FE9
  9941                           wreg	equ	0x3FE8
  9942                           indf1	equ	0x3FE7
  9943                           postinc1	equ	0x3FE6
  9944                           postdec1	equ	0x3FE5
  9945                           preinc1	equ	0x3FE4
  9946                           plusw1	equ	0x3FE3
  9947                           fsr1h	equ	0x3FE2
  9948                           fsr1l	equ	0x3FE1
  9949                           bsr	equ	0x3FE0
  9950                           indf2	equ	0x3FDF
  9951                           postinc2	equ	0x3FDE
  9952                           postdec2	equ	0x3FDD
  9953                           preinc2	equ	0x3FDC
  9954                           plusw2	equ	0x3FDB
  9955                           fsr2h	equ	0x3FDA
  9956                           fsr2l	equ	0x3FD9
  9957                           status	equ	0x3FD8

Data Sizes:
    Strings     102
    Constant    72
    Data        12
    BSS         86
    Persistent  0
    Stack       0

Auto Spaces:
    Space          Size  Autos    Used
    COMRAM           95     60      94
    BANK0           160      0      64
    BANK1           256      0       0
    BANK2           256      0       0
    BANK3           256      0       0
    BANK4           256      0       0
    BANK5           256      0       0
    BANK6           256      0       0
    BANK7           256      0       0
    BANK8           256      0       0
    BANK9           256      0       0
    BANK10          256      0       0
    BANK11          256      0       0
    BANK12          256      0       0
    BANK13          256      0       0
    BANK14          256      0       0
    BANK15          256      0       0
    BANK16          256      0       0
    BANK17          256      0       0
    BANK18          256      0       0
    BANK19          256      0       0
    BANK20          256      0       0
    BANK21          256      0       0
    BANK22          256      0       0
    BANK23          256      0       0
    BANK24          256      0       0
    BANK25          256      0       0
    BANK26          256      0       0
    BANK27          256      0       0
    BANK28          256      0       0
    BANK29          256      0       0
    BANK30          256      0       0
    BANK31          256      0       0

Pointer List with Targets:

    ADC_ConversionDoneCallback	PTR FTN()void  size(3) Largest target is 1
		 -> NULL(), NULL(NULL[0]), 

    ADC_ThresholdCallback	PTR FTN()void  size(3) Largest target is 1
		 -> NULL(), NULL(NULL[0]), 

    f$.$buffer	PTR unsigned char  size(1) Largest target is 17
		 -> main@buffer(COMRAM[17]), 

    f$.$source	PTR const unsigned char  size(2) Largest target is 0

    fputc@fp	PTR struct _IO_FILE size(1) Largest target is 12
		 -> sprintf@f(COMRAM[11]), 

    fputc@fp$.$buffer	PTR unsigned char  size(1) Largest target is 17
		 -> main@buffer(COMRAM[17]), 

    fputc@fp$.$source	PTR const unsigned char  size(2) Largest target is 0

    INT0_InterruptHandler	PTR FTN()void  size(3) Largest target is 1
		 -> INT0_DefaultInterruptHandler(), NULL(), 

    INT1_InterruptHandler	PTR FTN()void  size(3) Largest target is 1
		 -> INT1_DefaultInterruptHandler(), NULL(), 

    INT2_InterruptHandler	PTR FTN()void  size(3) Largest target is 1
		 -> INT2_DefaultInterruptHandler(), NULL(), 

    LCD_String@msg	PTR const unsigned char  size(2) Largest target is 17
		 -> main@buffer(COMRAM[17]), STR_1(CODE[17]), STR_2(CODE[17]), STR_3(CODE[17]), 
		 -> STR_5(CODE[17]), STR_7(CODE[17]), STR_9(CODE[17]), 

    LCD_String_xy@msg	PTR const unsigned char  size(2) Largest target is 17
		 -> main@buffer(COMRAM[17]), STR_1(CODE[17]), STR_2(CODE[17]), STR_3(CODE[17]), 
		 -> STR_5(CODE[17]), STR_7(CODE[17]), STR_9(CODE[17]), 

    S1700$20$0	PTR FTN()void  size(3) Largest target is 1
		 -> UART2_DefaultFramingErrorCallback(), 

    S1700$21$0	PTR FTN()void  size(3) Largest target is 1
		 -> UART2_DefaultOverrunErrorCallback(), 

    S1700$22$0	PTR FTN()void  size(3) Largest target is 1
		 -> UART2_DefaultParityErrorCallback(), 

    S1700$AutoBaudEventEnableGet	PTR FTN()_Bool  size(3) Largest target is 1
		 -> NULL(), 

    S1700$AutoBaudQuery	PTR FTN()_Bool  size(3) Largest target is 1
		 -> UART2_AutoBaudQuery(), 

    S1700$AutoBaudSet	PTR FTN(_Bool ,)void  size(3) Largest target is 1
		 -> UART2_AutoBaudSet(), 

    S1700$BaudRateGet	PTR FTN()unsigned long  size(3) Largest target is 1
		 -> NULL(), 

    S1700$BaudRateSet	PTR FTN(unsigned long ,)void  size(3) Largest target is 1
		 -> NULL(), 

    S1700$BRGCountGet	PTR FTN()unsigned long  size(3) Largest target is 1
		 -> NULL(), 

    S1700$BRGCountSet	PTR FTN(unsigned long ,)void  size(3) Largest target is 1
		 -> NULL(), 

    S1700$Deinitialize	PTR FTN()void  size(3) Largest target is 1
		 -> UART2_Deinitialize(), 

    S1700$ErrorGet	PTR FTN()unsigned int  size(3) Largest target is 2
		 -> UART2_ErrorGet(), 

    S1700$EventCallbackRegister	PTR FTN(PTR FTN()void ,)void  size(3) Largest target is 1
		 -> NULL(), 

    S1700$FramingErrorCallbackRegister	PTR FTN(PTR FTN()void ,)void  size(3) Largest target is 1
		 -> UART2_FramingErrorCallbackRegister(), 

    S1700$Initialize	PTR FTN()void  size(3) Largest target is 1
		 -> UART2_Initialize(), 

    S1700$IsRxReady	PTR FTN()_Bool  size(3) Largest target is 1
		 -> UART2_IsRxReady(), 

    S1700$IsTxDone	PTR FTN()_Bool  size(3) Largest target is 1
		 -> UART2_IsTxDone(), 

    S1700$IsTxReady	PTR FTN()_Bool  size(3) Largest target is 1
		 -> UART2_IsTxReady(), 

    S1700$OverrunErrorCallbackRegister	PTR FTN(PTR FTN()void ,)void  size(3) Largest target is 1
		 -> UART2_OverrunErrorCallbackRegister(), 

    S1700$ParityErrorCallbackRegister	PTR FTN(PTR FTN()void ,)void  size(3) Largest target is 1
		 -> UART2_ParityErrorCallbackRegister(), 

    S1700$Read	PTR FTN()unsigned char  size(3) Largest target is 1
		 -> UART2_Read(), 

    S1700$RxCompleteCallbackRegister	PTR FTN(PTR FTN()void ,)void  size(3) Largest target is 1
		 -> NULL(), 

    S1700$TransmitDisable	PTR FTN()void  size(3) Largest target is 1
		 -> UART2_TransmitDisable(), 

    S1700$TransmitEnable	PTR FTN()void  size(3) Largest target is 1
		 -> UART2_TransmitEnable(), 

    S1700$TxCollisionCallbackRegister	PTR FTN(PTR FTN()void ,)void  size(3) Largest target is 1
		 -> NULL(), 

    S1700$TxCompleteCallbackRegister	PTR FTN(PTR FTN()void ,)void  size(3) Largest target is 1
		 -> NULL(), 

    S1700$Write	PTR FTN(unsigned char ,)void  size(3) Largest target is 1
		 -> UART2_Write(), 

    S2798$buffer	PTR unsigned char  size(1) Largest target is 17
		 -> main@buffer(COMRAM[17]), 

    S2798$source	PTR const unsigned char  size(2) Largest target is 0

    sprintf@ap	PTR void [1] size(1) Largest target is 2
		 -> ?_sprintf(COMRAM[2]), 

    sprintf@fmt	PTR const unsigned char  size(1) Largest target is 17
		 -> STR_4(CODE[17]), STR_6(CODE[17]), STR_8(CODE[17]), 

    sprintf@s	PTR unsigned char  size(1) Largest target is 17
		 -> main@buffer(COMRAM[17]), 

    UART2$AutoBaudEventEnableGet	PTR FTN()_Bool  size(3) Largest target is 1
		 -> NULL(), 

    UART2$AutoBaudQuery	PTR FTN()_Bool  size(3) Largest target is 1
		 -> UART2_AutoBaudQuery(), 

    UART2$AutoBaudSet	PTR FTN(_Bool ,)void  size(3) Largest target is 1
		 -> UART2_AutoBaudSet(), 

    UART2$BaudRateGet	PTR FTN()unsigned long  size(3) Largest target is 1
		 -> NULL(), 

    UART2$BaudRateSet	PTR FTN(unsigned long ,)void  size(3) Largest target is 1
		 -> NULL(), 

    UART2$BRGCountGet	PTR FTN()unsigned long  size(3) Largest target is 1
		 -> NULL(), 

    UART2$BRGCountSet	PTR FTN(unsigned long ,)void  size(3) Largest target is 1
		 -> NULL(), 

    UART2$Deinitialize	PTR FTN()void  size(3) Largest target is 1
		 -> UART2_Deinitialize(), 

    UART2$ErrorGet	PTR FTN()unsigned int  size(3) Largest target is 2
		 -> UART2_ErrorGet(), 

    UART2$EventCallbackRegister	PTR FTN(PTR FTN()void ,)void  size(3) Largest target is 1
		 -> NULL(), 

    UART2$FramingErrorCallbackRegister	PTR FTN(PTR FTN()void ,)void  size(3) Largest target is 1
		 -> UART2_FramingErrorCallbackRegister(), 

    UART2$Initialize	PTR FTN()void  size(3) Largest target is 1
		 -> UART2_Initialize(), 

    UART2$IsRxReady	PTR FTN()_Bool  size(3) Largest target is 1
		 -> UART2_IsRxReady(), 

    UART2$IsTxDone	PTR FTN()_Bool  size(3) Largest target is 1
		 -> UART2_IsTxDone(), 

    UART2$IsTxReady	PTR FTN()_Bool  size(3) Largest target is 1
		 -> UART2_IsTxReady(), 

    UART2$OverrunErrorCallbackRegister	PTR FTN(PTR FTN()void ,)void  size(3) Largest target is 1
		 -> UART2_OverrunErrorCallbackRegister(), 

    UART2$ParityErrorCallbackRegister	PTR FTN(PTR FTN()void ,)void  size(3) Largest target is 1
		 -> UART2_ParityErrorCallbackRegister(), 

    UART2$Read	PTR FTN()unsigned char  size(3) Largest target is 1
		 -> UART2_Read(), 

    UART2$RxCompleteCallbackRegister	PTR FTN(PTR FTN()void ,)void  size(3) Largest target is 1
		 -> NULL(), 

    UART2$TransmitDisable	PTR FTN()void  size(3) Largest target is 1
		 -> UART2_TransmitDisable(), 

    UART2$TransmitEnable	PTR FTN()void  size(3) Largest target is 1
		 -> UART2_TransmitEnable(), 

    UART2$TxCollisionCallbackRegister	PTR FTN(PTR FTN()void ,)void  size(3) Largest target is 1
		 -> NULL(), 

    UART2$TxCompleteCallbackRegister	PTR FTN(PTR FTN()void ,)void  size(3) Largest target is 1
		 -> NULL(), 

    UART2$Write	PTR FTN(unsigned char ,)void  size(3) Largest target is 1
		 -> UART2_Write(), 

    UART2_FramingErrorHandler	PTR FTN()void  size(3) Largest target is 1
		 -> UART2_DefaultFramingErrorCallback(), NULL(), 

    UART2_OverrunErrorHandler	PTR FTN()void  size(3) Largest target is 1
		 -> UART2_DefaultOverrunErrorCallback(), NULL(), 

    UART2_ParityErrorHandler	PTR FTN()void  size(3) Largest target is 1
		 -> UART2_DefaultParityErrorCallback(), NULL(), 

    vfpfcnvrt@ap	PTR PTR void  size(1) Largest target is 1
		 -> sprintf@ap(COMRAM[1]), 

    vfpfcnvrt@cp	PTR unsigned char  size(1) Largest target is 17
		 -> STR_4(CODE[17]), STR_6(CODE[17]), STR_8(CODE[17]), 

    vfpfcnvrt@fmt	PTR PTR unsigned char  size(1) Largest target is 1
		 -> vfprintf@cfmt(COMRAM[1]), 

    vfpfcnvrt@fp	PTR struct _IO_FILE size(1) Largest target is 12
		 -> sprintf@f(COMRAM[11]), 

    vfprintf@ap	PTR PTR void  size(1) Largest target is 1
		 -> sprintf@ap(COMRAM[1]), 

    vfprintf@cfmt	PTR unsigned char  size(1) Largest target is 17
		 -> STR_4(CODE[17]), STR_6(CODE[17]), STR_8(CODE[17]), 

    vfprintf@fmt	PTR const unsigned char  size(1) Largest target is 17
		 -> STR_4(CODE[17]), STR_6(CODE[17]), STR_8(CODE[17]), 

    vfprintf@fp	PTR struct _IO_FILE size(1) Largest target is 12
		 -> sprintf@f(COMRAM[11]), 


Critical Paths under _main in COMRAM

    _main->_sprintf
    _sprintf->_vfprintf
    _vfprintf->_vfpfcnvrt
    _vfpfcnvrt->_abs
    _vfpfcnvrt->_fputc
    _fputc->_putch
    _putch->_UART2_IsTxReady
    _putch->_UART2_Write
    _abs->___awmod
    _LCD_String_xy->_LCD_String
    _LCD_String->_LCD_Char
    _LCD_Init->_LCD_Command

Critical Paths under _INTERRUPT_InterruptManager in COMRAM

    None.

Critical Paths under _main in BANK0

    None.

Critical Paths under _INTERRUPT_InterruptManager in BANK0

    None.

Critical Paths under _main in BANK1

    None.

Critical Paths under _INTERRUPT_InterruptManager in BANK1

    None.

Critical Paths under _main in BANK2

    None.

Critical Paths under _INTERRUPT_InterruptManager in BANK2

    None.

Critical Paths under _main in BANK3

    None.

Critical Paths under _INTERRUPT_InterruptManager in BANK3

    None.

Critical Paths under _main in BANK4

    None.

Critical Paths under _INTERRUPT_InterruptManager in BANK4

    None.

Critical Paths under _main in BANK5

    None.

Critical Paths under _INTERRUPT_InterruptManager in BANK5

    None.

Critical Paths under _main in BANK6

    None.

Critical Paths under _INTERRUPT_InterruptManager in BANK6

    None.

Critical Paths under _main in BANK7

    None.

Critical Paths under _INTERRUPT_InterruptManager in BANK7

    None.

Critical Paths under _main in BANK8

    None.

Critical Paths under _INTERRUPT_InterruptManager in BANK8

    None.

Critical Paths under _main in BANK9

    None.

Critical Paths under _INTERRUPT_InterruptManager in BANK9

    None.

Critical Paths under _main in BANK10

    None.

Critical Paths under _INTERRUPT_InterruptManager in BANK10

    None.

Critical Paths under _main in BANK11

    None.

Critical Paths under _INTERRUPT_InterruptManager in BANK11

    None.

Critical Paths under _main in BANK12

    None.

Critical Paths under _INTERRUPT_InterruptManager in BANK12

    None.

Critical Paths under _main in BANK13

    None.

Critical Paths under _INTERRUPT_InterruptManager in BANK13

    None.

Critical Paths under _main in BANK14

    None.

Critical Paths under _INTERRUPT_InterruptManager in BANK14

    None.

Critical Paths under _main in BANK15

    None.

Critical Paths under _INTERRUPT_InterruptManager in BANK15

    None.

Critical Paths under _main in BANK16

    None.

Critical Paths under _INTERRUPT_InterruptManager in BANK16

    None.

Critical Paths under _main in BANK17

    None.

Critical Paths under _INTERRUPT_InterruptManager in BANK17

    None.

Critical Paths under _main in BANK18

    None.

Critical Paths under _INTERRUPT_InterruptManager in BANK18

    None.

Critical Paths under _main in BANK19

    None.

Critical Paths under _INTERRUPT_InterruptManager in BANK19

    None.

Critical Paths under _main in BANK20

    None.

Critical Paths under _INTERRUPT_InterruptManager in BANK20

    None.

Critical Paths under _main in BANK21

    None.

Critical Paths under _INTERRUPT_InterruptManager in BANK21

    None.

Critical Paths under _main in BANK22

    None.

Critical Paths under _INTERRUPT_InterruptManager in BANK22

    None.

Critical Paths under _main in BANK23

    None.

Critical Paths under _INTERRUPT_InterruptManager in BANK23

    None.

Critical Paths under _main in BANK24

    None.

Critical Paths under _INTERRUPT_InterruptManager in BANK24

    None.

Critical Paths under _main in BANK25

    None.

Critical Paths under _INTERRUPT_InterruptManager in BANK25

    None.

Critical Paths under _main in BANK26

    None.

Critical Paths under _INTERRUPT_InterruptManager in BANK26

    None.

Critical Paths under _main in BANK27

    None.

Critical Paths under _INTERRUPT_InterruptManager in BANK27

    None.

Critical Paths under _main in BANK28

    None.

Critical Paths under _INTERRUPT_InterruptManager in BANK28

    None.

Critical Paths under _main in BANK29

    None.

Critical Paths under _INTERRUPT_InterruptManager in BANK29

    None.

Critical Paths under _main in BANK30

    None.

Critical Paths under _INTERRUPT_InterruptManager in BANK30

    None.

Critical Paths under _main in BANK31

    None.

Critical Paths under _INTERRUPT_InterruptManager in BANK31

    None.

Call Graph Tables:

 ---------------------------------------------------------------------------------
 (Depth) Function   	        Calls       Base Space   Used Autos Params    Refs
 ---------------------------------------------------------------------------------
 (0) _main                                                19    19      0    2516
                                             41 COMRAM    19    19      0
        _ADC_ChannelSelectAndConvert
                     _ADC_Initialize
                           _LCD_Init
                      _LCD_String_xy
                    _PWM1_Initialize
                 _PWM1_LoadDutyValue
                    _PWM2_Initialize
                 _PWM2_LoadDutyValue
          _PWM_Output_RC2_RC3_Enable
                    _TMR2_Initialize
                    _TMR2_StartTimer
                           _hit_Tone
                            _sprintf
                         _systemInit
 ---------------------------------------------------------------------------------
 (1) _systemInit                                           0     0      0       0
 ---------------------------------------------------------------------------------
 (1) _sprintf                                             18    14      4    1840
                                             25 COMRAM    16    12      4
                           _vfprintf
 ---------------------------------------------------------------------------------
 (2) _vfprintf                                             4     1      3    1635
                                             21 COMRAM     4     1      3
                          _vfpfcnvrt
 ---------------------------------------------------------------------------------
 (3) _vfpfcnvrt                                           11     8      3    1510
                                             10 COMRAM    11     8      3
                            ___awdiv
                            ___awmod
                                _abs
                              _fputc
 ---------------------------------------------------------------------------------
 (4) _fputc                                                8     5      3     306
                                              2 COMRAM     8     5      3
                              _putch
 ---------------------------------------------------------------------------------
 (5) _putch                                                1     1      0      76
                                              1 COMRAM     1     1      0
                    _UART2_IsTxReady
                        _UART2_Write
 ---------------------------------------------------------------------------------
 (6) _UART2_Write                                          1     0      1      23
                                              0 COMRAM     1     0      1
 ---------------------------------------------------------------------------------
 (6) _UART2_IsTxReady                                      1     1      0      24
                                              0 COMRAM     1     1      0
 ---------------------------------------------------------------------------------
 (4) _abs                                                  4     2      2      67
                                              6 COMRAM     4     2      2
                            ___awmod (ARG)
 ---------------------------------------------------------------------------------
 (4) ___awmod                                              6     2      4     298
                                              0 COMRAM     6     2      4
 ---------------------------------------------------------------------------------
 (4) ___awdiv                                              8     4      4     302
                                              0 COMRAM     8     4      4
 ---------------------------------------------------------------------------------
 (1) _hit_Tone                                             6     4      2      49
                                              0 COMRAM     6     4      2
 ---------------------------------------------------------------------------------
 (1) _TMR2_StartTimer                                      0     0      0       0
                         _TMR2_Start
 ---------------------------------------------------------------------------------
 (2) _TMR2_Start                                           0     0      0       0
 ---------------------------------------------------------------------------------
 (1) _TMR2_Initialize                                      0     0      0       0
 ---------------------------------------------------------------------------------
 (1) _PWM_Output_RC2_RC3_Enable                            0     0      0       0
 ---------------------------------------------------------------------------------
 (1) _PWM2_LoadDutyValue                                   2     0      2      95
                                              0 COMRAM     2     0      2
 ---------------------------------------------------------------------------------
 (1) _PWM2_Initialize                                      0     0      0       0
 ---------------------------------------------------------------------------------
 (1) _PWM1_LoadDutyValue                                   2     0      2      95
                                              0 COMRAM     2     0      2
 ---------------------------------------------------------------------------------
 (1) _PWM1_Initialize                                      0     0      0       0
 ---------------------------------------------------------------------------------
 (1) _LCD_String_xy                                        5     2      3     241
                                              4 COMRAM     5     2      3
                        _LCD_Command
                         _LCD_String
 ---------------------------------------------------------------------------------
 (2) _LCD_String                                           2     0      2      75
                                              2 COMRAM     2     0      2
                           _LCD_Char
 ---------------------------------------------------------------------------------
 (3) _LCD_Char                                             2     2      0      29
                                              0 COMRAM     2     2      0
 ---------------------------------------------------------------------------------
 (1) _LCD_Init                                             2     2      0      29
                                              2 COMRAM     2     2      0
                        _LCD_Command
 ---------------------------------------------------------------------------------
 (2) _LCD_Command                                          2     2      0      29
                                              0 COMRAM     2     2      0
 ---------------------------------------------------------------------------------
 (1) _ADC_Initialize                                       0     0      0       0
 ---------------------------------------------------------------------------------
 (1) _ADC_ChannelSelectAndConvert                          5     3      2      29
                                              0 COMRAM     5     3      2
 ---------------------------------------------------------------------------------
 Estimated maximum stack depth 6
 ---------------------------------------------------------------------------------
 (Depth) Function   	        Calls       Base Space   Used Autos Params    Refs
 ---------------------------------------------------------------------------------
 (7) _INTERRUPT_InterruptManager                           0     0      0       0
                            _ADC_ISR
                   _ADC_ThresholdISR
 ---------------------------------------------------------------------------------
 (8) _ADC_ThresholdISR                                     0     0      0       0
 ---------------------------------------------------------------------------------
 (8) _ADC_ISR                                              0     0      0       0
 ---------------------------------------------------------------------------------
 Estimated maximum stack depth 8
 ---------------------------------------------------------------------------------

 Call Graph Graphs:

 _main (ROOT)
   _ADC_ChannelSelectAndConvert
   _ADC_Initialize
   _LCD_Init
     _LCD_Command
   _LCD_String_xy
     _LCD_Command
     _LCD_String
       _LCD_Char
   _PWM1_Initialize
   _PWM1_LoadDutyValue
   _PWM2_Initialize
   _PWM2_LoadDutyValue
   _PWM_Output_RC2_RC3_Enable
   _TMR2_Initialize
   _TMR2_StartTimer
     _TMR2_Start
   _hit_Tone
   _sprintf
     _vfprintf
       _vfpfcnvrt
         ___awdiv
         ___awmod
         _abs
           ___awmod (ARG)
         _fputc
           _putch
             _UART2_IsTxReady
             _UART2_Write
   _systemInit

 _INTERRUPT_InterruptManager (ROOT)
   _ADC_ISR
   _ADC_ThresholdISR

Address spaces:
Name               Size   Autos  Total    Usage
BIGRAM            8191      0       0      0.0%
BITBIGSFRlllh     1070      0       0      0.0%
BITBIGSFRlh        468      0       0      0.0%
BITBIGSFRllllll    401      0       0      0.0%
BITBANK31          256      0       0      0.0%
BANK31             256      0       0      0.0%
BITBANK30          256      0       0      0.0%
BANK30             256      0       0      0.0%
BITBANK29          256      0       0      0.0%
BANK29             256      0       0      0.0%
BITBANK28          256      0       0      0.0%
BANK28             256      0       0      0.0%
BITBANK27          256      0       0      0.0%
BANK27             256      0       0      0.0%
BITBANK26          256      0       0      0.0%
BANK26             256      0       0      0.0%
BITBANK25          256      0       0      0.0%
BANK25             256      0       0      0.0%
BITBANK24          256      0       0      0.0%
BANK24             256      0       0      0.0%
BITBANK23          256      0       0      0.0%
BANK23             256      0       0      0.0%
BITBANK22          256      0       0      0.0%
BANK22             256      0       0      0.0%
BITBANK21          256      0       0      0.0%
BANK21             256      0       0      0.0%
BITBANK20          256      0       0      0.0%
BANK20             256      0       0      0.0%
BITBANK19          256      0       0      0.0%
BANK19             256      0       0      0.0%
BITBANK18          256      0       0      0.0%
BANK18             256      0       0      0.0%
BITBANK17          256      0       0      0.0%
BANK17             256      0       0      0.0%
BITBANK16          256      0       0      0.0%
BANK16             256      0       0      0.0%
BITBANK15          256      0       0      0.0%
BANK15             256      0       0      0.0%
BITBANK14          256      0       0      0.0%
BANK14             256      0       0      0.0%
BITBANK13          256      0       0      0.0%
BANK13             256      0       0      0.0%
BITBANK12          256      0       0      0.0%
BANK12             256      0       0      0.0%
BITBANK11          256      0       0      0.0%
BANK11             256      0       0      0.0%
BITBANK10          256      0       0      0.0%
BANK10             256      0       0      0.0%
BITBANK9           256      0       0      0.0%
BANK9              256      0       0      0.0%
BITBANK8           256      0       0      0.0%
BANK8              256      0       0      0.0%
BITBANK7           256      0       0      0.0%
BANK7              256      0       0      0.0%
BITBANK6           256      0       0      0.0%
BANK6              256      0       0      0.0%
BITBANK5           256      0       0      0.0%
BANK5              256      0       0      0.0%
BITBANK4           256      0       0      0.0%
BANK4              256      0       0      0.0%
BITBANK3           256      0       0      0.0%
BANK3              256      0       0      0.0%
BITBANK2           256      0       0      0.0%
BANK2              256      0       0      0.0%
BITBANK1           256      0       0      0.0%
BANK1              256      0       0      0.0%
BITBANK0           160      0       0      0.0%
BANK0              160      0      64     40.0%
BITCOMRAM           95      0       0      0.0%
COMRAM              95     60      94     98.9%
BITBIGSFRh          80      0       0      0.0%
BITBIGSFRlllllh     15      0       0      0.0%
BITBIGSFRllh         5      0       0      0.0%
BITBIGSFRllllh       3      0       0      0.0%
STACK                0      0       0      0.0%
DATA                 0      0     158      0.0%


Microchip Technology PIC18 Macro Assembler V3.10 build 20250813170317 
Symbol Table                                                                                   Mon May 18 17:59:13 2026

                 __end_of_systemInit 2FBA                         ?_LCD_Command 0001  
                                 l99 2CE6                         ___awdiv@sign 0006  
                        ?_LCD_String 0003                    ?_ADC_ThresholdISR 0001  
                                l100 2CAE                                  l102 2D04  
                                l105 2FB8                                  l123 2EB8  
                                l132 2BD0                                  l117 2944  
                                l126 2F16                                  l143 2FA0  
                                l137 2DC4                                  l146 300E  
                                l412 2EE8                                  l149 2FFA  
                                l182 2FCE                                  l192 2E58  
                                l176 2F62                                  l264 25A4  
                                l409 2EC8                                  l266 2628  
                                l179 2FE4                                  l187 2E88  
                                l364 2CA2                                  l908 2F3C  
                                l909 2F3E                                  l927 2FF4  
                                l939 2F82                   ??_ADC_ThresholdISR 0001  
                                _abs 2DC6   _UART2_FramingErrorCallbackRegister 0000  
                    __end_of_ADC_ISR 3008                         ___awmod@sign 0006  
                    _TMR2_Initialize 2F84                                  wreg 3FE8  
                        LCD_Char@dat 0002                       _UART2_IsTxDone 0000  
                               ?_abs 0007                                 l1304 2A04  
                               l3000 2AFA                                 l3010 2EEC  
                               l3002 2B2C                                 l3020 2F06  
                               l3012 2EF2                                 l3100 2D56  
                               l1317 2AB2                                 l3022 2F08  
                               l3014 2EF4                                 l3110 2CB0  
                               l3006 2DC6                                 l3030 26DE  
                               l3102 2D66                                 l3120 2888  
                               l3016 2EFC                                 l3112 2CC8  
                               l3008 2DD4                                 l3040 274C  
                               l3032 26E2                                 l3024 26A2  
                               l3104 2D88                                 l3130 28B8  
                               l3122 288A                                 l3018 2EFE  
                               l3210 2E4E                                 l3114 2CE2  
                               l3050 27C8                                 l3042 2756  
                               l3034 26EC                                 l3026 26CA  
                               l3220 2C64                                 l3140 2904  
                               l3132 28C6                                 l3124 288C  
                               l3212 2E52                                 l3204 2E2A  
                               l3108 2CA4                                 l3060 2824  
                               l3052 27D8                                 l3044 276E  
                               l3036 270E                                 l3028 26D2  
                               l3116 2FA2                                 l3300 20CA  
                               l3230 2C84                                 l3222 2C6C  
                               l3142 2918                                 l3134 28DA  
                               l3126 289E                                 l3118 2872  
                               l3150 2DA2                                 l3206 2E32  
                               l3054 27E8                                 l3062 2826  
                               l3046 279C                                 l3038 2730  
                               l3310 20D4                                 l3302 20CC  
                               l3240 2C9A                                 l3232 2C90  
                               l3224 2C6E                                 l3080 2E9C  
                               l3144 291E                                 l3136 28E0  
                               l3128 28A4                                 l3152 2DAC  
                               l3208 2E40                                 l3160 2F88  
                               l3056 27F8                                 l3048 27B6  
                               l3064 283C                                 l3400 2312  
                               l3320 20E4                                 l3312 20D6  
                               l3304 20CE                                 l3242 2EBC  
                               l3234 2C92                                 l3226 2C74  
                               l3218 2C40                                 l3082 2E9E  
                               l3074 2E8C                                 l3146 2934  
                               l3138 28F4                                 l3090 2B64  
                               l3154 2DB2                                 l3162 2F8A  
                               l3170 2FF6                                 l1802 2DF8  
                               l3058 280A                                 l3410 2372  
                               l3402 2336                                 l3330 2104  
                               l3322 20E8                                 l3314 20D8  
                               l3306 20D0                                 l3244 2EC2  
                               l3236 2C96                                 l3228 2C76  
                               l3084 2EA6                                 l3076 2E92  
                               l3092 2B92                                 l3156 2DB8  
                               l3148 2D92                                 l3180 2F60  
                               l3172 2F40                                 l3164 2F90  
                               l3068 2848                                 l3260 2E1E  
                               l3252 2DFA                                 l3500 264A  
                               l3420 23AE                                 l3412 2378  
                               l3340 2146                                 l3332 211A  
                               l3324 20EC                                 l3316 20DA  
                               l3308 20D2                                 l3246 2EC6  
                               l3238 2C98                                 l3086 2EA8  
                               l3078 2E94                                 l3094 2B96  
                               l3182 2FD0                                 l3190 2E5A  
                               l3174 2F4A                                 l3166 2F92  
                               l3158 2F84                                 l1814 2B5E  
                               l3254 2E02                                 l3510 2684  
                               l3502 264E                                 l3430 241A  
                               l3422 23CA                                 l3406 2340  
                               l3350 2172                                 l3342 214A  
                               l3334 211E                                 l3326 20F0  
                               l3318 20DC                                 l1751 2E28  
                               l3248 2ED6                                 l3088 2B60  
                               l3184 2FD4                                 l3192 2E62  
                               l3176 2F5C                                 l3168 2F96  
                               l3096 300C                                 l3256 2E08  
                               l3504 2654                                 l3432 2436  
                               l3440 245A                                 l3424 23EE  
                               l3408 2356                                 l3360 21AE  
                               l3352 2180                                 l3344 214C  
                               l3336 212C                                 l3328 20FA  
                               l3280 20B0                                 l3194 2E70  
                               l3186 2FBA                                 l3178 2F5E  
                               l3098 2D4E                                 l3258 2E0E  
                               l3506 2660                                 l3442 2470  
                               l3450 24BA                                 l3434 243A  
                               l3426 23F4                                 l3418 2398  
                               l3370 2204                                 l3362 21C8  
                               l3354 218E                                 l3346 215A  
                               l3338 2142                                 l3290 20C0  
                               l3282 20B4                                 l3196 2E7E  
                               l3188 2FBE                                 l3508 2674  
                               l3452 24D0                                 l3444 248C  
                               l3428 2404                                 l3380 2274  
                               l3372 2206                                 l3364 21DE  
                               l3356 2196                                 l3348 215C  
                               l3292 20C2                                 l3284 20B8  
                               l3198 2E82                                 l2902 2FEE  
                               l3470 2546                                 l3454 24EC  
                               l3446 24B0                                 l3462 2512  
                               l3390 22C0                                 l3382 227A  
                               l3366 21F4                                 l3374 221E  
                               l3358 219E                                 l3294 20C4  
                               l3286 20BC                                 l2920 2962  
                               l2912 2946                                 l2904 2F66  
                               l3480 2592                                 l3472 254C  
                               l3464 2522                                 l3456 24F2  
                               l3376 2234                                 l3384 228A  
                               l3368 21F6                                 l3296 20C6  
                               l3288 20BE                                 l2930 2994  
                               l2922 2970                                 l2914 2948  
                               l2906 2F66                                 l3490 25DC  
                               l3482 25B2                                 l3474 2558  
                               l3466 2530                                 l3386 22A0  
                               l3378 2250                                 l3298 20C8  
                               l1795 2D8E                                 l2940 29CE  
                               l2932 299C                                 l2924 2978  
                               l2916 2956                                 l2908 2F7A  
                               l3492 25F0                                 l3484 25C6  
                               l3476 256C                                 l3468 2542  
                               l3388 22BC                                 l3396 22E0  
                               l1789 2870                                 l2950 29F4  
                               l2942 29D6                                 l2934 29A4  
                               l2926 297C                                 l2918 295E  
                               l3494 2600                                 l3486 25CA  
                               l3478 257C                                 l3398 22F6  
                               l1799 2DE0                                 l2952 29FC  
                               l2944 29D8                                 l2936 29B2  
                               l2928 2982                                 l2960 2A16  
                               l3496 2616                                 l3488 25D0  
                               l2946 29DE                                 l2938 29B8  
                               l2970 2A4A                                 l2962 2A1E  
                               l3498 2636                                 l2948 29E4  
                               l2980 2A86                                 l2972 2A52  
                               l2964 2A22                                 l2956 2A06  
                               l2982 2A8C                                 l2974 2A5A  
                               l2966 2A30                                 l2958 2A08  
                               l2894 2F18                                 l2976 2A68  
                               l2984 2A92                                 l2968 2A38  
                               l2896 2F2A                                 l2992 2AB4  
                               l2986 2AA2                                 l2978 2A7E  
                               l2898 2F38                                 l2994 2AC4  
                               l2988 2AAA                                 l2996 2AD4  
                               l2998 2ADE                                 _ADCP 3ED7  
                               STR_1 208D                                 STR_2 208D  
                               STR_3 2049                                 STR_4 209E  
                               STR_5 205A                                 STR_6 209E  
                               STR_7 206B                                 STR_8 209E  
                               STR_9 207C              __end_of_PWM1_Initialize 2FE6  
                               u1000 2F2A                                 u1001 2F26  
                               u1010 2F38                                 u1011 2F34  
                               u1100 2A30                                 u1020 2F7A  
                               u1101 2A2C                                 u1021 2F76  
                               u1030 2956                                 u1110 2A4A  
                               u1031 2952                                 u1111 2A46  
                               u1040 2970                                 u1120 2A68  
                               u1200 26CA                                 u1041 296C  
                               u1121 2A64                                 u1201 26C6  
                               u1050 2994                                 u1130 2A7E  
                               u1210 270E                                 u1051 2990  
                               u1131 2A7A                                 u1211 270A  
                               u1300 2B8E                                 u1060 29B2  
                               u1140 2AA2                                 u1220 2730  
                               u1061 29AE                                 u1141 2A9E  
                               u1221 272C                                 u1310 2BC0  
                               u1070 29CE                                 u1150 2AC4  
                               u1230 276A                                 u2007 2F00  
                               u1071 29CA                                 u1151 2AC0  
                               u1231 2764                                 u1400 2ED6  
                               u1320 2BD0                                 u1080 29F4  
                               u1160 2AD4                                 u1240 276C  
                               u1401 2ED2                                 u2017 2F0E  
                               u1321 2BCC                                 u1081 29F0  
                               u1161 2AD0                                 u1090 2A16  
                               u1170 2AFA                                 u1250 27C8  
                               u1330 2D88                                 u1410 21AE  
                               u2107 2924                                 u2027 287C  
                               u1307 2B80                                 u1091 2A12  
                               u1171 2AF6                                 u1251 27C4  
                               u1331 2D84                                 u1411 21AA  
                               u1340 2D04                                 u1180 2B2C  
                               u1260 27D8                                 u1500 2336  
                               u1420 2234                                 u2117 293A  
                               u2037 2894                                 u1317 2BB2  
                               u1341 2D00                                 u1181 2B28  
                               u1261 27D4                                 u1501 2332  
                               u1421 2230                                 _LATA 3FBA  
                               u1350 2DA2                                 u1190 2DD4  
                               u1270 27E8                                 u1510 2356  
                               u1430 2250                                 _LATB 3FBB  
                               u2127 2E96                                 u2047 28AA  
                               u1351 2D9E                                 u1191 2DD0  
                               u1271 27E4                                 u1511 2352  
                               u1431 224C                                 _LATC 3FBC  
                               u1360 2E70                                 u1280 27F8  
                               u1600 2470                                 u1520 2372  
                               u1440 2274                                 _LATD 3FBD  
                               u2137 2EA0                                 u2057 28BE  
                               u1361 2E6C                                 u1281 27F4  
                               u1601 246C                                 u1521 236E  
                               u1441 2270                                 _LATE 3FBE  
                               u1290 2838                                 u1610 248C  
                               u1530 2394                                 u1450 22A0  
                               u2147 2EAE                                 u2067 28D2  
                               u1291 2834                                 u1611 2488  
                               u1531 2390                                 u1451 229C  
                               u1380 2E40                                 u1700 2636  
                               u1620 24B0                                 u1540 23AE  
                               u1460 22BC                                 u2077 28E6  
                               u1381 2E3C                                 u1701 2632  
                               u1621 24AC                                 u1541 23AA  
                               u1461 22B8                                 u1710 264A  
                               u1630 24D0                                 u1550 23CA  
                               u1470 22DC                                 u2087 28FA  
                               u1375 2E72                                 u1711 2646  
                               u1631 24CC                                 u1551 23C6  
                               u1471 22D8                                 u1640 24EC  
                               u1560 23EE                                 u1480 22F6  
                               u2097 2910                                 u1641 24E8  
                               u1561 23EA                                 u1481 22F2  
                               u1650 250E                                 u1570 241A  
                               u1490 2312                                 _T2PR 3FAB  
                               u1395 2E42                                 u1651 250A  
                               u1571 2416                                 u1491 230E  
                               u1660 2530                                 u1580 2436  
                               u1661 252C                                 u1581 2432  
                               u1670 2542                                 u1590 2456  
                               u1671 253E                                 u1591 2452  
                               u1680 25B2                                 u1681 25AE  
                               u1690 25C6                                 u1691 25C2  
                               u1907 2152                                 u1917 2166  
                               u1927 21FC                                 u1937 2210  
                               u1947 2518                                 u1957 2598  
                               u1967 261C                                 u1887 210E  
                               u1977 2CBA                                 u1897 2124  
                               u1987 2CD4                                 u1997 2EF6  
                               _TMR2 3FAA                                 _WPUA 3A41  
                               _WPUB 3A51                                 _WPUC 3A61  
                               _WPUD 3A71                                 _WPUE 3A81  
                     _UART2_ErrorGet 0000                                 abs@a 0007  
                               _dbuf 0060                                 _main 20B0  
                               _prec 0088                                 fsr0h 3FEA  
                               fsr1h 3FE2                                 indf0 3FEF  
                               fsr2h 3FDA                                 fsr0l 3FE9  
                               indf2 3FDF                                 fsr1l 3FE1  
                               fsr2l 3FD9                                 start 001A  
                      _LCD_String_xy 2D90                         ___param_bank 0000  
                              ??_abs 0009                     __end_of_LCD_Char 2F18  
            __end_of_PWM2_Initialize 2FD0                     __end_of_LCD_Init 2946  
                    _UART2_IsRxReady 0000                      _UART2_IsTxReady 2F18  
                              _ADCAP 3EF5                                _ADACT 3EFE  
                              ?_main 0001                                _ADCLK 3EFF  
                              _ADCNT 3EEB                                _ADPCH 3EF1  
                              _ADREF 3EFD                      __end_of___awdiv 2A06  
                    __end_of___awmod 2AB4                                _ADRPT 3EEC  
                    ___awdiv@divisor 0003                                _U2P1L 3DD4  
                              _U2P2L 3DD6                                _U2P3L 3DD8  
                              _T2HLT 3FAD                                _IOCAF 3A47  
                              _IOCBF 3A57                                _IOCCF 3A67  
                              _IOCAN 3A46                                _IOCEF 3A87  
                              _IOCAP 3A45                                _IOCBN 3A56  
                              _IOCBP 3A55                                _IOCCN 3A66  
                              _IOCCP 3A65                                _IOCEN 3A86  
                              _IOCEP 3A85                                _T2TMR 3FAA  
                              _T2RST 3FAF                                _U2UIR 3DE0  
                              _U2RXB 3DD0                                _U2TXB 3DD2  
                              i2l602 2D4C                                i2l534 3006  
                              i2l539 3000                                i2l598 2D2C  
                    ___awdiv@counter 0005                                _OSCEN 39DD  
                              _UART2 2001                         vfpfcnvrt@fmt 000C  
                              _TRISA 3FC2                                _TRISB 3FC3  
                              _TRISC 3FC4                                _TRISD 3FC5  
                              _TRISE 3FC6                                _flags 0057  
                              _hit_1 0053                                _hit_2 008E  
                              _hit_3 008C                          ?_TMR2_Start 0001  
                              _fputc 2AB4                                _width 0086  
                              _putch 2F64                                tablat 3FF5  
                              status 3FD8                      __end_of_sprintf 2E2A  
                    _TMR2_StartTimer 2FF6                       ?_LCD_String_xy 0005  
                    __initialization 2BD2                         __end_of_main 26A2  
            __end_of_TMR2_Initialize 2FA2                            ??_ADC_ISR 0001  
        ?_INTERRUPT_InterruptManager 0001                         ?_UART2_Write 0001  
                             ??_main 002A                        __activetblptr 0003  
 _UART2_OverrunErrorCallbackRegister 0000                               _ADACCH 3EE9  
                             _ADACCL 3EE8                               _ADACCU 3EEA  
                             _ADACQH 3EF4                               _ADACQL 3EF3  
                             _ADCON0 3EF8                               _ADCON1 3EF9  
                             _ADCON2 3EFA                               _ADCON3 3EFB  
                             _ADERRH 3EE3                               _ADERRL 3EE2  
                             ?_fputc 0003                               _ADLTHH 3EDF  
                             _ADLTHL 3EDE                               _ADRESH 3EF0  
                             _ADRESL 3EEF                               _ADPREH 3EF7  
                             _ADPREL 3EF6                               _CCPR1H 3F7D  
                             _CCPR2H 3F79                               _CCPR1L 3F7C  
                             _CCPR2L 3F78                               _ADSTAT 3EFC  
                             _ADUTHH 3EE1                     ___awdiv@dividend 0001  
                             _ADUTHL 3EE0                               _ANSELA 3A40  
                             ?_putch 0001                               _ANSELB 3A50  
                             _ANSELC 3A60                               _ANSELD 3A70  
                             _ANSELE 3A80                               _RB1I2C 3A5A  
                             _RB2I2C 3A5B                               _RD0I2C 3A7A  
                             _RC3I2C 3A6A                               _RD1I2C 3A7B  
                             _RC4I2C 3A6B                               _U2CON0 3DDA  
                             _U2CON1 3DDB                               _U2CON2 3DDC  
                             _U2BRGH 3DDE                               _U2FIFO 3DDF  
                             _U2BRGL 3DDD                     LCD_String_xy@msg 0006  
                   LCD_String_xy@pos 0005                     LCD_String_xy@row 0008  
                             _RC2PPS 3A12                               _RD0PPS 3A18  
                             _RC3PPS 3A13                     ?_PWM1_Initialize 0001  
                             _ODCONA 3A42                               _ODCONB 3A52  
                             _ODCONC 3A62                               _ODCOND 3A72  
                             _ODCONE 3A82                               i2l3270 2FFC  
                             i2l3264 3002                               i2l3520 2D16  
                             i2l3522 2D24                               i2l3524 2D3A  
                             i2l3526 2D48                               i2l3518 2D06  
                             _INLVLA 3A44                               _INLVLB 3A54  
                             _INLVLC 3A64                               _INLVLD 3A74  
                             _INLVLE 3A84                               _OSCFRQ 39DF  
                      vfpfcnvrt@done 000F                     _UART2_Initialize 0000  
            __end_of_UART2_IsTxReady 2F40                         _CCPTMRS0bits 3F5E  
          _UART2_OverrunErrorHandler 0040                         vfprintf@cfmt 0019  
                   __end_of_hit_Tone 2D06                            ??___awdiv 0005  
                          ??___awmod 0005                               _xError 0096  
                             _yError 0094                     ?_PWM2_Initialize 0001  
                             _xValue 0051                               _xSpeed 0092  
                             _yValue 004F                               clear_0 2C1C  
                             clear_1 2C28                               _ySpeed 0090  
   _UART2_DefaultParityErrorCallback 0000                     ___awdiv@quotient 0007  
                    ___awmod@divisor 0003                               isa$std 0001  
                    ___awmod@counter 0005                               fputc@c 0003  
       _INT2_DefaultInterruptHandler 0000                         __pdataCOMRAM 005B  
                       __mediumconst 2000                               tblptrh 3FF7  
                             tblptrl 3FF6                               tblptru 3FF8  
                   __end_of_vfprintf 2D90              __end_of_TMR2_StartTimer 2FFC  
                          ??_sprintf 001E                            ?_LCD_Char 0001  
                         __accesstop 0060              __end_of__initialization 2C3A  
                          ?_LCD_Init 0001                      ??_LCD_String_xy 0008  
         __end_of_PWM2_LoadDutyValue 2E5A                        ___rparam_used 0001  
                _UART2_AutoBaudQuery 0000          PWM1_LoadDutyValue@dutyValue 0001  
                      __end_of_UART2 2049                       __pcstackCOMRAM 0001  
                       __pidataBANK0 2FE6                        __end_of_fputc 2B60  
                      __end_of_putch 2F84                   _PWM1_LoadDutyValue 2E5A  
                   ?_TMR2_Initialize 0001                         ??_LCD_String 0005  
         _ADC_ConversionDoneCallback 0083    _UART2_DefaultFramingErrorCallback 0000  
                ?_PWM1_LoadDutyValue 0001                              ??_fputc 0006  
                            ??_putch 0002                           __pbssBANK0 0060  
                  _UART2_AutoBaudSet 0000           ?_PWM_Output_RC2_RC3_Enable 0001  
                         ??_LCD_Char 0001                           ??_LCD_Init 0003  
              _INT0_InterruptHandler 004C                   __end_of_LCD_String 2BD2  
                            IVTBASEH 3FD6                              IVTBASEL 3FD5  
                            IVTBASEU 3FD7                 ??_PWM1_LoadDutyValue 0003  
                   ?_UART2_IsTxReady 0001                        hit_Tone@count 0005  
                            _CCP1CON 3F7E                              _CCP2CON 3F7A  
                            _ADFLTRH 3EE7                              _ADFLTRL 3EE6  
                            _ADC_ISR 3002                              _ADPREVH 3EEE  
                            _ADPREVL 3EED                              _ADSTPTH 3EE5  
                            _ADSTPTL 3EE4                _UART2_TransmitDisable 0000  
                            _U2ERRIE 3DE2                              _U2ERRIR 3DE1  
                            _U2RXPPS 3AE8                              _OSCCON1 39D9  
                            _OSCCON3 39DB                              _OSCTUNE 39DE  
                            _SLRCONA 3A43                              _SLRCONB 3A53  
                            _SLRCONC 3A63                              _SLRCOND 3A73  
                            _SLRCONE 3A83                              _PPSLOCK 3ABF  
                       ??_TMR2_Start 0001                     ?_TMR2_StartTimer 0001  
                          ?_hit_Tone 0001    __end_of_PWM_Output_RC2_RC3_Enable 2F64  
 ADC_ChannelSelectAndConvert@channel 0005                        LCD_String@msg 0003  
                            __Hparam 0000                              __Lparam 0000  
                            ___awdiv 2946                              ___awmod 2A06  
                          ?_vfprintf 0016                         __psmallconst 2000  
                 __end_of_TMR2_Start 3010                              __pcinit 2BD2  
                  hit_Tone@hit_count 0001                              __ramtop 2000  
                            __ptext0 20B0                              __ptext1 2FA2  
                            __ptext2 2DFA                              __ptext3 2D4E  
                            __ptext4 26A2                              __ptext5 2AB4  
                            __ptext6 2F64                              __ptext7 2FEE  
                            __ptext8 2F18                              __ptext9 2DC6  
                          _T2CONbits 3FAC    _UART2_DefaultOverrunErrorCallback 0000  
                   ___awmod@dividend 0001                _ADC_ThresholdCallback 0080  
                            _swValue 005A                              _sprintf 2DFA  
               end_of_initialization 2C3A                           ??_hit_Tone 0003  
                          _U2UIRbits 3DE0    _UART2_ParityErrorCallbackRegister 0000  
                            fputc@fp 0005                       LCD_Command@cmd 0002  
                 _UART2_Deinitialize 0000                    __end_of_vfpfcnvrt 2872  
                            postdec1 3FE5                              postdec2 3FDD  
                            postinc0 3FEE                              postinc1 3FE6  
                            postinc2 3FDE                     vfpfcnvrt@convarg 0011  
                         ??_vfprintf 0019         ?_ADC_ChannelSelectAndConvert 0001  
                          _PORTAbits 3FCA                _INT1_InterruptHandler 0049  
                          _PORTDbits 3FCD                            _TRISAbits 3FC2  
                          _TRISCbits 3FC4                            _TRISDbits 3FC5  
                   _ADC_ThresholdISR 2FFC                          _CCP1CONbits 3F7E  
                         main@buffer 002C                          _CCP2CONbits 3F7A  
                      ??_LCD_Command 0001         _INT0_DefaultInterruptHandler 0000  
                        vfpfcnvrt@ap 000D                          vfpfcnvrt@cp 0010  
                        vfpfcnvrt@fp 000B                        __pidataCOMRAM 3008  
                 _PWM2_LoadDutyValue 2E2A                       _ADC_Initialize 2C40  
                start_initialization 2BD2                           _systemInit 2FA2  
                ?_PWM2_LoadDutyValue 0001                          __end_of_abs 2DFA  
                        putch@txData 0002                           ivt0x8_base 0008  
        ??_PWM_Output_RC2_RC3_Enable 0001                __end_of_LCD_String_xy 2DC6  
               ??_PWM2_LoadDutyValue 0003                          vfprintf@fmt 0017  
        PWM2_LoadDutyValue@dutyValue 0001               __end_of_ADC_Initialize 2CA4  
                        __pdataBANK0 0098                             ?_ADC_ISR 0001  
         _PWM1_INITIALIZE_DUTY_VALUE 0098                    UART2_Write@txData 0001  
                __end_of_LCD_Command 2EBA                          __pbssCOMRAM 003D  
          _UART2_FramingErrorHandler 0043                 _UART2_IsTxReady$2186 0001  
              _INT2_InterruptHandler 0046                             ?___awdiv 0001  
                           ?___awmod 0001                      ?_ADC_Initialize 0001  
               _UART2_TransmitEnable 0000            _PWM_Output_RC2_RC3_Enable 2F40  
                      ??_UART2_Write 0002                    ??_PWM1_Initialize 0001  
       ??_INTERRUPT_InterruptManager 0001                          __smallconst 2000  
                          _hit_count 0055                             _ADCPbits 3ED7  
                        ?_systemInit 0001                LCD_String_xy@location 0009  
           _UART2_ParityErrorHandler 003D                             ?_sprintf 001A  
                           _T2CLKCON 3FAE                     _uart2RxLastError 008A  
                           _LCD_Char 2EEA                    ??_PWM2_Initialize 0001  
                        _U2ERRIRbits 3DE1                             _LCD_Init 2872  
                           _LATAbits 3FBA                             _LATDbits 3FBD  
                           _PIE1bits 3991                             i2u172_40 2D16  
                           i2u172_41 2D12                             i2u173_40 2D24  
                           i2u173_41 2D20                             i2u174_40 2D3A  
                           i2u174_41 2D36                             i2u175_40 2D48  
                           i2u175_41 2D44                             _PIR1bits 39A1  
                           _PIR4bits 39A4                             _PIR5bits 39A5  
                           _PIR7bits 39A7                          _LCD_Command 2E8A  
           __end_of_ADC_ThresholdISR 3002                            _vfpfcnvrt 26A2  
                         _ADCON0bits 3EF8                           _ADCON1bits 3EF9  
                         _ADCON2bits 3EFA                           _ADCON3bits 3EFB  
                           _WPUDbits 3A71                  __end_of_UART2_Write 2FF6  
                         vfpfcnvrt@c 0015                          _INTCON0bits 3FD2  
                          copy_data0 2BE6                            copy_data1 2C08  
                  ??_TMR2_Initialize 0001                           _ADSTATbits 3EFC  
                           __Hrparam 0000                           vfprintf@ap 0018  
                           __Lrparam 0000                           vfprintf@fp 0016  
                    _adc_busy_status 0058                           ?_vfpfcnvrt 000B  
                         _ANSELAbits 3A40                           sprintf@fmt 001B  
                           __pivt0x8 0008                             __ptext10 2A06  
                           __ptext11 2946                             __ptext20 2FD0  
                           __ptext12 2CA4                             __ptext21 2D90  
                           __ptext13 2FF6                             __ptext30 3002  
                           __ptext22 2B60                             __ptext14 300C  
                           __ptext23 2EEA                             __ptext15 2F84  
                           __ptext24 2872                             __ptext16 2F40  
                           __ptext25 2E8A                             __ptext17 2E2A  
                           __ptext26 2C40                             __ptext18 2FBA  
                           __ptext27 2EBA                             __ptext19 2E5A  
                           __ptext28 2D06                             __ptext29 2FFC  
                  ??_UART2_IsTxReady 0001                             _hit_Tone 2CA4  
                         _U2CON0bits 3DDA                           _U2CON1bits 3DDB  
                         _U2FIFObits 3DDF                          _duty_value1 005B  
                        _duty_value2 005D                             isa$xinst 0000  
                           _vfprintf 2D4E                    ??_TMR2_StartTimer 0001  
 __end_of_INTERRUPT_InterruptManager 2D4E           _INTERRUPT_InterruptManager 2D06  
                         _LCD_String 2B60         _INT1_DefaultInterruptHandler 0000  
                        _UART2_Write 2FEE                          _OSCSTATbits 39DC  
                           intlevel2 0000                            sprintf@ap 001E  
                        _resetButton 0059                          _PPSLOCKbits 3ABF  
                    _PWM1_Initialize 2FD0                     ??_ADC_Initialize 0001  
                         _UART2_Read 0000  __end_of_ADC_ChannelSelectAndConvert 2EEA  
        _ADC_ChannelSelectAndConvert 2EBA                          ??_vfpfcnvrt 000E  
         _PWM2_INITIALIZE_DUTY_VALUE 009C                             sprintf@f 001F  
                           sprintf@s 001A                      _PWM2_Initialize 2FBA  
      ??_ADC_ChannelSelectAndConvert 0003                         ??_systemInit 0001  
                         _TMR2_Start 300C           __end_of_PWM1_LoadDutyValue 2E8A  
