

Microchip MPLAB XC8 Assembler V3.10 build 20250813170317 
                                                                                               Sat May  9 19:36:29 2026

Microchip MPLAB XC8 C Compiler v3.10 (Free license) build 20250813170317 Og1 
     1                           	processor	18F47K42
     2                           	fnconf	rparam,??,?,0
     3                           	pagewidth 120
     4                           	opt	flic
     5                           	psect	smallconst,global,reloc=2,class=SMALLCONST,space=0,delta=1,noexec
     6                           	psect	cinit,global,reloc=2,class=CODE,space=0,delta=1
     7                           	psect	bssCOMRAM,global,class=COMRAM,space=1,delta=1,lowdata,noexec
     8                           	psect	bssBANK0,global,class=BANK0,space=1,delta=1,lowdata,noexec
     9                           	psect	cstackCOMRAM,global,class=COMRAM,space=1,delta=1,lowdata,noexec
    10                           	psect	text0,global,reloc=2,class=CODE,space=0,delta=1
    11                           	psect	text1,global,reloc=2,class=CODE,space=0,delta=1,group=3
    12                           	psect	text2,global,reloc=2,class=CODE,space=0,delta=1,group=3
    13                           	psect	text3,global,reloc=2,class=CODE,space=0,delta=1
    14                           	psect	text4,global,reloc=2,class=CODE,space=0,delta=1,group=3
    15                           	psect	text5,global,reloc=2,class=CODE,space=0,delta=1,group=2
    16                           	psect	text6,global,reloc=2,class=CODE,space=0,delta=1,group=3
    17                           	psect	text7,global,reloc=2,class=CODE,space=0,delta=1,group=1
    18                           	psect	text8,global,reloc=2,class=CODE,space=0,delta=1,group=1
    19                           	psect	text9,global,reloc=2,class=CODE,space=0,delta=1,group=3
    20                           	psect	text10,global,reloc=2,class=CODE,space=0,delta=1
    21                           	psect	text11,global,reloc=2,class=CODE,space=0,delta=1
    22                           	psect	text12,global,reloc=2,class=CODE,space=0,delta=1
    23                           	psect	text13,global,reloc=2,class=CODE,space=0,delta=1,group=3
    24                           	psect	text14,global,reloc=2,class=CODE,space=0,delta=1,group=2
    25                           	psect	text15,global,reloc=2,class=CODE,space=0,delta=1,group=2
    26                           	psect	text16,global,reloc=2,class=CODE,space=0,delta=1
    27                           	psect	text17,global,reloc=2,class=CODE,space=0,delta=1
    28                           	psect	text18,global,reloc=2,class=CODE,space=0,delta=1
    29                           	psect	text19,global,reloc=2,class=CODE,space=0,delta=1
    30                           	psect	text20,global,reloc=2,class=CODE,space=0,delta=1
    31                           	psect	text21,global,reloc=2,class=CODE,space=0,delta=1
    32                           	psect	text22,global,reloc=2,class=CODE,space=0,delta=1
    33                           	psect	text23,global,reloc=2,class=CODE,space=0,delta=1
    34                           	psect	text24,global,reloc=2,class=CODE,space=0,delta=1
    35                           	psect	text25,global,reloc=2,class=CODE,space=0,delta=1
    36                           	psect	text26,global,reloc=2,class=CODE,space=0,delta=1
    37                           	psect	intsave_regs,global,class=BIGRAM,space=1,delta=1,noexec
    38                           	psect	rparam,global,class=COMRAM,space=1,delta=1,noexec
    39                           	psect	config,global,abs,ovrld,class=CONFIG,space=4,delta=1,noexec
    40   000000                     
    41                           ; Generated 22/04/2026 GMT
    42                           ; 
    43                           ; Copyright (c) 2026 Microchip Technology Inc. and its subsidiaries.
    44                           ; 
    45                           ; Licensed under the Apache License, Version 2.0 (the "License");
    46                           ; you may not use this file except in compliance with the License.
    47                           ; You may obtain a copy of the License at
    48                           ; 
    49                           ;   http://www.apache.org/licenses/LICENSE-2.0
    50                           ; 
    51                           ; Unless required by applicable law or agreed to in writing, software
    52                           ; distributed under the License is distributed on an "AS IS" BASIS,
    53                           ; WITHOUT WARRANTIES OR CONDITIONS OF ANY KIND, either express or implied.
    54                           ; See the License for the specific language governing permissions and
    55                           ; limitations under the License.
    56                           ; 
    57                           ; 
    58                           ; Code-generator required, PIC18F47K42 Definitions
    59                           ; 
    60                           ; SFR Addresses
    61   003FE0                     bsr             equ	16352
    62   003FE9                     fsr0            equ	16361
    63   003FEA                     fsr0h           equ	16362
    64   003FE9                     fsr0l           equ	16361
    65   003FE1                     fsr1            equ	16353
    66   003FE2                     fsr1h           equ	16354
    67   003FE1                     fsr1l           equ	16353
    68   003FD9                     fsr2            equ	16345
    69   003FDA                     fsr2h           equ	16346
    70   003FD9                     fsr2l           equ	16345
    71   003FEF                     indf0           equ	16367
    72   003FE7                     indf1           equ	16359
    73   003FDF                     indf2           equ	16351
    74   003FD2                     intcon          equ	16338
    75   0039E5                     nvmcon          equ	14821
    76   003FF9                     pcl             equ	16377
    77   003FFA                     pclath          equ	16378
    78   003FFB                     pclatu          equ	16379
    79   003FEB                     plusw0          equ	16363
    80   003FE3                     plusw1          equ	16355
    81   003FDB                     plusw2          equ	16347
    82   003FED                     postdec0        equ	16365
    83   003FE5                     postdec1        equ	16357
    84   003FDD                     postdec2        equ	16349
    85   003FEE                     postinc0        equ	16366
    86   003FE6                     postinc1        equ	16358
    87   003FDE                     postinc2        equ	16350
    88   003FEC                     preinc0         equ	16364
    89   003FE4                     preinc1         equ	16356
    90   003FDC                     preinc2         equ	16348
    91   003FF3                     prod            equ	16371
    92   003FF4                     prodh           equ	16372
    93   003FF3                     prodl           equ	16371
    94   003FD8                     status          equ	16344
    95   003FF5                     tablat          equ	16373
    96   003FF6                     tblptr          equ	16374
    97   003FF7                     tblptrh         equ	16375
    98   003FF6                     tblptrl         equ	16374
    99   003FF8                     tblptru         equ	16376
   100   003FFD                     tosl            equ	16381
   101   003FE8                     wreg            equ	16360
   102   003880                     STATUS_CSHAD    equ	14464	;# 
   103   003881                     WREG_CSHAD      equ	14465	;# 
   104   003882                     BSR_CSHAD       equ	14466	;# 
   105   003883                     SHADCON         equ	14467	;# 
   106   003884                     STATUS_SHAD     equ	14468	;# 
   107   003885                     WREG_SHAD       equ	14469	;# 
   108   003886                     BSR_SHAD        equ	14470	;# 
   109   003887                     PCLATH_SHAD     equ	14471	;# 
   110   003888                     PCLATU_SHAD     equ	14472	;# 
   111   003889                     FSR0SH          equ	14473	;# 
   112   003889                     FSR0L_SHAD      equ	14473	;# 
   113   00388A                     FSR0H_SHAD      equ	14474	;# 
   114   00388B                     FSR1SH          equ	14475	;# 
   115   00388B                     FSR1L_SHAD      equ	14475	;# 
   116   00388C                     FSR1H_SHAD      equ	14476	;# 
   117   00388D                     FSR2SH          equ	14477	;# 
   118   00388D                     FSR2L_SHAD      equ	14477	;# 
   119   00388E                     FSR2H_SHAD      equ	14478	;# 
   120   00388F                     PRODSH          equ	14479	;# 
   121   00388F                     PRODL_SHAD      equ	14479	;# 
   122   003890                     PRODH_SHAD      equ	14480	;# 
   123   00389D                     IVTADL          equ	14493	;# 
   124   00389E                     IVTADH          equ	14494	;# 
   125   00389F                     IVTADU          equ	14495	;# 
   126   00395B                     WDTCON0         equ	14683	;# 
   127   00395C                     WDTCON1         equ	14684	;# 
   128   00395D                     WDTPSL          equ	14685	;# 
   129   00395E                     WDTPSH          equ	14686	;# 
   130   00395F                     WDTTMR          equ	14687	;# 
   131   003960                     CRCDATA         equ	14688	;# 
   132   003960                     CRCDATL         equ	14688	;# 
   133   003961                     CRCDATH         equ	14689	;# 
   134   003962                     CRCACC          equ	14690	;# 
   135   003962                     CRCACCL         equ	14690	;# 
   136   003963                     CRCACCH         equ	14691	;# 
   137   003964                     CRCSHFT         equ	14692	;# 
   138   003964                     CRCSHIFTL       equ	14692	;# 
   139   003965                     CRCSHIFTH       equ	14693	;# 
   140   003966                     CRCXOR          equ	14694	;# 
   141   003966                     CRCXORL         equ	14694	;# 
   142   003967                     CRCXORH         equ	14695	;# 
   143   003968                     CRCCON0         equ	14696	;# 
   144   003969                     CRCCON1         equ	14697	;# 
   145   003976                     SCANLADR        equ	14710	;# 
   146   003976                     SCANLADRL       equ	14710	;# 
   147   003977                     SCANLADRH       equ	14711	;# 
   148   003978                     SCANLADRU       equ	14712	;# 
   149   003979                     SCANHADR        equ	14713	;# 
   150   003979                     SCANHADRL       equ	14713	;# 
   151   00397A                     SCANHADRH       equ	14714	;# 
   152   00397B                     SCANHADRU       equ	14715	;# 
   153   00397C                     SCANCON0        equ	14716	;# 
   154   00397D                     SCANTRIG        equ	14717	;# 
   155   003980                     IPR0            equ	14720	;# 
   156   003981                     IPR1            equ	14721	;# 
   157   003982                     IPR2            equ	14722	;# 
   158   003983                     IPR3            equ	14723	;# 
   159   003984                     IPR4            equ	14724	;# 
   160   003985                     IPR5            equ	14725	;# 
   161   003986                     IPR6            equ	14726	;# 
   162   003987                     IPR7            equ	14727	;# 
   163   003988                     IPR8            equ	14728	;# 
   164   003989                     IPR9            equ	14729	;# 
   165   00398A                     IPR10           equ	14730	;# 
   166   003990                     PIE0            equ	14736	;# 
   167   003991                     PIE1            equ	14737	;# 
   168   003992                     PIE2            equ	14738	;# 
   169   003993                     PIE3            equ	14739	;# 
   170   003994                     PIE4            equ	14740	;# 
   171   003995                     PIE5            equ	14741	;# 
   172   003996                     PIE6            equ	14742	;# 
   173   003997                     PIE7            equ	14743	;# 
   174   003998                     PIE8            equ	14744	;# 
   175   003999                     PIE9            equ	14745	;# 
   176   00399A                     PIE10           equ	14746	;# 
   177   0039A0                     PIR0            equ	14752	;# 
   178   0039A1                     PIR1            equ	14753	;# 
   179   0039A2                     PIR2            equ	14754	;# 
   180   0039A3                     PIR3            equ	14755	;# 
   181   0039A4                     PIR4            equ	14756	;# 
   182   0039A5                     PIR5            equ	14757	;# 
   183   0039A6                     PIR6            equ	14758	;# 
   184   0039A7                     PIR7            equ	14759	;# 
   185   0039A8                     PIR8            equ	14760	;# 
   186   0039A9                     PIR9            equ	14761	;# 
   187   0039AA                     PIR10           equ	14762	;# 
   188   0039C0                     PMD0            equ	14784	;# 
   189   0039C1                     PMD1            equ	14785	;# 
   190   0039C2                     PMD2            equ	14786	;# 
   191   0039C3                     PMD3            equ	14787	;# 
   192   0039C4                     PMD4            equ	14788	;# 
   193   0039C5                     PMD5            equ	14789	;# 
   194   0039C6                     PMD6            equ	14790	;# 
   195   0039C7                     PMD7            equ	14791	;# 
   196   0039D0                     BORCON          equ	14800	;# 
   197   0039D1                     VREGCON         equ	14801	;# 
   198   0039D8                     CPUDOZE         equ	14808	;# 
   199   0039D9                     OSCCON1         equ	14809	;# 
   200   0039DA                     OSCCON2         equ	14810	;# 
   201   0039DB                     OSCCON3         equ	14811	;# 
   202   0039DC                     OSCSTAT         equ	14812	;# 
   203   0039DC                     OSCSTAT1        equ	14812	;# 
   204   0039DD                     OSCEN           equ	14813	;# 
   205   0039DE                     OSCTUNE         equ	14814	;# 
   206   0039DF                     OSCFRQ          equ	14815	;# 
   207   0039E0                     NVMADRL         equ	14816	;# 
   208   0039E1                     NVMADRH         equ	14817	;# 
   209   0039E3                     NVMDAT          equ	14819	;# 
   210   0039E5                     NVMCON1         equ	14821	;# 
   211   0039E6                     NVMCON2         equ	14822	;# 
   212   0039EF                     PRLOCK          equ	14831	;# 
   213   0039F1                     ISRPR           equ	14833	;# 
   214   0039F2                     MAINPR          equ	14834	;# 
   215   0039F3                     DMA1PR          equ	14835	;# 
   216   0039F4                     DMA2PR          equ	14836	;# 
   217   0039F7                     SCANPR          equ	14839	;# 
   218   003A00                     RA0PPS          equ	14848	;# 
   219   003A01                     RA1PPS          equ	14849	;# 
   220   003A02                     RA2PPS          equ	14850	;# 
   221   003A03                     RA3PPS          equ	14851	;# 
   222   003A04                     RA4PPS          equ	14852	;# 
   223   003A05                     RA5PPS          equ	14853	;# 
   224   003A06                     RA6PPS          equ	14854	;# 
   225   003A07                     RA7PPS          equ	14855	;# 
   226   003A08                     RB0PPS          equ	14856	;# 
   227   003A09                     RB1PPS          equ	14857	;# 
   228   003A0A                     RB2PPS          equ	14858	;# 
   229   003A0B                     RB3PPS          equ	14859	;# 
   230   003A0C                     RB4PPS          equ	14860	;# 
   231   003A0D                     RB5PPS          equ	14861	;# 
   232   003A0E                     RB6PPS          equ	14862	;# 
   233   003A0F                     RB7PPS          equ	14863	;# 
   234   003A10                     RC0PPS          equ	14864	;# 
   235   003A11                     RC1PPS          equ	14865	;# 
   236   003A12                     RC2PPS          equ	14866	;# 
   237   003A13                     RC3PPS          equ	14867	;# 
   238   003A14                     RC4PPS          equ	14868	;# 
   239   003A15                     RC5PPS          equ	14869	;# 
   240   003A16                     RC6PPS          equ	14870	;# 
   241   003A17                     RC7PPS          equ	14871	;# 
   242   003A18                     RD0PPS          equ	14872	;# 
   243   003A19                     RD1PPS          equ	14873	;# 
   244   003A1A                     RD2PPS          equ	14874	;# 
   245   003A1B                     RD3PPS          equ	14875	;# 
   246   003A1C                     RD4PPS          equ	14876	;# 
   247   003A1D                     RD5PPS          equ	14877	;# 
   248   003A1E                     RD6PPS          equ	14878	;# 
   249   003A1F                     RD7PPS          equ	14879	;# 
   250   003A20                     RE0PPS          equ	14880	;# 
   251   003A21                     RE1PPS          equ	14881	;# 
   252   003A22                     RE2PPS          equ	14882	;# 
   253   003A40                     ANSELA          equ	14912	;# 
   254   003A41                     WPUA            equ	14913	;# 
   255   003A42                     ODCONA          equ	14914	;# 
   256   003A43                     SLRCONA         equ	14915	;# 
   257   003A44                     INLVLA          equ	14916	;# 
   258   003A45                     IOCAP           equ	14917	;# 
   259   003A46                     IOCAN           equ	14918	;# 
   260   003A47                     IOCAF           equ	14919	;# 
   261   003A50                     ANSELB          equ	14928	;# 
   262   003A51                     WPUB            equ	14929	;# 
   263   003A52                     ODCONB          equ	14930	;# 
   264   003A53                     SLRCONB         equ	14931	;# 
   265   003A54                     INLVLB          equ	14932	;# 
   266   003A55                     IOCBP           equ	14933	;# 
   267   003A56                     IOCBN           equ	14934	;# 
   268   003A57                     IOCBF           equ	14935	;# 
   269   003A5A                     RB1I2C          equ	14938	;# 
   270   003A5B                     RB2I2C          equ	14939	;# 
   271   003A60                     ANSELC          equ	14944	;# 
   272   003A61                     WPUC            equ	14945	;# 
   273   003A62                     ODCONC          equ	14946	;# 
   274   003A63                     SLRCONC         equ	14947	;# 
   275   003A64                     INLVLC          equ	14948	;# 
   276   003A65                     IOCCP           equ	14949	;# 
   277   003A66                     IOCCN           equ	14950	;# 
   278   003A67                     IOCCF           equ	14951	;# 
   279   003A6A                     RC3I2C          equ	14954	;# 
   280   003A6B                     RC4I2C          equ	14955	;# 
   281   003A70                     ANSELD          equ	14960	;# 
   282   003A71                     WPUD            equ	14961	;# 
   283   003A72                     ODCOND          equ	14962	;# 
   284   003A73                     SLRCOND         equ	14963	;# 
   285   003A74                     INLVLD          equ	14964	;# 
   286   003A7A                     RD0I2C          equ	14970	;# 
   287   003A7B                     RD1I2C          equ	14971	;# 
   288   003A80                     ANSELE          equ	14976	;# 
   289   003A81                     WPUE            equ	14977	;# 
   290   003A82                     ODCONE          equ	14978	;# 
   291   003A83                     SLRCONE         equ	14979	;# 
   292   003A84                     INLVLE          equ	14980	;# 
   293   003A85                     IOCEP           equ	14981	;# 
   294   003A86                     IOCEN           equ	14982	;# 
   295   003A87                     IOCEF           equ	14983	;# 
   296   003ABF                     PPSLOCK         equ	15039	;# 
   297   003AC0                     INT0PPS         equ	15040	;# 
   298   003AC1                     INT1PPS         equ	15041	;# 
   299   003AC2                     INT2PPS         equ	15042	;# 
   300   003AC3                     T0CKIPPS        equ	15043	;# 
   301   003AC4                     T1CKIPPS        equ	15044	;# 
   302   003AC5                     T1GPPS          equ	15045	;# 
   303   003AC6                     T3CKIPPS        equ	15046	;# 
   304   003AC7                     T3GPPS          equ	15047	;# 
   305   003AC8                     T5CKIPPS        equ	15048	;# 
   306   003AC9                     T5GPPS          equ	15049	;# 
   307   003ACA                     T2INPPS         equ	15050	;# 
   308   003ACB                     T4INPPS         equ	15051	;# 
   309   003ACC                     T6INPPS         equ	15052	;# 
   310   003ACD                     CCP1PPS         equ	15053	;# 
   311   003ACE                     CCP2PPS         equ	15054	;# 
   312   003ACF                     CCP3PPS         equ	15055	;# 
   313   003AD0                     CCP4PPS         equ	15056	;# 
   314   003AD1                     SMT1WINPPS      equ	15057	;# 
   315   003AD2                     SMT1SIGPPS      equ	15058	;# 
   316   003AD3                     CWG1INPPS       equ	15059	;# 
   317   003AD4                     CWG2INPPS       equ	15060	;# 
   318   003AD5                     CWG3INPPS       equ	15061	;# 
   319   003AD6                     MD1CARLPPS      equ	15062	;# 
   320   003AD7                     MD1CARHPPS      equ	15063	;# 
   321   003AD8                     MD1SRCPPS       equ	15064	;# 
   322   003AD9                     CLCIN0PPS       equ	15065	;# 
   323   003ADA                     CLCIN1PPS       equ	15066	;# 
   324   003ADB                     CLCIN2PPS       equ	15067	;# 
   325   003ADC                     CLCIN3PPS       equ	15068	;# 
   326   003ADD                     ADACTPPS        equ	15069	;# 
   327   003ADE                     SPI1SCKPPS      equ	15070	;# 
   328   003ADF                     SPI1SDIPPS      equ	15071	;# 
   329   003AE0                     SPI1SSPPS       equ	15072	;# 
   330   003AE1                     I2C1SCLPPS      equ	15073	;# 
   331   003AE2                     I2C1SDAPPS      equ	15074	;# 
   332   003AE3                     I2C2SCLPPS      equ	15075	;# 
   333   003AE4                     I2C2SDAPPS      equ	15076	;# 
   334   003AE5                     U1RXPPS         equ	15077	;# 
   335   003AE6                     U1CTSPPS        equ	15078	;# 
   336   003AE8                     U2RXPPS         equ	15080	;# 
   337   003AE9                     U2CTSPPS        equ	15081	;# 
   338   003BC9                     DMA2BUF         equ	15305	;# 
   339   003BCA                     DMA2DCNT        equ	15306	;# 
   340   003BCA                     DMA2DCNTL       equ	15306	;# 
   341   003BCB                     DMA2DCNTH       equ	15307	;# 
   342   003BCC                     DMA2DPTR        equ	15308	;# 
   343   003BCC                     DMA2DPTRL       equ	15308	;# 
   344   003BCD                     DMA2DPTRH       equ	15309	;# 
   345   003BCE                     DMA2DSZ         equ	15310	;# 
   346   003BCE                     DMA2DSZL        equ	15310	;# 
   347   003BCF                     DMA2DSZH        equ	15311	;# 
   348   003BD0                     DMA2DSA         equ	15312	;# 
   349   003BD0                     DMA2DSAL        equ	15312	;# 
   350   003BD1                     DMA2DSAH        equ	15313	;# 
   351   003BD2                     DMA2SCNT        equ	15314	;# 
   352   003BD2                     DMA2SCNTL       equ	15314	;# 
   353   003BD3                     DMA2SCNTH       equ	15315	;# 
   354   003BD4                     DMA2SPTR        equ	15316	;# 
   355   003BD4                     DMA2SPTRL       equ	15316	;# 
   356   003BD5                     DMA2SPTRH       equ	15317	;# 
   357   003BD6                     DMA2SPTRU       equ	15318	;# 
   358   003BD7                     DMA2SSZ         equ	15319	;# 
   359   003BD7                     DMA2SSZL        equ	15319	;# 
   360   003BD8                     DMA2SSZH        equ	15320	;# 
   361   003BD9                     DMA2SSA         equ	15321	;# 
   362   003BD9                     DMA2SSAL        equ	15321	;# 
   363   003BDA                     DMA2SSAH        equ	15322	;# 
   364   003BDB                     DMA2SSAU        equ	15323	;# 
   365   003BDC                     DMA2CON0        equ	15324	;# 
   366   003BDD                     DMA2CON1        equ	15325	;# 
   367   003BDE                     DMA2AIRQ        equ	15326	;# 
   368   003BDF                     DMA2SIRQ        equ	15327	;# 
   369   003BE9                     DMA1BUF         equ	15337	;# 
   370   003BEA                     DMA1DCNT        equ	15338	;# 
   371   003BEA                     DMA1DCNTL       equ	15338	;# 
   372   003BEB                     DMA1DCNTH       equ	15339	;# 
   373   003BEC                     DMA1DPTR        equ	15340	;# 
   374   003BEC                     DMA1DPTRL       equ	15340	;# 
   375   003BED                     DMA1DPTRH       equ	15341	;# 
   376   003BEE                     DMA1DSZ         equ	15342	;# 
   377   003BEE                     DMA1DSZL        equ	15342	;# 
   378   003BEF                     DMA1DSZH        equ	15343	;# 
   379   003BF0                     DMA1DSA         equ	15344	;# 
   380   003BF0                     DMA1DSAL        equ	15344	;# 
   381   003BF1                     DMA1DSAH        equ	15345	;# 
   382   003BF2                     DMA1SCNT        equ	15346	;# 
   383   003BF2                     DMA1SCNTL       equ	15346	;# 
   384   003BF3                     DMA1SCNTH       equ	15347	;# 
   385   003BF4                     DMA1SPTR        equ	15348	;# 
   386   003BF4                     DMA1SPTRL       equ	15348	;# 
   387   003BF5                     DMA1SPTRH       equ	15349	;# 
   388   003BF6                     DMA1SPTRU       equ	15350	;# 
   389   003BF7                     DMA1SSZ         equ	15351	;# 
   390   003BF7                     DMA1SSZL        equ	15351	;# 
   391   003BF8                     DMA1SSZH        equ	15352	;# 
   392   003BF9                     DMA1SSA         equ	15353	;# 
   393   003BF9                     DMA1SSAL        equ	15353	;# 
   394   003BFA                     DMA1SSAH        equ	15354	;# 
   395   003BFB                     DMA1SSAU        equ	15355	;# 
   396   003BFC                     DMA1CON0        equ	15356	;# 
   397   003BFD                     DMA1CON1        equ	15357	;# 
   398   003BFE                     DMA1AIRQ        equ	15358	;# 
   399   003BFF                     DMA1SIRQ        equ	15359	;# 
   400   003C56                     CLC4CON         equ	15446	;# 
   401   003C57                     CLC4POL         equ	15447	;# 
   402   003C58                     CLC4SEL0        equ	15448	;# 
   403   003C59                     CLC4SEL1        equ	15449	;# 
   404   003C5A                     CLC4SEL2        equ	15450	;# 
   405   003C5B                     CLC4SEL3        equ	15451	;# 
   406   003C5C                     CLC4GLS0        equ	15452	;# 
   407   003C5D                     CLC4GLS1        equ	15453	;# 
   408   003C5E                     CLC4GLS2        equ	15454	;# 
   409   003C5F                     CLC4GLS3        equ	15455	;# 
   410   003C60                     CLC3CON         equ	15456	;# 
   411   003C61                     CLC3POL         equ	15457	;# 
   412   003C62                     CLC3SEL0        equ	15458	;# 
   413   003C63                     CLC3SEL1        equ	15459	;# 
   414   003C64                     CLC3SEL2        equ	15460	;# 
   415   003C65                     CLC3SEL3        equ	15461	;# 
   416   003C66                     CLC3GLS0        equ	15462	;# 
   417   003C67                     CLC3GLS1        equ	15463	;# 
   418   003C68                     CLC3GLS2        equ	15464	;# 
   419   003C69                     CLC3GLS3        equ	15465	;# 
   420   003C6A                     CLC2CON         equ	15466	;# 
   421   003C6B                     CLC2POL         equ	15467	;# 
   422   003C6C                     CLC2SEL0        equ	15468	;# 
   423   003C6D                     CLC2SEL1        equ	15469	;# 
   424   003C6E                     CLC2SEL2        equ	15470	;# 
   425   003C6F                     CLC2SEL3        equ	15471	;# 
   426   003C70                     CLC2GLS0        equ	15472	;# 
   427   003C71                     CLC2GLS1        equ	15473	;# 
   428   003C72                     CLC2GLS2        equ	15474	;# 
   429   003C73                     CLC2GLS3        equ	15475	;# 
   430   003C74                     CLC1CON         equ	15476	;# 
   431   003C75                     CLC1POL         equ	15477	;# 
   432   003C76                     CLC1SEL0        equ	15478	;# 
   433   003C77                     CLC1SEL1        equ	15479	;# 
   434   003C78                     CLC1SEL2        equ	15480	;# 
   435   003C79                     CLC1SEL3        equ	15481	;# 
   436   003C7A                     CLC1GLS0        equ	15482	;# 
   437   003C7B                     CLC1GLS1        equ	15483	;# 
   438   003C7C                     CLC1GLS2        equ	15484	;# 
   439   003C7D                     CLC1GLS3        equ	15485	;# 
   440   003C7E                     CLCDATA0        equ	15486	;# 
   441   003CE5                     CLKRCON         equ	15589	;# 
   442   003CE6                     CLKRCLK         equ	15590	;# 
   443   003CFA                     MD1CON0         equ	15610	;# 
   444   003CFB                     MD1CON1         equ	15611	;# 
   445   003CFC                     MD1SRC          equ	15612	;# 
   446   003CFD                     MD1CARL         equ	15613	;# 
   447   003CFE                     MD1CARH         equ	15614	;# 
   448   003D10                     SPI1RXB         equ	15632	;# 
   449   003D11                     SPI1TXB         equ	15633	;# 
   450   003D12                     SPI1TCNT        equ	15634	;# 
   451   003D12                     SPI1TCNTL       equ	15634	;# 
   452   003D13                     SPI1TCNTH       equ	15635	;# 
   453   003D14                     SPI1CON0        equ	15636	;# 
   454   003D15                     SPI1CON1        equ	15637	;# 
   455   003D16                     SPI1CON2        equ	15638	;# 
   456   003D17                     SPI1STATUS      equ	15639	;# 
   457   003D18                     SPI1TWIDTH      equ	15640	;# 
   458   003D19                     SPI1BAUD        equ	15641	;# 
   459   003D1A                     SPI1INTF        equ	15642	;# 
   460   003D1B                     SPI1INTE        equ	15643	;# 
   461   003D1C                     SPI1CLK         equ	15644	;# 
   462   003D54                     I2C2RXB         equ	15700	;# 
   463   003D55                     I2C2TXB         equ	15701	;# 
   464   003D56                     I2C2CNT         equ	15702	;# 
   465   003D57                     I2C2ADB0        equ	15703	;# 
   466   003D58                     I2C2ADB1        equ	15704	;# 
   467   003D59                     I2C2ADR0        equ	15705	;# 
   468   003D5A                     I2C2ADR1        equ	15706	;# 
   469   003D5B                     I2C2ADR2        equ	15707	;# 
   470   003D5C                     I2C2ADR3        equ	15708	;# 
   471   003D5D                     I2C2CON0        equ	15709	;# 
   472   003D5E                     I2C2CON1        equ	15710	;# 
   473   003D5F                     I2C2CON2        equ	15711	;# 
   474   003D60                     I2C2ERR         equ	15712	;# 
   475   003D61                     I2C2STAT0       equ	15713	;# 
   476   003D62                     I2C2STAT1       equ	15714	;# 
   477   003D63                     I2C2PIR         equ	15715	;# 
   478   003D64                     I2C2PIE         equ	15716	;# 
   479   003D65                     I2C2CLK         equ	15717	;# 
   480   003D66                     I2C2BTO         equ	15718	;# 
   481   003D6A                     I2C1RXB         equ	15722	;# 
   482   003D6B                     I2C1TXB         equ	15723	;# 
   483   003D6C                     I2C1CNT         equ	15724	;# 
   484   003D6D                     I2C1ADB0        equ	15725	;# 
   485   003D6E                     I2C1ADB1        equ	15726	;# 
   486   003D6F                     I2C1ADR0        equ	15727	;# 
   487   003D70                     I2C1ADR1        equ	15728	;# 
   488   003D71                     I2C1ADR2        equ	15729	;# 
   489   003D72                     I2C1ADR3        equ	15730	;# 
   490   003D73                     I2C1CON0        equ	15731	;# 
   491   003D74                     I2C1CON1        equ	15732	;# 
   492   003D75                     I2C1CON2        equ	15733	;# 
   493   003D76                     I2C1ERR         equ	15734	;# 
   494   003D77                     I2C1STAT0       equ	15735	;# 
   495   003D78                     I2C1STAT1       equ	15736	;# 
   496   003D79                     I2C1PIR         equ	15737	;# 
   497   003D7A                     I2C1PIE         equ	15738	;# 
   498   003D7B                     I2C1CLK         equ	15739	;# 
   499   003D7C                     I2C1BTO         equ	15740	;# 
   500   003DD0                     U2RXB           equ	15824	;# 
   501   003DD0                     U2RXBL          equ	15824	;# 
   502   003DD2                     U2TXB           equ	15826	;# 
   503   003DD2                     U2TXBL          equ	15826	;# 
   504   003DD4                     U2P1            equ	15828	;# 
   505   003DD4                     U2P1L           equ	15828	;# 
   506   003DD6                     U2P2            equ	15830	;# 
   507   003DD6                     U2P2L           equ	15830	;# 
   508   003DD8                     U2P3            equ	15832	;# 
   509   003DD8                     U2P3L           equ	15832	;# 
   510   003DDA                     U2CON0          equ	15834	;# 
   511   003DDB                     U2CON1          equ	15835	;# 
   512   003DDC                     U2CON2          equ	15836	;# 
   513   003DDD                     U2BRG           equ	15837	;# 
   514   003DDD                     U2BRGL          equ	15837	;# 
   515   003DDE                     U2BRGH          equ	15838	;# 
   516   003DDF                     U2FIFO          equ	15839	;# 
   517   003DE0                     U2UIR           equ	15840	;# 
   518   003DE1                     U2ERRIR         equ	15841	;# 
   519   003DE2                     U2ERRIE         equ	15842	;# 
   520   003DE8                     U1RXB           equ	15848	;# 
   521   003DE8                     U1RXBL          equ	15848	;# 
   522   003DE9                     U1RXCHK         equ	15849	;# 
   523   003DEA                     U1TXB           equ	15850	;# 
   524   003DEA                     U1TXBL          equ	15850	;# 
   525   003DEB                     U1TXCHK         equ	15851	;# 
   526   003DEC                     U1P1            equ	15852	;# 
   527   003DEC                     U1P1L           equ	15852	;# 
   528   003DED                     U1P1H           equ	15853	;# 
   529   003DEE                     U1P2            equ	15854	;# 
   530   003DEE                     U1P2L           equ	15854	;# 
   531   003DEF                     U1P2H           equ	15855	;# 
   532   003DF0                     U1P3            equ	15856	;# 
   533   003DF0                     U1P3L           equ	15856	;# 
   534   003DF1                     U1P3H           equ	15857	;# 
   535   003DF2                     U1CON0          equ	15858	;# 
   536   003DF3                     U1CON1          equ	15859	;# 
   537   003DF4                     U1CON2          equ	15860	;# 
   538   003DF5                     U1BRG           equ	15861	;# 
   539   003DF5                     U1BRGL          equ	15861	;# 
   540   003DF6                     U1BRGH          equ	15862	;# 
   541   003DF7                     U1FIFO          equ	15863	;# 
   542   003DF8                     U1UIR           equ	15864	;# 
   543   003DF9                     U1ERRIR         equ	15865	;# 
   544   003DFA                     U1ERRIE         equ	15866	;# 
   545   003E9C                     DAC1CON1        equ	16028	;# 
   546   003E9E                     DAC1CON0        equ	16030	;# 
   547   003EB8                     CM2CON0         equ	16056	;# 
   548   003EB9                     CM2CON1         equ	16057	;# 
   549   003EBA                     CM2NCH          equ	16058	;# 
   550   003EBB                     CM2PCH          equ	16059	;# 
   551   003EBC                     CM1CON0         equ	16060	;# 
   552   003EBD                     CM1CON1         equ	16061	;# 
   553   003EBE                     CM1NCH          equ	16062	;# 
   554   003EBF                     CM1PCH          equ	16063	;# 
   555   003EC0                     CMOUT           equ	16064	;# 
   556   003EC1                     FVRCON          equ	16065	;# 
   557   003EC3                     ZCDCON          equ	16067	;# 
   558   003EC9                     HLVDCON0        equ	16073	;# 
   559   003ECA                     HLVDCON1        equ	16074	;# 
   560   003ED7                     ADCP            equ	16087	;# 
   561   003EDE                     ADLTH           equ	16094	;# 
   562   003EDE                     ADLTHL          equ	16094	;# 
   563   003EDF                     ADLTHH          equ	16095	;# 
   564   003EE0                     ADUTH           equ	16096	;# 
   565   003EE0                     ADUTHL          equ	16096	;# 
   566   003EE1                     ADUTHH          equ	16097	;# 
   567   003EE2                     ADERR           equ	16098	;# 
   568   003EE2                     ADERRL          equ	16098	;# 
   569   003EE3                     ADERRH          equ	16099	;# 
   570   003EE4                     ADSTPT          equ	16100	;# 
   571   003EE4                     ADSTPTL         equ	16100	;# 
   572   003EE5                     ADSTPTH         equ	16101	;# 
   573   003EE6                     ADFLTR          equ	16102	;# 
   574   003EE6                     ADFLTRL         equ	16102	;# 
   575   003EE7                     ADFLTRH         equ	16103	;# 
   576   003EE8                     ADACC           equ	16104	;# 
   577   003EE8                     ADACCL          equ	16104	;# 
   578   003EE9                     ADACCH          equ	16105	;# 
   579   003EEA                     ADACCU          equ	16106	;# 
   580   003EEB                     ADCNT           equ	16107	;# 
   581   003EEC                     ADRPT           equ	16108	;# 
   582   003EED                     ADPREV          equ	16109	;# 
   583   003EED                     ADPREVL         equ	16109	;# 
   584   003EEE                     ADPREVH         equ	16110	;# 
   585   003EEF                     ADRES           equ	16111	;# 
   586   003EEF                     ADRESL          equ	16111	;# 
   587   003EF0                     ADRESH          equ	16112	;# 
   588   003EF1                     ADPCH           equ	16113	;# 
   589   003EF3                     ADACQ           equ	16115	;# 
   590   003EF3                     ADACQL          equ	16115	;# 
   591   003EF4                     ADACQH          equ	16116	;# 
   592   003EF5                     ADCAP           equ	16117	;# 
   593   003EF6                     ADPRE           equ	16118	;# 
   594   003EF6                     ADPREL          equ	16118	;# 
   595   003EF7                     ADPREH          equ	16119	;# 
   596   003EF8                     ADCON0          equ	16120	;# 
   597   003EF9                     ADCON1          equ	16121	;# 
   598   003EFA                     ADCON2          equ	16122	;# 
   599   003EFB                     ADCON3          equ	16123	;# 
   600   003EFC                     ADSTAT          equ	16124	;# 
   601   003EFD                     ADREF           equ	16125	;# 
   602   003EFE                     ADACT           equ	16126	;# 
   603   003EFF                     ADCLK           equ	16127	;# 
   604   003F12                     SMT1TMR         equ	16146	;# 
   605   003F12                     SMT1TMRL        equ	16146	;# 
   606   003F13                     SMT1TMRH        equ	16147	;# 
   607   003F14                     SMT1TMRU        equ	16148	;# 
   608   003F15                     SMT1CPR         equ	16149	;# 
   609   003F15                     SMT1CPRL        equ	16149	;# 
   610   003F16                     SMT1CPRH        equ	16150	;# 
   611   003F17                     SMT1CPRU        equ	16151	;# 
   612   003F18                     SMT1CPW         equ	16152	;# 
   613   003F18                     SMT1CPWL        equ	16152	;# 
   614   003F19                     SMT1CPWH        equ	16153	;# 
   615   003F1A                     SMT1CPWU        equ	16154	;# 
   616   003F1B                     SMT1PR          equ	16155	;# 
   617   003F1B                     SMT1PRL         equ	16155	;# 
   618   003F1C                     SMT1PRH         equ	16156	;# 
   619   003F1D                     SMT1PRU         equ	16157	;# 
   620   003F1E                     SMT1CON0        equ	16158	;# 
   621   003F1F                     SMT1CON1        equ	16159	;# 
   622   003F20                     SMT1STAT        equ	16160	;# 
   623   003F21                     SMT1CLK         equ	16161	;# 
   624   003F22                     SMT1SIG         equ	16162	;# 
   625   003F23                     SMT1WIN         equ	16163	;# 
   626   003F38                     NCO1ACC         equ	16184	;# 
   627   003F38                     NCO1ACCL        equ	16184	;# 
   628   003F39                     NCO1ACCH        equ	16185	;# 
   629   003F3A                     NCO1ACCU        equ	16186	;# 
   630   003F3B                     NCO1INC         equ	16187	;# 
   631   003F3B                     NCO1INCL        equ	16187	;# 
   632   003F3C                     NCO1INCH        equ	16188	;# 
   633   003F3D                     NCO1INCU        equ	16189	;# 
   634   003F3E                     NCO1CON         equ	16190	;# 
   635   003F3F                     NCO1CLK         equ	16191	;# 
   636   003F40                     CWG3CLK         equ	16192	;# 
   637   003F40                     CWG3CLKCON      equ	16192	;# 
   638   003F41                     CWG3ISM         equ	16193	;# 
   639   003F41                     CWG3DAT         equ	16193	;# 
   640   003F42                     CWG3DBR         equ	16194	;# 
   641   003F43                     CWG3DBF         equ	16195	;# 
   642   003F44                     CWG3CON0        equ	16196	;# 
   643   003F45                     CWG3CON1        equ	16197	;# 
   644   003F46                     CWG3AS0         equ	16198	;# 
   645   003F47                     CWG3AS1         equ	16199	;# 
   646   003F48                     CWG3STR         equ	16200	;# 
   647   003F49                     CWG2CLK         equ	16201	;# 
   648   003F49                     CWG2CLKCON      equ	16201	;# 
   649   003F4A                     CWG2ISM         equ	16202	;# 
   650   003F4A                     CWG2DAT         equ	16202	;# 
   651   003F4B                     CWG2DBR         equ	16203	;# 
   652   003F4C                     CWG2DBF         equ	16204	;# 
   653   003F4D                     CWG2CON0        equ	16205	;# 
   654   003F4E                     CWG2CON1        equ	16206	;# 
   655   003F4F                     CWG2AS0         equ	16207	;# 
   656   003F50                     CWG2AS1         equ	16208	;# 
   657   003F51                     CWG2STR         equ	16209	;# 
   658   003F52                     CWG1CLK         equ	16210	;# 
   659   003F52                     CWG1CLKCON      equ	16210	;# 
   660   003F53                     CWG1ISM         equ	16211	;# 
   661   003F53                     CWG1DAT         equ	16211	;# 
   662   003F54                     CWG1DBR         equ	16212	;# 
   663   003F55                     CWG1DBF         equ	16213	;# 
   664   003F56                     CWG1CON0        equ	16214	;# 
   665   003F57                     CWG1CON1        equ	16215	;# 
   666   003F58                     CWG1AS0         equ	16216	;# 
   667   003F59                     CWG1AS1         equ	16217	;# 
   668   003F5A                     CWG1STR         equ	16218	;# 
   669   003F5E                     CCPTMRS0        equ	16222	;# 
   670   003F5F                     CCPTMRS1        equ	16223	;# 
   671   003F60                     PWM8DC          equ	16224	;# 
   672   003F60                     PWM8DCL         equ	16224	;# 
   673   003F61                     PWM8DCH         equ	16225	;# 
   674   003F62                     PWM8CON         equ	16226	;# 
   675   003F64                     PWM7DC          equ	16228	;# 
   676   003F64                     PWM7DCL         equ	16228	;# 
   677   003F65                     PWM7DCH         equ	16229	;# 
   678   003F66                     PWM7CON         equ	16230	;# 
   679   003F68                     PWM6DC          equ	16232	;# 
   680   003F68                     PWM6DCL         equ	16232	;# 
   681   003F69                     PWM6DCH         equ	16233	;# 
   682   003F6A                     PWM6CON         equ	16234	;# 
   683   003F6C                     PWM5DC          equ	16236	;# 
   684   003F6C                     PWM5DCL         equ	16236	;# 
   685   003F6D                     PWM5DCH         equ	16237	;# 
   686   003F6E                     PWM5CON         equ	16238	;# 
   687   003F70                     CCPR4           equ	16240	;# 
   688   003F70                     CCPR4L          equ	16240	;# 
   689   003F71                     CCPR4H          equ	16241	;# 
   690   003F72                     CCP4CON         equ	16242	;# 
   691   003F73                     CCP4CAP         equ	16243	;# 
   692   003F74                     CCPR3           equ	16244	;# 
   693   003F74                     CCPR3L          equ	16244	;# 
   694   003F75                     CCPR3H          equ	16245	;# 
   695   003F76                     CCP3CON         equ	16246	;# 
   696   003F77                     CCP3CAP         equ	16247	;# 
   697   003F78                     CCPR2           equ	16248	;# 
   698   003F78                     CCPR2L          equ	16248	;# 
   699   003F79                     CCPR2H          equ	16249	;# 
   700   003F7A                     CCP2CON         equ	16250	;# 
   701   003F7B                     CCP2CAP         equ	16251	;# 
   702   003F7C                     CCPR1           equ	16252	;# 
   703   003F7C                     CCPR1L          equ	16252	;# 
   704   003F7D                     CCPR1H          equ	16253	;# 
   705   003F7E                     CCP1CON         equ	16254	;# 
   706   003F7F                     CCP1CAP         equ	16255	;# 
   707   003F92                     T6TMR           equ	16274	;# 
   708   003F92                     TMR6            equ	16274	;# 
   709   003F93                     T6PR            equ	16275	;# 
   710   003F93                     PR6             equ	16275	;# 
   711   003F94                     T6CON           equ	16276	;# 
   712   003F95                     T6HLT           equ	16277	;# 
   713   003F96                     T6CLKCON        equ	16278	;# 
   714   003F96                     T6CLK           equ	16278	;# 
   715   003F97                     T6RST           equ	16279	;# 
   716   003F98                     TMR5            equ	16280	;# 
   717   003F98                     TMR5L           equ	16280	;# 
   718   003F99                     TMR5H           equ	16281	;# 
   719   003F9A                     T5CON           equ	16282	;# 
   720   003F9A                     TMR5CON         equ	16282	;# 
   721   003F9B                     T5GCON          equ	16283	;# 
   722   003F9B                     TMR5GCON        equ	16283	;# 
   723   003F9C                     T5GATE          equ	16284	;# 
   724   003F9C                     TMR5GATE        equ	16284	;# 
   725   003F9D                     T5CLK           equ	16285	;# 
   726   003F9D                     TMR5CLK         equ	16285	;# 
   727   003F9D                     PR5             equ	16285	;# 
   728   003F9E                     T4TMR           equ	16286	;# 
   729   003F9E                     TMR4            equ	16286	;# 
   730   003F9F                     T4PR            equ	16287	;# 
   731   003F9F                     PR4             equ	16287	;# 
   732   003FA0                     T4CON           equ	16288	;# 
   733   003FA1                     T4HLT           equ	16289	;# 
   734   003FA2                     T4CLKCON        equ	16290	;# 
   735   003FA2                     T4CLK           equ	16290	;# 
   736   003FA3                     T4RST           equ	16291	;# 
   737   003FA4                     TMR3            equ	16292	;# 
   738   003FA4                     TMR3L           equ	16292	;# 
   739   003FA5                     TMR3H           equ	16293	;# 
   740   003FA6                     T3CON           equ	16294	;# 
   741   003FA6                     TMR3CON         equ	16294	;# 
   742   003FA7                     T3GCON          equ	16295	;# 
   743   003FA7                     TMR3GCON        equ	16295	;# 
   744   003FA8                     T3GATE          equ	16296	;# 
   745   003FA8                     TMR3GATE        equ	16296	;# 
   746   003FA9                     T3CLK           equ	16297	;# 
   747   003FA9                     TMR3CLK         equ	16297	;# 
   748   003FA9                     PR3             equ	16297	;# 
   749   003FAA                     T2TMR           equ	16298	;# 
   750   003FAA                     TMR2            equ	16298	;# 
   751   003FAB                     T2PR            equ	16299	;# 
   752   003FAB                     PR2             equ	16299	;# 
   753   003FAC                     T2CON           equ	16300	;# 
   754   003FAD                     T2HLT           equ	16301	;# 
   755   003FAE                     T2CLKCON        equ	16302	;# 
   756   003FAE                     T2CLK           equ	16302	;# 
   757   003FAF                     T2RST           equ	16303	;# 
   758   003FB0                     TMR1            equ	16304	;# 
   759   003FB0                     TMR1L           equ	16304	;# 
   760   003FB1                     TMR1H           equ	16305	;# 
   761   003FB2                     T1CON           equ	16306	;# 
   762   003FB2                     TMR1CON         equ	16306	;# 
   763   003FB3                     T1GCON          equ	16307	;# 
   764   003FB3                     TMR1GCON        equ	16307	;# 
   765   003FB4                     T1GATE          equ	16308	;# 
   766   003FB4                     TMR1GATE        equ	16308	;# 
   767   003FB5                     T1CLK           equ	16309	;# 
   768   003FB5                     TMR1CLK         equ	16309	;# 
   769   003FB5                     PR1             equ	16309	;# 
   770   003FB6                     TMR0L           equ	16310	;# 
   771   003FB6                     TMR0            equ	16310	;# 
   772   003FB7                     TMR0H           equ	16311	;# 
   773   003FB7                     PR0             equ	16311	;# 
   774   003FB8                     T0CON0          equ	16312	;# 
   775   003FB9                     T0CON1          equ	16313	;# 
   776   003FBA                     LATA            equ	16314	;# 
   777   003FBB                     LATB            equ	16315	;# 
   778   003FBC                     LATC            equ	16316	;# 
   779   003FBD                     LATD            equ	16317	;# 
   780   003FBE                     LATE            equ	16318	;# 
   781   003FC2                     TRISA           equ	16322	;# 
   782   003FC3                     TRISB           equ	16323	;# 
   783   003FC4                     TRISC           equ	16324	;# 
   784   003FC5                     TRISD           equ	16325	;# 
   785   003FC6                     TRISE           equ	16326	;# 
   786   003FCA                     PORTA           equ	16330	;# 
   787   003FCB                     PORTB           equ	16331	;# 
   788   003FCC                     PORTC           equ	16332	;# 
   789   003FCD                     PORTD           equ	16333	;# 
   790   003FCE                     PORTE           equ	16334	;# 
   791   003FD2                     INTCON0         equ	16338	;# 
   792   003FD3                     INTCON1         equ	16339	;# 
   793   003FD4                     IVTLOCK         equ	16340	;# 
   794   003FD5                     IVTBASE         equ	16341	;# 
   795   003FD5                     IVTBASEL        equ	16341	;# 
   796   003FD6                     IVTBASEH        equ	16342	;# 
   797   003FD7                     IVTBASEU        equ	16343	;# 
   798   003FD8                     STATUS          equ	16344	;# 
   799   003FD9                     FSR2            equ	16345	;# 
   800   003FD9                     FSR2L           equ	16345	;# 
   801   003FDA                     FSR2H           equ	16346	;# 
   802   003FDB                     PLUSW2          equ	16347	;# 
   803   003FDC                     PREINC2         equ	16348	;# 
   804   003FDD                     POSTDEC2        equ	16349	;# 
   805   003FDE                     POSTINC2        equ	16350	;# 
   806   003FDF                     INDF2           equ	16351	;# 
   807   003FE0                     BSR             equ	16352	;# 
   808   003FE1                     FSR1            equ	16353	;# 
   809   003FE1                     FSR1L           equ	16353	;# 
   810   003FE2                     FSR1H           equ	16354	;# 
   811   003FE3                     PLUSW1          equ	16355	;# 
   812   003FE4                     PREINC1         equ	16356	;# 
   813   003FE5                     POSTDEC1        equ	16357	;# 
   814   003FE6                     POSTINC1        equ	16358	;# 
   815   003FE7                     INDF1           equ	16359	;# 
   816   003FE8                     WREG            equ	16360	;# 
   817   003FE9                     FSR0            equ	16361	;# 
   818   003FE9                     FSR0L           equ	16361	;# 
   819   003FEA                     FSR0H           equ	16362	;# 
   820   003FEB                     PLUSW0          equ	16363	;# 
   821   003FEC                     PREINC0         equ	16364	;# 
   822   003FED                     POSTDEC0        equ	16365	;# 
   823   003FEE                     POSTINC0        equ	16366	;# 
   824   003FEF                     INDF0           equ	16367	;# 
   825   003FF0                     PCON0           equ	16368	;# 
   826   003FF1                     PCON1           equ	16369	;# 
   827   003FF3                     PROD            equ	16371	;# 
   828   003FF3                     PRODL           equ	16371	;# 
   829   003FF4                     PRODH           equ	16372	;# 
   830   003FF5                     TABLAT          equ	16373	;# 
   831   003FF6                     TBLPTR          equ	16374	;# 
   832   003FF6                     TBLPTRL         equ	16374	;# 
   833   003FF7                     TBLPTRH         equ	16375	;# 
   834   003FF8                     TBLPTRU         equ	16376	;# 
   835   003FF9                     PCLAT           equ	16377	;# 
   836   003FF9                     PCL             equ	16377	;# 
   837   003FFA                     PCLATH          equ	16378	;# 
   838   003FFB                     PCLATU          equ	16379	;# 
   839   003FFC                     STKPTR          equ	16380	;# 
   840   003FFD                     TOS             equ	16381	;# 
   841   003FFD                     TOSL            equ	16381	;# 
   842   003FFE                     TOSH            equ	16382	;# 
   843   003FFF                     TOSU            equ	16383	;# 
   844   003880                     STATUS_CSHAD    equ	14464	;# 
   845   003881                     WREG_CSHAD      equ	14465	;# 
   846   003882                     BSR_CSHAD       equ	14466	;# 
   847   003883                     SHADCON         equ	14467	;# 
   848   003884                     STATUS_SHAD     equ	14468	;# 
   849   003885                     WREG_SHAD       equ	14469	;# 
   850   003886                     BSR_SHAD        equ	14470	;# 
   851   003887                     PCLATH_SHAD     equ	14471	;# 
   852   003888                     PCLATU_SHAD     equ	14472	;# 
   853   003889                     FSR0SH          equ	14473	;# 
   854   003889                     FSR0L_SHAD      equ	14473	;# 
   855   00388A                     FSR0H_SHAD      equ	14474	;# 
   856   00388B                     FSR1SH          equ	14475	;# 
   857   00388B                     FSR1L_SHAD      equ	14475	;# 
   858   00388C                     FSR1H_SHAD      equ	14476	;# 
   859   00388D                     FSR2SH          equ	14477	;# 
   860   00388D                     FSR2L_SHAD      equ	14477	;# 
   861   00388E                     FSR2H_SHAD      equ	14478	;# 
   862   00388F                     PRODSH          equ	14479	;# 
   863   00388F                     PRODL_SHAD      equ	14479	;# 
   864   003890                     PRODH_SHAD      equ	14480	;# 
   865   00389D                     IVTADL          equ	14493	;# 
   866   00389E                     IVTADH          equ	14494	;# 
   867   00389F                     IVTADU          equ	14495	;# 
   868   00395B                     WDTCON0         equ	14683	;# 
   869   00395C                     WDTCON1         equ	14684	;# 
   870   00395D                     WDTPSL          equ	14685	;# 
   871   00395E                     WDTPSH          equ	14686	;# 
   872   00395F                     WDTTMR          equ	14687	;# 
   873   003960                     CRCDATA         equ	14688	;# 
   874   003960                     CRCDATL         equ	14688	;# 
   875   003961                     CRCDATH         equ	14689	;# 
   876   003962                     CRCACC          equ	14690	;# 
   877   003962                     CRCACCL         equ	14690	;# 
   878   003963                     CRCACCH         equ	14691	;# 
   879   003964                     CRCSHFT         equ	14692	;# 
   880   003964                     CRCSHIFTL       equ	14692	;# 
   881   003965                     CRCSHIFTH       equ	14693	;# 
   882   003966                     CRCXOR          equ	14694	;# 
   883   003966                     CRCXORL         equ	14694	;# 
   884   003967                     CRCXORH         equ	14695	;# 
   885   003968                     CRCCON0         equ	14696	;# 
   886   003969                     CRCCON1         equ	14697	;# 
   887   003976                     SCANLADR        equ	14710	;# 
   888   003976                     SCANLADRL       equ	14710	;# 
   889   003977                     SCANLADRH       equ	14711	;# 
   890   003978                     SCANLADRU       equ	14712	;# 
   891   003979                     SCANHADR        equ	14713	;# 
   892   003979                     SCANHADRL       equ	14713	;# 
   893   00397A                     SCANHADRH       equ	14714	;# 
   894   00397B                     SCANHADRU       equ	14715	;# 
   895   00397C                     SCANCON0        equ	14716	;# 
   896   00397D                     SCANTRIG        equ	14717	;# 
   897   003980                     IPR0            equ	14720	;# 
   898   003981                     IPR1            equ	14721	;# 
   899   003982                     IPR2            equ	14722	;# 
   900   003983                     IPR3            equ	14723	;# 
   901   003984                     IPR4            equ	14724	;# 
   902   003985                     IPR5            equ	14725	;# 
   903   003986                     IPR6            equ	14726	;# 
   904   003987                     IPR7            equ	14727	;# 
   905   003988                     IPR8            equ	14728	;# 
   906   003989                     IPR9            equ	14729	;# 
   907   00398A                     IPR10           equ	14730	;# 
   908   003990                     PIE0            equ	14736	;# 
   909   003991                     PIE1            equ	14737	;# 
   910   003992                     PIE2            equ	14738	;# 
   911   003993                     PIE3            equ	14739	;# 
   912   003994                     PIE4            equ	14740	;# 
   913   003995                     PIE5            equ	14741	;# 
   914   003996                     PIE6            equ	14742	;# 
   915   003997                     PIE7            equ	14743	;# 
   916   003998                     PIE8            equ	14744	;# 
   917   003999                     PIE9            equ	14745	;# 
   918   00399A                     PIE10           equ	14746	;# 
   919   0039A0                     PIR0            equ	14752	;# 
   920   0039A1                     PIR1            equ	14753	;# 
   921   0039A2                     PIR2            equ	14754	;# 
   922   0039A3                     PIR3            equ	14755	;# 
   923   0039A4                     PIR4            equ	14756	;# 
   924   0039A5                     PIR5            equ	14757	;# 
   925   0039A6                     PIR6            equ	14758	;# 
   926   0039A7                     PIR7            equ	14759	;# 
   927   0039A8                     PIR8            equ	14760	;# 
   928   0039A9                     PIR9            equ	14761	;# 
   929   0039AA                     PIR10           equ	14762	;# 
   930   0039C0                     PMD0            equ	14784	;# 
   931   0039C1                     PMD1            equ	14785	;# 
   932   0039C2                     PMD2            equ	14786	;# 
   933   0039C3                     PMD3            equ	14787	;# 
   934   0039C4                     PMD4            equ	14788	;# 
   935   0039C5                     PMD5            equ	14789	;# 
   936   0039C6                     PMD6            equ	14790	;# 
   937   0039C7                     PMD7            equ	14791	;# 
   938   0039D0                     BORCON          equ	14800	;# 
   939   0039D1                     VREGCON         equ	14801	;# 
   940   0039D8                     CPUDOZE         equ	14808	;# 
   941   0039D9                     OSCCON1         equ	14809	;# 
   942   0039DA                     OSCCON2         equ	14810	;# 
   943   0039DB                     OSCCON3         equ	14811	;# 
   944   0039DC                     OSCSTAT         equ	14812	;# 
   945   0039DC                     OSCSTAT1        equ	14812	;# 
   946   0039DD                     OSCEN           equ	14813	;# 
   947   0039DE                     OSCTUNE         equ	14814	;# 
   948   0039DF                     OSCFRQ          equ	14815	;# 
   949   0039E0                     NVMADRL         equ	14816	;# 
   950   0039E1                     NVMADRH         equ	14817	;# 
   951   0039E3                     NVMDAT          equ	14819	;# 
   952   0039E5                     NVMCON1         equ	14821	;# 
   953   0039E6                     NVMCON2         equ	14822	;# 
   954   0039EF                     PRLOCK          equ	14831	;# 
   955   0039F1                     ISRPR           equ	14833	;# 
   956   0039F2                     MAINPR          equ	14834	;# 
   957   0039F3                     DMA1PR          equ	14835	;# 
   958   0039F4                     DMA2PR          equ	14836	;# 
   959   0039F7                     SCANPR          equ	14839	;# 
   960   003A00                     RA0PPS          equ	14848	;# 
   961   003A01                     RA1PPS          equ	14849	;# 
   962   003A02                     RA2PPS          equ	14850	;# 
   963   003A03                     RA3PPS          equ	14851	;# 
   964   003A04                     RA4PPS          equ	14852	;# 
   965   003A05                     RA5PPS          equ	14853	;# 
   966   003A06                     RA6PPS          equ	14854	;# 
   967   003A07                     RA7PPS          equ	14855	;# 
   968   003A08                     RB0PPS          equ	14856	;# 
   969   003A09                     RB1PPS          equ	14857	;# 
   970   003A0A                     RB2PPS          equ	14858	;# 
   971   003A0B                     RB3PPS          equ	14859	;# 
   972   003A0C                     RB4PPS          equ	14860	;# 
   973   003A0D                     RB5PPS          equ	14861	;# 
   974   003A0E                     RB6PPS          equ	14862	;# 
   975   003A0F                     RB7PPS          equ	14863	;# 
   976   003A10                     RC0PPS          equ	14864	;# 
   977   003A11                     RC1PPS          equ	14865	;# 
   978   003A12                     RC2PPS          equ	14866	;# 
   979   003A13                     RC3PPS          equ	14867	;# 
   980   003A14                     RC4PPS          equ	14868	;# 
   981   003A15                     RC5PPS          equ	14869	;# 
   982   003A16                     RC6PPS          equ	14870	;# 
   983   003A17                     RC7PPS          equ	14871	;# 
   984   003A18                     RD0PPS          equ	14872	;# 
   985   003A19                     RD1PPS          equ	14873	;# 
   986   003A1A                     RD2PPS          equ	14874	;# 
   987   003A1B                     RD3PPS          equ	14875	;# 
   988   003A1C                     RD4PPS          equ	14876	;# 
   989   003A1D                     RD5PPS          equ	14877	;# 
   990   003A1E                     RD6PPS          equ	14878	;# 
   991   003A1F                     RD7PPS          equ	14879	;# 
   992   003A20                     RE0PPS          equ	14880	;# 
   993   003A21                     RE1PPS          equ	14881	;# 
   994   003A22                     RE2PPS          equ	14882	;# 
   995   003A40                     ANSELA          equ	14912	;# 
   996   003A41                     WPUA            equ	14913	;# 
   997   003A42                     ODCONA          equ	14914	;# 
   998   003A43                     SLRCONA         equ	14915	;# 
   999   003A44                     INLVLA          equ	14916	;# 
  1000   003A45                     IOCAP           equ	14917	;# 
  1001   003A46                     IOCAN           equ	14918	;# 
  1002   003A47                     IOCAF           equ	14919	;# 
  1003   003A50                     ANSELB          equ	14928	;# 
  1004   003A51                     WPUB            equ	14929	;# 
  1005   003A52                     ODCONB          equ	14930	;# 
  1006   003A53                     SLRCONB         equ	14931	;# 
  1007   003A54                     INLVLB          equ	14932	;# 
  1008   003A55                     IOCBP           equ	14933	;# 
  1009   003A56                     IOCBN           equ	14934	;# 
  1010   003A57                     IOCBF           equ	14935	;# 
  1011   003A5A                     RB1I2C          equ	14938	;# 
  1012   003A5B                     RB2I2C          equ	14939	;# 
  1013   003A60                     ANSELC          equ	14944	;# 
  1014   003A61                     WPUC            equ	14945	;# 
  1015   003A62                     ODCONC          equ	14946	;# 
  1016   003A63                     SLRCONC         equ	14947	;# 
  1017   003A64                     INLVLC          equ	14948	;# 
  1018   003A65                     IOCCP           equ	14949	;# 
  1019   003A66                     IOCCN           equ	14950	;# 
  1020   003A67                     IOCCF           equ	14951	;# 
  1021   003A6A                     RC3I2C          equ	14954	;# 
  1022   003A6B                     RC4I2C          equ	14955	;# 
  1023   003A70                     ANSELD          equ	14960	;# 
  1024   003A71                     WPUD            equ	14961	;# 
  1025   003A72                     ODCOND          equ	14962	;# 
  1026   003A73                     SLRCOND         equ	14963	;# 
  1027   003A74                     INLVLD          equ	14964	;# 
  1028   003A7A                     RD0I2C          equ	14970	;# 
  1029   003A7B                     RD1I2C          equ	14971	;# 
  1030   003A80                     ANSELE          equ	14976	;# 
  1031   003A81                     WPUE            equ	14977	;# 
  1032   003A82                     ODCONE          equ	14978	;# 
  1033   003A83                     SLRCONE         equ	14979	;# 
  1034   003A84                     INLVLE          equ	14980	;# 
  1035   003A85                     IOCEP           equ	14981	;# 
  1036   003A86                     IOCEN           equ	14982	;# 
  1037   003A87                     IOCEF           equ	14983	;# 
  1038   003ABF                     PPSLOCK         equ	15039	;# 
  1039   003AC0                     INT0PPS         equ	15040	;# 
  1040   003AC1                     INT1PPS         equ	15041	;# 
  1041   003AC2                     INT2PPS         equ	15042	;# 
  1042   003AC3                     T0CKIPPS        equ	15043	;# 
  1043   003AC4                     T1CKIPPS        equ	15044	;# 
  1044   003AC5                     T1GPPS          equ	15045	;# 
  1045   003AC6                     T3CKIPPS        equ	15046	;# 
  1046   003AC7                     T3GPPS          equ	15047	;# 
  1047   003AC8                     T5CKIPPS        equ	15048	;# 
  1048   003AC9                     T5GPPS          equ	15049	;# 
  1049   003ACA                     T2INPPS         equ	15050	;# 
  1050   003ACB                     T4INPPS         equ	15051	;# 
  1051   003ACC                     T6INPPS         equ	15052	;# 
  1052   003ACD                     CCP1PPS         equ	15053	;# 
  1053   003ACE                     CCP2PPS         equ	15054	;# 
  1054   003ACF                     CCP3PPS         equ	15055	;# 
  1055   003AD0                     CCP4PPS         equ	15056	;# 
  1056   003AD1                     SMT1WINPPS      equ	15057	;# 
  1057   003AD2                     SMT1SIGPPS      equ	15058	;# 
  1058   003AD3                     CWG1INPPS       equ	15059	;# 
  1059   003AD4                     CWG2INPPS       equ	15060	;# 
  1060   003AD5                     CWG3INPPS       equ	15061	;# 
  1061   003AD6                     MD1CARLPPS      equ	15062	;# 
  1062   003AD7                     MD1CARHPPS      equ	15063	;# 
  1063   003AD8                     MD1SRCPPS       equ	15064	;# 
  1064   003AD9                     CLCIN0PPS       equ	15065	;# 
  1065   003ADA                     CLCIN1PPS       equ	15066	;# 
  1066   003ADB                     CLCIN2PPS       equ	15067	;# 
  1067   003ADC                     CLCIN3PPS       equ	15068	;# 
  1068   003ADD                     ADACTPPS        equ	15069	;# 
  1069   003ADE                     SPI1SCKPPS      equ	15070	;# 
  1070   003ADF                     SPI1SDIPPS      equ	15071	;# 
  1071   003AE0                     SPI1SSPPS       equ	15072	;# 
  1072   003AE1                     I2C1SCLPPS      equ	15073	;# 
  1073   003AE2                     I2C1SDAPPS      equ	15074	;# 
  1074   003AE3                     I2C2SCLPPS      equ	15075	;# 
  1075   003AE4                     I2C2SDAPPS      equ	15076	;# 
  1076   003AE5                     U1RXPPS         equ	15077	;# 
  1077   003AE6                     U1CTSPPS        equ	15078	;# 
  1078   003AE8                     U2RXPPS         equ	15080	;# 
  1079   003AE9                     U2CTSPPS        equ	15081	;# 
  1080   003BC9                     DMA2BUF         equ	15305	;# 
  1081   003BCA                     DMA2DCNT        equ	15306	;# 
  1082   003BCA                     DMA2DCNTL       equ	15306	;# 
  1083   003BCB                     DMA2DCNTH       equ	15307	;# 
  1084   003BCC                     DMA2DPTR        equ	15308	;# 
  1085   003BCC                     DMA2DPTRL       equ	15308	;# 
  1086   003BCD                     DMA2DPTRH       equ	15309	;# 
  1087   003BCE                     DMA2DSZ         equ	15310	;# 
  1088   003BCE                     DMA2DSZL        equ	15310	;# 
  1089   003BCF                     DMA2DSZH        equ	15311	;# 
  1090   003BD0                     DMA2DSA         equ	15312	;# 
  1091   003BD0                     DMA2DSAL        equ	15312	;# 
  1092   003BD1                     DMA2DSAH        equ	15313	;# 
  1093   003BD2                     DMA2SCNT        equ	15314	;# 
  1094   003BD2                     DMA2SCNTL       equ	15314	;# 
  1095   003BD3                     DMA2SCNTH       equ	15315	;# 
  1096   003BD4                     DMA2SPTR        equ	15316	;# 
  1097   003BD4                     DMA2SPTRL       equ	15316	;# 
  1098   003BD5                     DMA2SPTRH       equ	15317	;# 
  1099   003BD6                     DMA2SPTRU       equ	15318	;# 
  1100   003BD7                     DMA2SSZ         equ	15319	;# 
  1101   003BD7                     DMA2SSZL        equ	15319	;# 
  1102   003BD8                     DMA2SSZH        equ	15320	;# 
  1103   003BD9                     DMA2SSA         equ	15321	;# 
  1104   003BD9                     DMA2SSAL        equ	15321	;# 
  1105   003BDA                     DMA2SSAH        equ	15322	;# 
  1106   003BDB                     DMA2SSAU        equ	15323	;# 
  1107   003BDC                     DMA2CON0        equ	15324	;# 
  1108   003BDD                     DMA2CON1        equ	15325	;# 
  1109   003BDE                     DMA2AIRQ        equ	15326	;# 
  1110   003BDF                     DMA2SIRQ        equ	15327	;# 
  1111   003BE9                     DMA1BUF         equ	15337	;# 
  1112   003BEA                     DMA1DCNT        equ	15338	;# 
  1113   003BEA                     DMA1DCNTL       equ	15338	;# 
  1114   003BEB                     DMA1DCNTH       equ	15339	;# 
  1115   003BEC                     DMA1DPTR        equ	15340	;# 
  1116   003BEC                     DMA1DPTRL       equ	15340	;# 
  1117   003BED                     DMA1DPTRH       equ	15341	;# 
  1118   003BEE                     DMA1DSZ         equ	15342	;# 
  1119   003BEE                     DMA1DSZL        equ	15342	;# 
  1120   003BEF                     DMA1DSZH        equ	15343	;# 
  1121   003BF0                     DMA1DSA         equ	15344	;# 
  1122   003BF0                     DMA1DSAL        equ	15344	;# 
  1123   003BF1                     DMA1DSAH        equ	15345	;# 
  1124   003BF2                     DMA1SCNT        equ	15346	;# 
  1125   003BF2                     DMA1SCNTL       equ	15346	;# 
  1126   003BF3                     DMA1SCNTH       equ	15347	;# 
  1127   003BF4                     DMA1SPTR        equ	15348	;# 
  1128   003BF4                     DMA1SPTRL       equ	15348	;# 
  1129   003BF5                     DMA1SPTRH       equ	15349	;# 
  1130   003BF6                     DMA1SPTRU       equ	15350	;# 
  1131   003BF7                     DMA1SSZ         equ	15351	;# 
  1132   003BF7                     DMA1SSZL        equ	15351	;# 
  1133   003BF8                     DMA1SSZH        equ	15352	;# 
  1134   003BF9                     DMA1SSA         equ	15353	;# 
  1135   003BF9                     DMA1SSAL        equ	15353	;# 
  1136   003BFA                     DMA1SSAH        equ	15354	;# 
  1137   003BFB                     DMA1SSAU        equ	15355	;# 
  1138   003BFC                     DMA1CON0        equ	15356	;# 
  1139   003BFD                     DMA1CON1        equ	15357	;# 
  1140   003BFE                     DMA1AIRQ        equ	15358	;# 
  1141   003BFF                     DMA1SIRQ        equ	15359	;# 
  1142   003C56                     CLC4CON         equ	15446	;# 
  1143   003C57                     CLC4POL         equ	15447	;# 
  1144   003C58                     CLC4SEL0        equ	15448	;# 
  1145   003C59                     CLC4SEL1        equ	15449	;# 
  1146   003C5A                     CLC4SEL2        equ	15450	;# 
  1147   003C5B                     CLC4SEL3        equ	15451	;# 
  1148   003C5C                     CLC4GLS0        equ	15452	;# 
  1149   003C5D                     CLC4GLS1        equ	15453	;# 
  1150   003C5E                     CLC4GLS2        equ	15454	;# 
  1151   003C5F                     CLC4GLS3        equ	15455	;# 
  1152   003C60                     CLC3CON         equ	15456	;# 
  1153   003C61                     CLC3POL         equ	15457	;# 
  1154   003C62                     CLC3SEL0        equ	15458	;# 
  1155   003C63                     CLC3SEL1        equ	15459	;# 
  1156   003C64                     CLC3SEL2        equ	15460	;# 
  1157   003C65                     CLC3SEL3        equ	15461	;# 
  1158   003C66                     CLC3GLS0        equ	15462	;# 
  1159   003C67                     CLC3GLS1        equ	15463	;# 
  1160   003C68                     CLC3GLS2        equ	15464	;# 
  1161   003C69                     CLC3GLS3        equ	15465	;# 
  1162   003C6A                     CLC2CON         equ	15466	;# 
  1163   003C6B                     CLC2POL         equ	15467	;# 
  1164   003C6C                     CLC2SEL0        equ	15468	;# 
  1165   003C6D                     CLC2SEL1        equ	15469	;# 
  1166   003C6E                     CLC2SEL2        equ	15470	;# 
  1167   003C6F                     CLC2SEL3        equ	15471	;# 
  1168   003C70                     CLC2GLS0        equ	15472	;# 
  1169   003C71                     CLC2GLS1        equ	15473	;# 
  1170   003C72                     CLC2GLS2        equ	15474	;# 
  1171   003C73                     CLC2GLS3        equ	15475	;# 
  1172   003C74                     CLC1CON         equ	15476	;# 
  1173   003C75                     CLC1POL         equ	15477	;# 
  1174   003C76                     CLC1SEL0        equ	15478	;# 
  1175   003C77                     CLC1SEL1        equ	15479	;# 
  1176   003C78                     CLC1SEL2        equ	15480	;# 
  1177   003C79                     CLC1SEL3        equ	15481	;# 
  1178   003C7A                     CLC1GLS0        equ	15482	;# 
  1179   003C7B                     CLC1GLS1        equ	15483	;# 
  1180   003C7C                     CLC1GLS2        equ	15484	;# 
  1181   003C7D                     CLC1GLS3        equ	15485	;# 
  1182   003C7E                     CLCDATA0        equ	15486	;# 
  1183   003CE5                     CLKRCON         equ	15589	;# 
  1184   003CE6                     CLKRCLK         equ	15590	;# 
  1185   003CFA                     MD1CON0         equ	15610	;# 
  1186   003CFB                     MD1CON1         equ	15611	;# 
  1187   003CFC                     MD1SRC          equ	15612	;# 
  1188   003CFD                     MD1CARL         equ	15613	;# 
  1189   003CFE                     MD1CARH         equ	15614	;# 
  1190   003D10                     SPI1RXB         equ	15632	;# 
  1191   003D11                     SPI1TXB         equ	15633	;# 
  1192   003D12                     SPI1TCNT        equ	15634	;# 
  1193   003D12                     SPI1TCNTL       equ	15634	;# 
  1194   003D13                     SPI1TCNTH       equ	15635	;# 
  1195   003D14                     SPI1CON0        equ	15636	;# 
  1196   003D15                     SPI1CON1        equ	15637	;# 
  1197   003D16                     SPI1CON2        equ	15638	;# 
  1198   003D17                     SPI1STATUS      equ	15639	;# 
  1199   003D18                     SPI1TWIDTH      equ	15640	;# 
  1200   003D19                     SPI1BAUD        equ	15641	;# 
  1201   003D1A                     SPI1INTF        equ	15642	;# 
  1202   003D1B                     SPI1INTE        equ	15643	;# 
  1203   003D1C                     SPI1CLK         equ	15644	;# 
  1204   003D54                     I2C2RXB         equ	15700	;# 
  1205   003D55                     I2C2TXB         equ	15701	;# 
  1206   003D56                     I2C2CNT         equ	15702	;# 
  1207   003D57                     I2C2ADB0        equ	15703	;# 
  1208   003D58                     I2C2ADB1        equ	15704	;# 
  1209   003D59                     I2C2ADR0        equ	15705	;# 
  1210   003D5A                     I2C2ADR1        equ	15706	;# 
  1211   003D5B                     I2C2ADR2        equ	15707	;# 
  1212   003D5C                     I2C2ADR3        equ	15708	;# 
  1213   003D5D                     I2C2CON0        equ	15709	;# 
  1214   003D5E                     I2C2CON1        equ	15710	;# 
  1215   003D5F                     I2C2CON2        equ	15711	;# 
  1216   003D60                     I2C2ERR         equ	15712	;# 
  1217   003D61                     I2C2STAT0       equ	15713	;# 
  1218   003D62                     I2C2STAT1       equ	15714	;# 
  1219   003D63                     I2C2PIR         equ	15715	;# 
  1220   003D64                     I2C2PIE         equ	15716	;# 
  1221   003D65                     I2C2CLK         equ	15717	;# 
  1222   003D66                     I2C2BTO         equ	15718	;# 
  1223   003D6A                     I2C1RXB         equ	15722	;# 
  1224   003D6B                     I2C1TXB         equ	15723	;# 
  1225   003D6C                     I2C1CNT         equ	15724	;# 
  1226   003D6D                     I2C1ADB0        equ	15725	;# 
  1227   003D6E                     I2C1ADB1        equ	15726	;# 
  1228   003D6F                     I2C1ADR0        equ	15727	;# 
  1229   003D70                     I2C1ADR1        equ	15728	;# 
  1230   003D71                     I2C1ADR2        equ	15729	;# 
  1231   003D72                     I2C1ADR3        equ	15730	;# 
  1232   003D73                     I2C1CON0        equ	15731	;# 
  1233   003D74                     I2C1CON1        equ	15732	;# 
  1234   003D75                     I2C1CON2        equ	15733	;# 
  1235   003D76                     I2C1ERR         equ	15734	;# 
  1236   003D77                     I2C1STAT0       equ	15735	;# 
  1237   003D78                     I2C1STAT1       equ	15736	;# 
  1238   003D79                     I2C1PIR         equ	15737	;# 
  1239   003D7A                     I2C1PIE         equ	15738	;# 
  1240   003D7B                     I2C1CLK         equ	15739	;# 
  1241   003D7C                     I2C1BTO         equ	15740	;# 
  1242   003DD0                     U2RXB           equ	15824	;# 
  1243   003DD0                     U2RXBL          equ	15824	;# 
  1244   003DD2                     U2TXB           equ	15826	;# 
  1245   003DD2                     U2TXBL          equ	15826	;# 
  1246   003DD4                     U2P1            equ	15828	;# 
  1247   003DD4                     U2P1L           equ	15828	;# 
  1248   003DD6                     U2P2            equ	15830	;# 
  1249   003DD6                     U2P2L           equ	15830	;# 
  1250   003DD8                     U2P3            equ	15832	;# 
  1251   003DD8                     U2P3L           equ	15832	;# 
  1252   003DDA                     U2CON0          equ	15834	;# 
  1253   003DDB                     U2CON1          equ	15835	;# 
  1254   003DDC                     U2CON2          equ	15836	;# 
  1255   003DDD                     U2BRG           equ	15837	;# 
  1256   003DDD                     U2BRGL          equ	15837	;# 
  1257   003DDE                     U2BRGH          equ	15838	;# 
  1258   003DDF                     U2FIFO          equ	15839	;# 
  1259   003DE0                     U2UIR           equ	15840	;# 
  1260   003DE1                     U2ERRIR         equ	15841	;# 
  1261   003DE2                     U2ERRIE         equ	15842	;# 
  1262   003DE8                     U1RXB           equ	15848	;# 
  1263   003DE8                     U1RXBL          equ	15848	;# 
  1264   003DE9                     U1RXCHK         equ	15849	;# 
  1265   003DEA                     U1TXB           equ	15850	;# 
  1266   003DEA                     U1TXBL          equ	15850	;# 
  1267   003DEB                     U1TXCHK         equ	15851	;# 
  1268   003DEC                     U1P1            equ	15852	;# 
  1269   003DEC                     U1P1L           equ	15852	;# 
  1270   003DED                     U1P1H           equ	15853	;# 
  1271   003DEE                     U1P2            equ	15854	;# 
  1272   003DEE                     U1P2L           equ	15854	;# 
  1273   003DEF                     U1P2H           equ	15855	;# 
  1274   003DF0                     U1P3            equ	15856	;# 
  1275   003DF0                     U1P3L           equ	15856	;# 
  1276   003DF1                     U1P3H           equ	15857	;# 
  1277   003DF2                     U1CON0          equ	15858	;# 
  1278   003DF3                     U1CON1          equ	15859	;# 
  1279   003DF4                     U1CON2          equ	15860	;# 
  1280   003DF5                     U1BRG           equ	15861	;# 
  1281   003DF5                     U1BRGL          equ	15861	;# 
  1282   003DF6                     U1BRGH          equ	15862	;# 
  1283   003DF7                     U1FIFO          equ	15863	;# 
  1284   003DF8                     U1UIR           equ	15864	;# 
  1285   003DF9                     U1ERRIR         equ	15865	;# 
  1286   003DFA                     U1ERRIE         equ	15866	;# 
  1287   003E9C                     DAC1CON1        equ	16028	;# 
  1288   003E9E                     DAC1CON0        equ	16030	;# 
  1289   003EB8                     CM2CON0         equ	16056	;# 
  1290   003EB9                     CM2CON1         equ	16057	;# 
  1291   003EBA                     CM2NCH          equ	16058	;# 
  1292   003EBB                     CM2PCH          equ	16059	;# 
  1293   003EBC                     CM1CON0         equ	16060	;# 
  1294   003EBD                     CM1CON1         equ	16061	;# 
  1295   003EBE                     CM1NCH          equ	16062	;# 
  1296   003EBF                     CM1PCH          equ	16063	;# 
  1297   003EC0                     CMOUT           equ	16064	;# 
  1298   003EC1                     FVRCON          equ	16065	;# 
  1299   003EC3                     ZCDCON          equ	16067	;# 
  1300   003EC9                     HLVDCON0        equ	16073	;# 
  1301   003ECA                     HLVDCON1        equ	16074	;# 
  1302   003ED7                     ADCP            equ	16087	;# 
  1303   003EDE                     ADLTH           equ	16094	;# 
  1304   003EDE                     ADLTHL          equ	16094	;# 
  1305   003EDF                     ADLTHH          equ	16095	;# 
  1306   003EE0                     ADUTH           equ	16096	;# 
  1307   003EE0                     ADUTHL          equ	16096	;# 
  1308   003EE1                     ADUTHH          equ	16097	;# 
  1309   003EE2                     ADERR           equ	16098	;# 
  1310   003EE2                     ADERRL          equ	16098	;# 
  1311   003EE3                     ADERRH          equ	16099	;# 
  1312   003EE4                     ADSTPT          equ	16100	;# 
  1313   003EE4                     ADSTPTL         equ	16100	;# 
  1314   003EE5                     ADSTPTH         equ	16101	;# 
  1315   003EE6                     ADFLTR          equ	16102	;# 
  1316   003EE6                     ADFLTRL         equ	16102	;# 
  1317   003EE7                     ADFLTRH         equ	16103	;# 
  1318   003EE8                     ADACC           equ	16104	;# 
  1319   003EE8                     ADACCL          equ	16104	;# 
  1320   003EE9                     ADACCH          equ	16105	;# 
  1321   003EEA                     ADACCU          equ	16106	;# 
  1322   003EEB                     ADCNT           equ	16107	;# 
  1323   003EEC                     ADRPT           equ	16108	;# 
  1324   003EED                     ADPREV          equ	16109	;# 
  1325   003EED                     ADPREVL         equ	16109	;# 
  1326   003EEE                     ADPREVH         equ	16110	;# 
  1327   003EEF                     ADRES           equ	16111	;# 
  1328   003EEF                     ADRESL          equ	16111	;# 
  1329   003EF0                     ADRESH          equ	16112	;# 
  1330   003EF1                     ADPCH           equ	16113	;# 
  1331   003EF3                     ADACQ           equ	16115	;# 
  1332   003EF3                     ADACQL          equ	16115	;# 
  1333   003EF4                     ADACQH          equ	16116	;# 
  1334   003EF5                     ADCAP           equ	16117	;# 
  1335   003EF6                     ADPRE           equ	16118	;# 
  1336   003EF6                     ADPREL          equ	16118	;# 
  1337   003EF7                     ADPREH          equ	16119	;# 
  1338   003EF8                     ADCON0          equ	16120	;# 
  1339   003EF9                     ADCON1          equ	16121	;# 
  1340   003EFA                     ADCON2          equ	16122	;# 
  1341   003EFB                     ADCON3          equ	16123	;# 
  1342   003EFC                     ADSTAT          equ	16124	;# 
  1343   003EFD                     ADREF           equ	16125	;# 
  1344   003EFE                     ADACT           equ	16126	;# 
  1345   003EFF                     ADCLK           equ	16127	;# 
  1346   003F12                     SMT1TMR         equ	16146	;# 
  1347   003F12                     SMT1TMRL        equ	16146	;# 
  1348   003F13                     SMT1TMRH        equ	16147	;# 
  1349   003F14                     SMT1TMRU        equ	16148	;# 
  1350   003F15                     SMT1CPR         equ	16149	;# 
  1351   003F15                     SMT1CPRL        equ	16149	;# 
  1352   003F16                     SMT1CPRH        equ	16150	;# 
  1353   003F17                     SMT1CPRU        equ	16151	;# 
  1354   003F18                     SMT1CPW         equ	16152	;# 
  1355   003F18                     SMT1CPWL        equ	16152	;# 
  1356   003F19                     SMT1CPWH        equ	16153	;# 
  1357   003F1A                     SMT1CPWU        equ	16154	;# 
  1358   003F1B                     SMT1PR          equ	16155	;# 
  1359   003F1B                     SMT1PRL         equ	16155	;# 
  1360   003F1C                     SMT1PRH         equ	16156	;# 
  1361   003F1D                     SMT1PRU         equ	16157	;# 
  1362   003F1E                     SMT1CON0        equ	16158	;# 
  1363   003F1F                     SMT1CON1        equ	16159	;# 
  1364   003F20                     SMT1STAT        equ	16160	;# 
  1365   003F21                     SMT1CLK         equ	16161	;# 
  1366   003F22                     SMT1SIG         equ	16162	;# 
  1367   003F23                     SMT1WIN         equ	16163	;# 
  1368   003F38                     NCO1ACC         equ	16184	;# 
  1369   003F38                     NCO1ACCL        equ	16184	;# 
  1370   003F39                     NCO1ACCH        equ	16185	;# 
  1371   003F3A                     NCO1ACCU        equ	16186	;# 
  1372   003F3B                     NCO1INC         equ	16187	;# 
  1373   003F3B                     NCO1INCL        equ	16187	;# 
  1374   003F3C                     NCO1INCH        equ	16188	;# 
  1375   003F3D                     NCO1INCU        equ	16189	;# 
  1376   003F3E                     NCO1CON         equ	16190	;# 
  1377   003F3F                     NCO1CLK         equ	16191	;# 
  1378   003F40                     CWG3CLK         equ	16192	;# 
  1379   003F40                     CWG3CLKCON      equ	16192	;# 
  1380   003F41                     CWG3ISM         equ	16193	;# 
  1381   003F41                     CWG3DAT         equ	16193	;# 
  1382   003F42                     CWG3DBR         equ	16194	;# 
  1383   003F43                     CWG3DBF         equ	16195	;# 
  1384   003F44                     CWG3CON0        equ	16196	;# 
  1385   003F45                     CWG3CON1        equ	16197	;# 
  1386   003F46                     CWG3AS0         equ	16198	;# 
  1387   003F47                     CWG3AS1         equ	16199	;# 
  1388   003F48                     CWG3STR         equ	16200	;# 
  1389   003F49                     CWG2CLK         equ	16201	;# 
  1390   003F49                     CWG2CLKCON      equ	16201	;# 
  1391   003F4A                     CWG2ISM         equ	16202	;# 
  1392   003F4A                     CWG2DAT         equ	16202	;# 
  1393   003F4B                     CWG2DBR         equ	16203	;# 
  1394   003F4C                     CWG2DBF         equ	16204	;# 
  1395   003F4D                     CWG2CON0        equ	16205	;# 
  1396   003F4E                     CWG2CON1        equ	16206	;# 
  1397   003F4F                     CWG2AS0         equ	16207	;# 
  1398   003F50                     CWG2AS1         equ	16208	;# 
  1399   003F51                     CWG2STR         equ	16209	;# 
  1400   003F52                     CWG1CLK         equ	16210	;# 
  1401   003F52                     CWG1CLKCON      equ	16210	;# 
  1402   003F53                     CWG1ISM         equ	16211	;# 
  1403   003F53                     CWG1DAT         equ	16211	;# 
  1404   003F54                     CWG1DBR         equ	16212	;# 
  1405   003F55                     CWG1DBF         equ	16213	;# 
  1406   003F56                     CWG1CON0        equ	16214	;# 
  1407   003F57                     CWG1CON1        equ	16215	;# 
  1408   003F58                     CWG1AS0         equ	16216	;# 
  1409   003F59                     CWG1AS1         equ	16217	;# 
  1410   003F5A                     CWG1STR         equ	16218	;# 
  1411   003F5E                     CCPTMRS0        equ	16222	;# 
  1412   003F5F                     CCPTMRS1        equ	16223	;# 
  1413   003F60                     PWM8DC          equ	16224	;# 
  1414   003F60                     PWM8DCL         equ	16224	;# 
  1415   003F61                     PWM8DCH         equ	16225	;# 
  1416   003F62                     PWM8CON         equ	16226	;# 
  1417   003F64                     PWM7DC          equ	16228	;# 
  1418   003F64                     PWM7DCL         equ	16228	;# 
  1419   003F65                     PWM7DCH         equ	16229	;# 
  1420   003F66                     PWM7CON         equ	16230	;# 
  1421   003F68                     PWM6DC          equ	16232	;# 
  1422   003F68                     PWM6DCL         equ	16232	;# 
  1423   003F69                     PWM6DCH         equ	16233	;# 
  1424   003F6A                     PWM6CON         equ	16234	;# 
  1425   003F6C                     PWM5DC          equ	16236	;# 
  1426   003F6C                     PWM5DCL         equ	16236	;# 
  1427   003F6D                     PWM5DCH         equ	16237	;# 
  1428   003F6E                     PWM5CON         equ	16238	;# 
  1429   003F70                     CCPR4           equ	16240	;# 
  1430   003F70                     CCPR4L          equ	16240	;# 
  1431   003F71                     CCPR4H          equ	16241	;# 
  1432   003F72                     CCP4CON         equ	16242	;# 
  1433   003F73                     CCP4CAP         equ	16243	;# 
  1434   003F74                     CCPR3           equ	16244	;# 
  1435   003F74                     CCPR3L          equ	16244	;# 
  1436   003F75                     CCPR3H          equ	16245	;# 
  1437   003F76                     CCP3CON         equ	16246	;# 
  1438   003F77                     CCP3CAP         equ	16247	;# 
  1439   003F78                     CCPR2           equ	16248	;# 
  1440   003F78                     CCPR2L          equ	16248	;# 
  1441   003F79                     CCPR2H          equ	16249	;# 
  1442   003F7A                     CCP2CON         equ	16250	;# 
  1443   003F7B                     CCP2CAP         equ	16251	;# 
  1444   003F7C                     CCPR1           equ	16252	;# 
  1445   003F7C                     CCPR1L          equ	16252	;# 
  1446   003F7D                     CCPR1H          equ	16253	;# 
  1447   003F7E                     CCP1CON         equ	16254	;# 
  1448   003F7F                     CCP1CAP         equ	16255	;# 
  1449   003F92                     T6TMR           equ	16274	;# 
  1450   003F92                     TMR6            equ	16274	;# 
  1451   003F93                     T6PR            equ	16275	;# 
  1452   003F93                     PR6             equ	16275	;# 
  1453   003F94                     T6CON           equ	16276	;# 
  1454   003F95                     T6HLT           equ	16277	;# 
  1455   003F96                     T6CLKCON        equ	16278	;# 
  1456   003F96                     T6CLK           equ	16278	;# 
  1457   003F97                     T6RST           equ	16279	;# 
  1458   003F98                     TMR5            equ	16280	;# 
  1459   003F98                     TMR5L           equ	16280	;# 
  1460   003F99                     TMR5H           equ	16281	;# 
  1461   003F9A                     T5CON           equ	16282	;# 
  1462   003F9A                     TMR5CON         equ	16282	;# 
  1463   003F9B                     T5GCON          equ	16283	;# 
  1464   003F9B                     TMR5GCON        equ	16283	;# 
  1465   003F9C                     T5GATE          equ	16284	;# 
  1466   003F9C                     TMR5GATE        equ	16284	;# 
  1467   003F9D                     T5CLK           equ	16285	;# 
  1468   003F9D                     TMR5CLK         equ	16285	;# 
  1469   003F9D                     PR5             equ	16285	;# 
  1470   003F9E                     T4TMR           equ	16286	;# 
  1471   003F9E                     TMR4            equ	16286	;# 
  1472   003F9F                     T4PR            equ	16287	;# 
  1473   003F9F                     PR4             equ	16287	;# 
  1474   003FA0                     T4CON           equ	16288	;# 
  1475   003FA1                     T4HLT           equ	16289	;# 
  1476   003FA2                     T4CLKCON        equ	16290	;# 
  1477   003FA2                     T4CLK           equ	16290	;# 
  1478   003FA3                     T4RST           equ	16291	;# 
  1479   003FA4                     TMR3            equ	16292	;# 
  1480   003FA4                     TMR3L           equ	16292	;# 
  1481   003FA5                     TMR3H           equ	16293	;# 
  1482   003FA6                     T3CON           equ	16294	;# 
  1483   003FA6                     TMR3CON         equ	16294	;# 
  1484   003FA7                     T3GCON          equ	16295	;# 
  1485   003FA7                     TMR3GCON        equ	16295	;# 
  1486   003FA8                     T3GATE          equ	16296	;# 
  1487   003FA8                     TMR3GATE        equ	16296	;# 
  1488   003FA9                     T3CLK           equ	16297	;# 
  1489   003FA9                     TMR3CLK         equ	16297	;# 
  1490   003FA9                     PR3             equ	16297	;# 
  1491   003FAA                     T2TMR           equ	16298	;# 
  1492   003FAA                     TMR2            equ	16298	;# 
  1493   003FAB                     T2PR            equ	16299	;# 
  1494   003FAB                     PR2             equ	16299	;# 
  1495   003FAC                     T2CON           equ	16300	;# 
  1496   003FAD                     T2HLT           equ	16301	;# 
  1497   003FAE                     T2CLKCON        equ	16302	;# 
  1498   003FAE                     T2CLK           equ	16302	;# 
  1499   003FAF                     T2RST           equ	16303	;# 
  1500   003FB0                     TMR1            equ	16304	;# 
  1501   003FB0                     TMR1L           equ	16304	;# 
  1502   003FB1                     TMR1H           equ	16305	;# 
  1503   003FB2                     T1CON           equ	16306	;# 
  1504   003FB2                     TMR1CON         equ	16306	;# 
  1505   003FB3                     T1GCON          equ	16307	;# 
  1506   003FB3                     TMR1GCON        equ	16307	;# 
  1507   003FB4                     T1GATE          equ	16308	;# 
  1508   003FB4                     TMR1GATE        equ	16308	;# 
  1509   003FB5                     T1CLK           equ	16309	;# 
  1510   003FB5                     TMR1CLK         equ	16309	;# 
  1511   003FB5                     PR1             equ	16309	;# 
  1512   003FB6                     TMR0L           equ	16310	;# 
  1513   003FB6                     TMR0            equ	16310	;# 
  1514   003FB7                     TMR0H           equ	16311	;# 
  1515   003FB7                     PR0             equ	16311	;# 
  1516   003FB8                     T0CON0          equ	16312	;# 
  1517   003FB9                     T0CON1          equ	16313	;# 
  1518   003FBA                     LATA            equ	16314	;# 
  1519   003FBB                     LATB            equ	16315	;# 
  1520   003FBC                     LATC            equ	16316	;# 
  1521   003FBD                     LATD            equ	16317	;# 
  1522   003FBE                     LATE            equ	16318	;# 
  1523   003FC2                     TRISA           equ	16322	;# 
  1524   003FC3                     TRISB           equ	16323	;# 
  1525   003FC4                     TRISC           equ	16324	;# 
  1526   003FC5                     TRISD           equ	16325	;# 
  1527   003FC6                     TRISE           equ	16326	;# 
  1528   003FCA                     PORTA           equ	16330	;# 
  1529   003FCB                     PORTB           equ	16331	;# 
  1530   003FCC                     PORTC           equ	16332	;# 
  1531   003FCD                     PORTD           equ	16333	;# 
  1532   003FCE                     PORTE           equ	16334	;# 
  1533   003FD2                     INTCON0         equ	16338	;# 
  1534   003FD3                     INTCON1         equ	16339	;# 
  1535   003FD4                     IVTLOCK         equ	16340	;# 
  1536   003FD5                     IVTBASE         equ	16341	;# 
  1537   003FD5                     IVTBASEL        equ	16341	;# 
  1538   003FD6                     IVTBASEH        equ	16342	;# 
  1539   003FD7                     IVTBASEU        equ	16343	;# 
  1540   003FD8                     STATUS          equ	16344	;# 
  1541   003FD9                     FSR2            equ	16345	;# 
  1542   003FD9                     FSR2L           equ	16345	;# 
  1543   003FDA                     FSR2H           equ	16346	;# 
  1544   003FDB                     PLUSW2          equ	16347	;# 
  1545   003FDC                     PREINC2         equ	16348	;# 
  1546   003FDD                     POSTDEC2        equ	16349	;# 
  1547   003FDE                     POSTINC2        equ	16350	;# 
  1548   003FDF                     INDF2           equ	16351	;# 
  1549   003FE0                     BSR             equ	16352	;# 
  1550   003FE1                     FSR1            equ	16353	;# 
  1551   003FE1                     FSR1L           equ	16353	;# 
  1552   003FE2                     FSR1H           equ	16354	;# 
  1553   003FE3                     PLUSW1          equ	16355	;# 
  1554   003FE4                     PREINC1         equ	16356	;# 
  1555   003FE5                     POSTDEC1        equ	16357	;# 
  1556   003FE6                     POSTINC1        equ	16358	;# 
  1557   003FE7                     INDF1           equ	16359	;# 
  1558   003FE8                     WREG            equ	16360	;# 
  1559   003FE9                     FSR0            equ	16361	;# 
  1560   003FE9                     FSR0L           equ	16361	;# 
  1561   003FEA                     FSR0H           equ	16362	;# 
  1562   003FEB                     PLUSW0          equ	16363	;# 
  1563   003FEC                     PREINC0         equ	16364	;# 
  1564   003FED                     POSTDEC0        equ	16365	;# 
  1565   003FEE                     POSTINC0        equ	16366	;# 
  1566   003FEF                     INDF0           equ	16367	;# 
  1567   003FF0                     PCON0           equ	16368	;# 
  1568   003FF1                     PCON1           equ	16369	;# 
  1569   003FF3                     PROD            equ	16371	;# 
  1570   003FF3                     PRODL           equ	16371	;# 
  1571   003FF4                     PRODH           equ	16372	;# 
  1572   003FF5                     TABLAT          equ	16373	;# 
  1573   003FF6                     TBLPTR          equ	16374	;# 
  1574   003FF6                     TBLPTRL         equ	16374	;# 
  1575   003FF7                     TBLPTRH         equ	16375	;# 
  1576   003FF8                     TBLPTRU         equ	16376	;# 
  1577   003FF9                     PCLAT           equ	16377	;# 
  1578   003FF9                     PCL             equ	16377	;# 
  1579   003FFA                     PCLATH          equ	16378	;# 
  1580   003FFB                     PCLATU          equ	16379	;# 
  1581   003FFC                     STKPTR          equ	16380	;# 
  1582   003FFD                     TOS             equ	16381	;# 
  1583   003FFD                     TOSL            equ	16381	;# 
  1584   003FFE                     TOSH            equ	16382	;# 
  1585   003FFF                     TOSU            equ	16383	;# 
  1586   003880                     STATUS_CSHAD    equ	14464	;# 
  1587   003881                     WREG_CSHAD      equ	14465	;# 
  1588   003882                     BSR_CSHAD       equ	14466	;# 
  1589   003883                     SHADCON         equ	14467	;# 
  1590   003884                     STATUS_SHAD     equ	14468	;# 
  1591   003885                     WREG_SHAD       equ	14469	;# 
  1592   003886                     BSR_SHAD        equ	14470	;# 
  1593   003887                     PCLATH_SHAD     equ	14471	;# 
  1594   003888                     PCLATU_SHAD     equ	14472	;# 
  1595   003889                     FSR0SH          equ	14473	;# 
  1596   003889                     FSR0L_SHAD      equ	14473	;# 
  1597   00388A                     FSR0H_SHAD      equ	14474	;# 
  1598   00388B                     FSR1SH          equ	14475	;# 
  1599   00388B                     FSR1L_SHAD      equ	14475	;# 
  1600   00388C                     FSR1H_SHAD      equ	14476	;# 
  1601   00388D                     FSR2SH          equ	14477	;# 
  1602   00388D                     FSR2L_SHAD      equ	14477	;# 
  1603   00388E                     FSR2H_SHAD      equ	14478	;# 
  1604   00388F                     PRODSH          equ	14479	;# 
  1605   00388F                     PRODL_SHAD      equ	14479	;# 
  1606   003890                     PRODH_SHAD      equ	14480	;# 
  1607   00389D                     IVTADL          equ	14493	;# 
  1608   00389E                     IVTADH          equ	14494	;# 
  1609   00389F                     IVTADU          equ	14495	;# 
  1610   00395B                     WDTCON0         equ	14683	;# 
  1611   00395C                     WDTCON1         equ	14684	;# 
  1612   00395D                     WDTPSL          equ	14685	;# 
  1613   00395E                     WDTPSH          equ	14686	;# 
  1614   00395F                     WDTTMR          equ	14687	;# 
  1615   003960                     CRCDATA         equ	14688	;# 
  1616   003960                     CRCDATL         equ	14688	;# 
  1617   003961                     CRCDATH         equ	14689	;# 
  1618   003962                     CRCACC          equ	14690	;# 
  1619   003962                     CRCACCL         equ	14690	;# 
  1620   003963                     CRCACCH         equ	14691	;# 
  1621   003964                     CRCSHFT         equ	14692	;# 
  1622   003964                     CRCSHIFTL       equ	14692	;# 
  1623   003965                     CRCSHIFTH       equ	14693	;# 
  1624   003966                     CRCXOR          equ	14694	;# 
  1625   003966                     CRCXORL         equ	14694	;# 
  1626   003967                     CRCXORH         equ	14695	;# 
  1627   003968                     CRCCON0         equ	14696	;# 
  1628   003969                     CRCCON1         equ	14697	;# 
  1629   003976                     SCANLADR        equ	14710	;# 
  1630   003976                     SCANLADRL       equ	14710	;# 
  1631   003977                     SCANLADRH       equ	14711	;# 
  1632   003978                     SCANLADRU       equ	14712	;# 
  1633   003979                     SCANHADR        equ	14713	;# 
  1634   003979                     SCANHADRL       equ	14713	;# 
  1635   00397A                     SCANHADRH       equ	14714	;# 
  1636   00397B                     SCANHADRU       equ	14715	;# 
  1637   00397C                     SCANCON0        equ	14716	;# 
  1638   00397D                     SCANTRIG        equ	14717	;# 
  1639   003980                     IPR0            equ	14720	;# 
  1640   003981                     IPR1            equ	14721	;# 
  1641   003982                     IPR2            equ	14722	;# 
  1642   003983                     IPR3            equ	14723	;# 
  1643   003984                     IPR4            equ	14724	;# 
  1644   003985                     IPR5            equ	14725	;# 
  1645   003986                     IPR6            equ	14726	;# 
  1646   003987                     IPR7            equ	14727	;# 
  1647   003988                     IPR8            equ	14728	;# 
  1648   003989                     IPR9            equ	14729	;# 
  1649   00398A                     IPR10           equ	14730	;# 
  1650   003990                     PIE0            equ	14736	;# 
  1651   003991                     PIE1            equ	14737	;# 
  1652   003992                     PIE2            equ	14738	;# 
  1653   003993                     PIE3            equ	14739	;# 
  1654   003994                     PIE4            equ	14740	;# 
  1655   003995                     PIE5            equ	14741	;# 
  1656   003996                     PIE6            equ	14742	;# 
  1657   003997                     PIE7            equ	14743	;# 
  1658   003998                     PIE8            equ	14744	;# 
  1659   003999                     PIE9            equ	14745	;# 
  1660   00399A                     PIE10           equ	14746	;# 
  1661   0039A0                     PIR0            equ	14752	;# 
  1662   0039A1                     PIR1            equ	14753	;# 
  1663   0039A2                     PIR2            equ	14754	;# 
  1664   0039A3                     PIR3            equ	14755	;# 
  1665   0039A4                     PIR4            equ	14756	;# 
  1666   0039A5                     PIR5            equ	14757	;# 
  1667   0039A6                     PIR6            equ	14758	;# 
  1668   0039A7                     PIR7            equ	14759	;# 
  1669   0039A8                     PIR8            equ	14760	;# 
  1670   0039A9                     PIR9            equ	14761	;# 
  1671   0039AA                     PIR10           equ	14762	;# 
  1672   0039C0                     PMD0            equ	14784	;# 
  1673   0039C1                     PMD1            equ	14785	;# 
  1674   0039C2                     PMD2            equ	14786	;# 
  1675   0039C3                     PMD3            equ	14787	;# 
  1676   0039C4                     PMD4            equ	14788	;# 
  1677   0039C5                     PMD5            equ	14789	;# 
  1678   0039C6                     PMD6            equ	14790	;# 
  1679   0039C7                     PMD7            equ	14791	;# 
  1680   0039D0                     BORCON          equ	14800	;# 
  1681   0039D1                     VREGCON         equ	14801	;# 
  1682   0039D8                     CPUDOZE         equ	14808	;# 
  1683   0039D9                     OSCCON1         equ	14809	;# 
  1684   0039DA                     OSCCON2         equ	14810	;# 
  1685   0039DB                     OSCCON3         equ	14811	;# 
  1686   0039DC                     OSCSTAT         equ	14812	;# 
  1687   0039DC                     OSCSTAT1        equ	14812	;# 
  1688   0039DD                     OSCEN           equ	14813	;# 
  1689   0039DE                     OSCTUNE         equ	14814	;# 
  1690   0039DF                     OSCFRQ          equ	14815	;# 
  1691   0039E0                     NVMADRL         equ	14816	;# 
  1692   0039E1                     NVMADRH         equ	14817	;# 
  1693   0039E3                     NVMDAT          equ	14819	;# 
  1694   0039E5                     NVMCON1         equ	14821	;# 
  1695   0039E6                     NVMCON2         equ	14822	;# 
  1696   0039EF                     PRLOCK          equ	14831	;# 
  1697   0039F1                     ISRPR           equ	14833	;# 
  1698   0039F2                     MAINPR          equ	14834	;# 
  1699   0039F3                     DMA1PR          equ	14835	;# 
  1700   0039F4                     DMA2PR          equ	14836	;# 
  1701   0039F7                     SCANPR          equ	14839	;# 
  1702   003A00                     RA0PPS          equ	14848	;# 
  1703   003A01                     RA1PPS          equ	14849	;# 
  1704   003A02                     RA2PPS          equ	14850	;# 
  1705   003A03                     RA3PPS          equ	14851	;# 
  1706   003A04                     RA4PPS          equ	14852	;# 
  1707   003A05                     RA5PPS          equ	14853	;# 
  1708   003A06                     RA6PPS          equ	14854	;# 
  1709   003A07                     RA7PPS          equ	14855	;# 
  1710   003A08                     RB0PPS          equ	14856	;# 
  1711   003A09                     RB1PPS          equ	14857	;# 
  1712   003A0A                     RB2PPS          equ	14858	;# 
  1713   003A0B                     RB3PPS          equ	14859	;# 
  1714   003A0C                     RB4PPS          equ	14860	;# 
  1715   003A0D                     RB5PPS          equ	14861	;# 
  1716   003A0E                     RB6PPS          equ	14862	;# 
  1717   003A0F                     RB7PPS          equ	14863	;# 
  1718   003A10                     RC0PPS          equ	14864	;# 
  1719   003A11                     RC1PPS          equ	14865	;# 
  1720   003A12                     RC2PPS          equ	14866	;# 
  1721   003A13                     RC3PPS          equ	14867	;# 
  1722   003A14                     RC4PPS          equ	14868	;# 
  1723   003A15                     RC5PPS          equ	14869	;# 
  1724   003A16                     RC6PPS          equ	14870	;# 
  1725   003A17                     RC7PPS          equ	14871	;# 
  1726   003A18                     RD0PPS          equ	14872	;# 
  1727   003A19                     RD1PPS          equ	14873	;# 
  1728   003A1A                     RD2PPS          equ	14874	;# 
  1729   003A1B                     RD3PPS          equ	14875	;# 
  1730   003A1C                     RD4PPS          equ	14876	;# 
  1731   003A1D                     RD5PPS          equ	14877	;# 
  1732   003A1E                     RD6PPS          equ	14878	;# 
  1733   003A1F                     RD7PPS          equ	14879	;# 
  1734   003A20                     RE0PPS          equ	14880	;# 
  1735   003A21                     RE1PPS          equ	14881	;# 
  1736   003A22                     RE2PPS          equ	14882	;# 
  1737   003A40                     ANSELA          equ	14912	;# 
  1738   003A41                     WPUA            equ	14913	;# 
  1739   003A42                     ODCONA          equ	14914	;# 
  1740   003A43                     SLRCONA         equ	14915	;# 
  1741   003A44                     INLVLA          equ	14916	;# 
  1742   003A45                     IOCAP           equ	14917	;# 
  1743   003A46                     IOCAN           equ	14918	;# 
  1744   003A47                     IOCAF           equ	14919	;# 
  1745   003A50                     ANSELB          equ	14928	;# 
  1746   003A51                     WPUB            equ	14929	;# 
  1747   003A52                     ODCONB          equ	14930	;# 
  1748   003A53                     SLRCONB         equ	14931	;# 
  1749   003A54                     INLVLB          equ	14932	;# 
  1750   003A55                     IOCBP           equ	14933	;# 
  1751   003A56                     IOCBN           equ	14934	;# 
  1752   003A57                     IOCBF           equ	14935	;# 
  1753   003A5A                     RB1I2C          equ	14938	;# 
  1754   003A5B                     RB2I2C          equ	14939	;# 
  1755   003A60                     ANSELC          equ	14944	;# 
  1756   003A61                     WPUC            equ	14945	;# 
  1757   003A62                     ODCONC          equ	14946	;# 
  1758   003A63                     SLRCONC         equ	14947	;# 
  1759   003A64                     INLVLC          equ	14948	;# 
  1760   003A65                     IOCCP           equ	14949	;# 
  1761   003A66                     IOCCN           equ	14950	;# 
  1762   003A67                     IOCCF           equ	14951	;# 
  1763   003A6A                     RC3I2C          equ	14954	;# 
  1764   003A6B                     RC4I2C          equ	14955	;# 
  1765   003A70                     ANSELD          equ	14960	;# 
  1766   003A71                     WPUD            equ	14961	;# 
  1767   003A72                     ODCOND          equ	14962	;# 
  1768   003A73                     SLRCOND         equ	14963	;# 
  1769   003A74                     INLVLD          equ	14964	;# 
  1770   003A7A                     RD0I2C          equ	14970	;# 
  1771   003A7B                     RD1I2C          equ	14971	;# 
  1772   003A80                     ANSELE          equ	14976	;# 
  1773   003A81                     WPUE            equ	14977	;# 
  1774   003A82                     ODCONE          equ	14978	;# 
  1775   003A83                     SLRCONE         equ	14979	;# 
  1776   003A84                     INLVLE          equ	14980	;# 
  1777   003A85                     IOCEP           equ	14981	;# 
  1778   003A86                     IOCEN           equ	14982	;# 
  1779   003A87                     IOCEF           equ	14983	;# 
  1780   003ABF                     PPSLOCK         equ	15039	;# 
  1781   003AC0                     INT0PPS         equ	15040	;# 
  1782   003AC1                     INT1PPS         equ	15041	;# 
  1783   003AC2                     INT2PPS         equ	15042	;# 
  1784   003AC3                     T0CKIPPS        equ	15043	;# 
  1785   003AC4                     T1CKIPPS        equ	15044	;# 
  1786   003AC5                     T1GPPS          equ	15045	;# 
  1787   003AC6                     T3CKIPPS        equ	15046	;# 
  1788   003AC7                     T3GPPS          equ	15047	;# 
  1789   003AC8                     T5CKIPPS        equ	15048	;# 
  1790   003AC9                     T5GPPS          equ	15049	;# 
  1791   003ACA                     T2INPPS         equ	15050	;# 
  1792   003ACB                     T4INPPS         equ	15051	;# 
  1793   003ACC                     T6INPPS         equ	15052	;# 
  1794   003ACD                     CCP1PPS         equ	15053	;# 
  1795   003ACE                     CCP2PPS         equ	15054	;# 
  1796   003ACF                     CCP3PPS         equ	15055	;# 
  1797   003AD0                     CCP4PPS         equ	15056	;# 
  1798   003AD1                     SMT1WINPPS      equ	15057	;# 
  1799   003AD2                     SMT1SIGPPS      equ	15058	;# 
  1800   003AD3                     CWG1INPPS       equ	15059	;# 
  1801   003AD4                     CWG2INPPS       equ	15060	;# 
  1802   003AD5                     CWG3INPPS       equ	15061	;# 
  1803   003AD6                     MD1CARLPPS      equ	15062	;# 
  1804   003AD7                     MD1CARHPPS      equ	15063	;# 
  1805   003AD8                     MD1SRCPPS       equ	15064	;# 
  1806   003AD9                     CLCIN0PPS       equ	15065	;# 
  1807   003ADA                     CLCIN1PPS       equ	15066	;# 
  1808   003ADB                     CLCIN2PPS       equ	15067	;# 
  1809   003ADC                     CLCIN3PPS       equ	15068	;# 
  1810   003ADD                     ADACTPPS        equ	15069	;# 
  1811   003ADE                     SPI1SCKPPS      equ	15070	;# 
  1812   003ADF                     SPI1SDIPPS      equ	15071	;# 
  1813   003AE0                     SPI1SSPPS       equ	15072	;# 
  1814   003AE1                     I2C1SCLPPS      equ	15073	;# 
  1815   003AE2                     I2C1SDAPPS      equ	15074	;# 
  1816   003AE3                     I2C2SCLPPS      equ	15075	;# 
  1817   003AE4                     I2C2SDAPPS      equ	15076	;# 
  1818   003AE5                     U1RXPPS         equ	15077	;# 
  1819   003AE6                     U1CTSPPS        equ	15078	;# 
  1820   003AE8                     U2RXPPS         equ	15080	;# 
  1821   003AE9                     U2CTSPPS        equ	15081	;# 
  1822   003BC9                     DMA2BUF         equ	15305	;# 
  1823   003BCA                     DMA2DCNT        equ	15306	;# 
  1824   003BCA                     DMA2DCNTL       equ	15306	;# 
  1825   003BCB                     DMA2DCNTH       equ	15307	;# 
  1826   003BCC                     DMA2DPTR        equ	15308	;# 
  1827   003BCC                     DMA2DPTRL       equ	15308	;# 
  1828   003BCD                     DMA2DPTRH       equ	15309	;# 
  1829   003BCE                     DMA2DSZ         equ	15310	;# 
  1830   003BCE                     DMA2DSZL        equ	15310	;# 
  1831   003BCF                     DMA2DSZH        equ	15311	;# 
  1832   003BD0                     DMA2DSA         equ	15312	;# 
  1833   003BD0                     DMA2DSAL        equ	15312	;# 
  1834   003BD1                     DMA2DSAH        equ	15313	;# 
  1835   003BD2                     DMA2SCNT        equ	15314	;# 
  1836   003BD2                     DMA2SCNTL       equ	15314	;# 
  1837   003BD3                     DMA2SCNTH       equ	15315	;# 
  1838   003BD4                     DMA2SPTR        equ	15316	;# 
  1839   003BD4                     DMA2SPTRL       equ	15316	;# 
  1840   003BD5                     DMA2SPTRH       equ	15317	;# 
  1841   003BD6                     DMA2SPTRU       equ	15318	;# 
  1842   003BD7                     DMA2SSZ         equ	15319	;# 
  1843   003BD7                     DMA2SSZL        equ	15319	;# 
  1844   003BD8                     DMA2SSZH        equ	15320	;# 
  1845   003BD9                     DMA2SSA         equ	15321	;# 
  1846   003BD9                     DMA2SSAL        equ	15321	;# 
  1847   003BDA                     DMA2SSAH        equ	15322	;# 
  1848   003BDB                     DMA2SSAU        equ	15323	;# 
  1849   003BDC                     DMA2CON0        equ	15324	;# 
  1850   003BDD                     DMA2CON1        equ	15325	;# 
  1851   003BDE                     DMA2AIRQ        equ	15326	;# 
  1852   003BDF                     DMA2SIRQ        equ	15327	;# 
  1853   003BE9                     DMA1BUF         equ	15337	;# 
  1854   003BEA                     DMA1DCNT        equ	15338	;# 
  1855   003BEA                     DMA1DCNTL       equ	15338	;# 
  1856   003BEB                     DMA1DCNTH       equ	15339	;# 
  1857   003BEC                     DMA1DPTR        equ	15340	;# 
  1858   003BEC                     DMA1DPTRL       equ	15340	;# 
  1859   003BED                     DMA1DPTRH       equ	15341	;# 
  1860   003BEE                     DMA1DSZ         equ	15342	;# 
  1861   003BEE                     DMA1DSZL        equ	15342	;# 
  1862   003BEF                     DMA1DSZH        equ	15343	;# 
  1863   003BF0                     DMA1DSA         equ	15344	;# 
  1864   003BF0                     DMA1DSAL        equ	15344	;# 
  1865   003BF1                     DMA1DSAH        equ	15345	;# 
  1866   003BF2                     DMA1SCNT        equ	15346	;# 
  1867   003BF2                     DMA1SCNTL       equ	15346	;# 
  1868   003BF3                     DMA1SCNTH       equ	15347	;# 
  1869   003BF4                     DMA1SPTR        equ	15348	;# 
  1870   003BF4                     DMA1SPTRL       equ	15348	;# 
  1871   003BF5                     DMA1SPTRH       equ	15349	;# 
  1872   003BF6                     DMA1SPTRU       equ	15350	;# 
  1873   003BF7                     DMA1SSZ         equ	15351	;# 
  1874   003BF7                     DMA1SSZL        equ	15351	;# 
  1875   003BF8                     DMA1SSZH        equ	15352	;# 
  1876   003BF9                     DMA1SSA         equ	15353	;# 
  1877   003BF9                     DMA1SSAL        equ	15353	;# 
  1878   003BFA                     DMA1SSAH        equ	15354	;# 
  1879   003BFB                     DMA1SSAU        equ	15355	;# 
  1880   003BFC                     DMA1CON0        equ	15356	;# 
  1881   003BFD                     DMA1CON1        equ	15357	;# 
  1882   003BFE                     DMA1AIRQ        equ	15358	;# 
  1883   003BFF                     DMA1SIRQ        equ	15359	;# 
  1884   003C56                     CLC4CON         equ	15446	;# 
  1885   003C57                     CLC4POL         equ	15447	;# 
  1886   003C58                     CLC4SEL0        equ	15448	;# 
  1887   003C59                     CLC4SEL1        equ	15449	;# 
  1888   003C5A                     CLC4SEL2        equ	15450	;# 
  1889   003C5B                     CLC4SEL3        equ	15451	;# 
  1890   003C5C                     CLC4GLS0        equ	15452	;# 
  1891   003C5D                     CLC4GLS1        equ	15453	;# 
  1892   003C5E                     CLC4GLS2        equ	15454	;# 
  1893   003C5F                     CLC4GLS3        equ	15455	;# 
  1894   003C60                     CLC3CON         equ	15456	;# 
  1895   003C61                     CLC3POL         equ	15457	;# 
  1896   003C62                     CLC3SEL0        equ	15458	;# 
  1897   003C63                     CLC3SEL1        equ	15459	;# 
  1898   003C64                     CLC3SEL2        equ	15460	;# 
  1899   003C65                     CLC3SEL3        equ	15461	;# 
  1900   003C66                     CLC3GLS0        equ	15462	;# 
  1901   003C67                     CLC3GLS1        equ	15463	;# 
  1902   003C68                     CLC3GLS2        equ	15464	;# 
  1903   003C69                     CLC3GLS3        equ	15465	;# 
  1904   003C6A                     CLC2CON         equ	15466	;# 
  1905   003C6B                     CLC2POL         equ	15467	;# 
  1906   003C6C                     CLC2SEL0        equ	15468	;# 
  1907   003C6D                     CLC2SEL1        equ	15469	;# 
  1908   003C6E                     CLC2SEL2        equ	15470	;# 
  1909   003C6F                     CLC2SEL3        equ	15471	;# 
  1910   003C70                     CLC2GLS0        equ	15472	;# 
  1911   003C71                     CLC2GLS1        equ	15473	;# 
  1912   003C72                     CLC2GLS2        equ	15474	;# 
  1913   003C73                     CLC2GLS3        equ	15475	;# 
  1914   003C74                     CLC1CON         equ	15476	;# 
  1915   003C75                     CLC1POL         equ	15477	;# 
  1916   003C76                     CLC1SEL0        equ	15478	;# 
  1917   003C77                     CLC1SEL1        equ	15479	;# 
  1918   003C78                     CLC1SEL2        equ	15480	;# 
  1919   003C79                     CLC1SEL3        equ	15481	;# 
  1920   003C7A                     CLC1GLS0        equ	15482	;# 
  1921   003C7B                     CLC1GLS1        equ	15483	;# 
  1922   003C7C                     CLC1GLS2        equ	15484	;# 
  1923   003C7D                     CLC1GLS3        equ	15485	;# 
  1924   003C7E                     CLCDATA0        equ	15486	;# 
  1925   003CE5                     CLKRCON         equ	15589	;# 
  1926   003CE6                     CLKRCLK         equ	15590	;# 
  1927   003CFA                     MD1CON0         equ	15610	;# 
  1928   003CFB                     MD1CON1         equ	15611	;# 
  1929   003CFC                     MD1SRC          equ	15612	;# 
  1930   003CFD                     MD1CARL         equ	15613	;# 
  1931   003CFE                     MD1CARH         equ	15614	;# 
  1932   003D10                     SPI1RXB         equ	15632	;# 
  1933   003D11                     SPI1TXB         equ	15633	;# 
  1934   003D12                     SPI1TCNT        equ	15634	;# 
  1935   003D12                     SPI1TCNTL       equ	15634	;# 
  1936   003D13                     SPI1TCNTH       equ	15635	;# 
  1937   003D14                     SPI1CON0        equ	15636	;# 
  1938   003D15                     SPI1CON1        equ	15637	;# 
  1939   003D16                     SPI1CON2        equ	15638	;# 
  1940   003D17                     SPI1STATUS      equ	15639	;# 
  1941   003D18                     SPI1TWIDTH      equ	15640	;# 
  1942   003D19                     SPI1BAUD        equ	15641	;# 
  1943   003D1A                     SPI1INTF        equ	15642	;# 
  1944   003D1B                     SPI1INTE        equ	15643	;# 
  1945   003D1C                     SPI1CLK         equ	15644	;# 
  1946   003D54                     I2C2RXB         equ	15700	;# 
  1947   003D55                     I2C2TXB         equ	15701	;# 
  1948   003D56                     I2C2CNT         equ	15702	;# 
  1949   003D57                     I2C2ADB0        equ	15703	;# 
  1950   003D58                     I2C2ADB1        equ	15704	;# 
  1951   003D59                     I2C2ADR0        equ	15705	;# 
  1952   003D5A                     I2C2ADR1        equ	15706	;# 
  1953   003D5B                     I2C2ADR2        equ	15707	;# 
  1954   003D5C                     I2C2ADR3        equ	15708	;# 
  1955   003D5D                     I2C2CON0        equ	15709	;# 
  1956   003D5E                     I2C2CON1        equ	15710	;# 
  1957   003D5F                     I2C2CON2        equ	15711	;# 
  1958   003D60                     I2C2ERR         equ	15712	;# 
  1959   003D61                     I2C2STAT0       equ	15713	;# 
  1960   003D62                     I2C2STAT1       equ	15714	;# 
  1961   003D63                     I2C2PIR         equ	15715	;# 
  1962   003D64                     I2C2PIE         equ	15716	;# 
  1963   003D65                     I2C2CLK         equ	15717	;# 
  1964   003D66                     I2C2BTO         equ	15718	;# 
  1965   003D6A                     I2C1RXB         equ	15722	;# 
  1966   003D6B                     I2C1TXB         equ	15723	;# 
  1967   003D6C                     I2C1CNT         equ	15724	;# 
  1968   003D6D                     I2C1ADB0        equ	15725	;# 
  1969   003D6E                     I2C1ADB1        equ	15726	;# 
  1970   003D6F                     I2C1ADR0        equ	15727	;# 
  1971   003D70                     I2C1ADR1        equ	15728	;# 
  1972   003D71                     I2C1ADR2        equ	15729	;# 
  1973   003D72                     I2C1ADR3        equ	15730	;# 
  1974   003D73                     I2C1CON0        equ	15731	;# 
  1975   003D74                     I2C1CON1        equ	15732	;# 
  1976   003D75                     I2C1CON2        equ	15733	;# 
  1977   003D76                     I2C1ERR         equ	15734	;# 
  1978   003D77                     I2C1STAT0       equ	15735	;# 
  1979   003D78                     I2C1STAT1       equ	15736	;# 
  1980   003D79                     I2C1PIR         equ	15737	;# 
  1981   003D7A                     I2C1PIE         equ	15738	;# 
  1982   003D7B                     I2C1CLK         equ	15739	;# 
  1983   003D7C                     I2C1BTO         equ	15740	;# 
  1984   003DD0                     U2RXB           equ	15824	;# 
  1985   003DD0                     U2RXBL          equ	15824	;# 
  1986   003DD2                     U2TXB           equ	15826	;# 
  1987   003DD2                     U2TXBL          equ	15826	;# 
  1988   003DD4                     U2P1            equ	15828	;# 
  1989   003DD4                     U2P1L           equ	15828	;# 
  1990   003DD6                     U2P2            equ	15830	;# 
  1991   003DD6                     U2P2L           equ	15830	;# 
  1992   003DD8                     U2P3            equ	15832	;# 
  1993   003DD8                     U2P3L           equ	15832	;# 
  1994   003DDA                     U2CON0          equ	15834	;# 
  1995   003DDB                     U2CON1          equ	15835	;# 
  1996   003DDC                     U2CON2          equ	15836	;# 
  1997   003DDD                     U2BRG           equ	15837	;# 
  1998   003DDD                     U2BRGL          equ	15837	;# 
  1999   003DDE                     U2BRGH          equ	15838	;# 
  2000   003DDF                     U2FIFO          equ	15839	;# 
  2001   003DE0                     U2UIR           equ	15840	;# 
  2002   003DE1                     U2ERRIR         equ	15841	;# 
  2003   003DE2                     U2ERRIE         equ	15842	;# 
  2004   003DE8                     U1RXB           equ	15848	;# 
  2005   003DE8                     U1RXBL          equ	15848	;# 
  2006   003DE9                     U1RXCHK         equ	15849	;# 
  2007   003DEA                     U1TXB           equ	15850	;# 
  2008   003DEA                     U1TXBL          equ	15850	;# 
  2009   003DEB                     U1TXCHK         equ	15851	;# 
  2010   003DEC                     U1P1            equ	15852	;# 
  2011   003DEC                     U1P1L           equ	15852	;# 
  2012   003DED                     U1P1H           equ	15853	;# 
  2013   003DEE                     U1P2            equ	15854	;# 
  2014   003DEE                     U1P2L           equ	15854	;# 
  2015   003DEF                     U1P2H           equ	15855	;# 
  2016   003DF0                     U1P3            equ	15856	;# 
  2017   003DF0                     U1P3L           equ	15856	;# 
  2018   003DF1                     U1P3H           equ	15857	;# 
  2019   003DF2                     U1CON0          equ	15858	;# 
  2020   003DF3                     U1CON1          equ	15859	;# 
  2021   003DF4                     U1CON2          equ	15860	;# 
  2022   003DF5                     U1BRG           equ	15861	;# 
  2023   003DF5                     U1BRGL          equ	15861	;# 
  2024   003DF6                     U1BRGH          equ	15862	;# 
  2025   003DF7                     U1FIFO          equ	15863	;# 
  2026   003DF8                     U1UIR           equ	15864	;# 
  2027   003DF9                     U1ERRIR         equ	15865	;# 
  2028   003DFA                     U1ERRIE         equ	15866	;# 
  2029   003E9C                     DAC1CON1        equ	16028	;# 
  2030   003E9E                     DAC1CON0        equ	16030	;# 
  2031   003EB8                     CM2CON0         equ	16056	;# 
  2032   003EB9                     CM2CON1         equ	16057	;# 
  2033   003EBA                     CM2NCH          equ	16058	;# 
  2034   003EBB                     CM2PCH          equ	16059	;# 
  2035   003EBC                     CM1CON0         equ	16060	;# 
  2036   003EBD                     CM1CON1         equ	16061	;# 
  2037   003EBE                     CM1NCH          equ	16062	;# 
  2038   003EBF                     CM1PCH          equ	16063	;# 
  2039   003EC0                     CMOUT           equ	16064	;# 
  2040   003EC1                     FVRCON          equ	16065	;# 
  2041   003EC3                     ZCDCON          equ	16067	;# 
  2042   003EC9                     HLVDCON0        equ	16073	;# 
  2043   003ECA                     HLVDCON1        equ	16074	;# 
  2044   003ED7                     ADCP            equ	16087	;# 
  2045   003EDE                     ADLTH           equ	16094	;# 
  2046   003EDE                     ADLTHL          equ	16094	;# 
  2047   003EDF                     ADLTHH          equ	16095	;# 
  2048   003EE0                     ADUTH           equ	16096	;# 
  2049   003EE0                     ADUTHL          equ	16096	;# 
  2050   003EE1                     ADUTHH          equ	16097	;# 
  2051   003EE2                     ADERR           equ	16098	;# 
  2052   003EE2                     ADERRL          equ	16098	;# 
  2053   003EE3                     ADERRH          equ	16099	;# 
  2054   003EE4                     ADSTPT          equ	16100	;# 
  2055   003EE4                     ADSTPTL         equ	16100	;# 
  2056   003EE5                     ADSTPTH         equ	16101	;# 
  2057   003EE6                     ADFLTR          equ	16102	;# 
  2058   003EE6                     ADFLTRL         equ	16102	;# 
  2059   003EE7                     ADFLTRH         equ	16103	;# 
  2060   003EE8                     ADACC           equ	16104	;# 
  2061   003EE8                     ADACCL          equ	16104	;# 
  2062   003EE9                     ADACCH          equ	16105	;# 
  2063   003EEA                     ADACCU          equ	16106	;# 
  2064   003EEB                     ADCNT           equ	16107	;# 
  2065   003EEC                     ADRPT           equ	16108	;# 
  2066   003EED                     ADPREV          equ	16109	;# 
  2067   003EED                     ADPREVL         equ	16109	;# 
  2068   003EEE                     ADPREVH         equ	16110	;# 
  2069   003EEF                     ADRES           equ	16111	;# 
  2070   003EEF                     ADRESL          equ	16111	;# 
  2071   003EF0                     ADRESH          equ	16112	;# 
  2072   003EF1                     ADPCH           equ	16113	;# 
  2073   003EF3                     ADACQ           equ	16115	;# 
  2074   003EF3                     ADACQL          equ	16115	;# 
  2075   003EF4                     ADACQH          equ	16116	;# 
  2076   003EF5                     ADCAP           equ	16117	;# 
  2077   003EF6                     ADPRE           equ	16118	;# 
  2078   003EF6                     ADPREL          equ	16118	;# 
  2079   003EF7                     ADPREH          equ	16119	;# 
  2080   003EF8                     ADCON0          equ	16120	;# 
  2081   003EF9                     ADCON1          equ	16121	;# 
  2082   003EFA                     ADCON2          equ	16122	;# 
  2083   003EFB                     ADCON3          equ	16123	;# 
  2084   003EFC                     ADSTAT          equ	16124	;# 
  2085   003EFD                     ADREF           equ	16125	;# 
  2086   003EFE                     ADACT           equ	16126	;# 
  2087   003EFF                     ADCLK           equ	16127	;# 
  2088   003F12                     SMT1TMR         equ	16146	;# 
  2089   003F12                     SMT1TMRL        equ	16146	;# 
  2090   003F13                     SMT1TMRH        equ	16147	;# 
  2091   003F14                     SMT1TMRU        equ	16148	;# 
  2092   003F15                     SMT1CPR         equ	16149	;# 
  2093   003F15                     SMT1CPRL        equ	16149	;# 
  2094   003F16                     SMT1CPRH        equ	16150	;# 
  2095   003F17                     SMT1CPRU        equ	16151	;# 
  2096   003F18                     SMT1CPW         equ	16152	;# 
  2097   003F18                     SMT1CPWL        equ	16152	;# 
  2098   003F19                     SMT1CPWH        equ	16153	;# 
  2099   003F1A                     SMT1CPWU        equ	16154	;# 
  2100   003F1B                     SMT1PR          equ	16155	;# 
  2101   003F1B                     SMT1PRL         equ	16155	;# 
  2102   003F1C                     SMT1PRH         equ	16156	;# 
  2103   003F1D                     SMT1PRU         equ	16157	;# 
  2104   003F1E                     SMT1CON0        equ	16158	;# 
  2105   003F1F                     SMT1CON1        equ	16159	;# 
  2106   003F20                     SMT1STAT        equ	16160	;# 
  2107   003F21                     SMT1CLK         equ	16161	;# 
  2108   003F22                     SMT1SIG         equ	16162	;# 
  2109   003F23                     SMT1WIN         equ	16163	;# 
  2110   003F38                     NCO1ACC         equ	16184	;# 
  2111   003F38                     NCO1ACCL        equ	16184	;# 
  2112   003F39                     NCO1ACCH        equ	16185	;# 
  2113   003F3A                     NCO1ACCU        equ	16186	;# 
  2114   003F3B                     NCO1INC         equ	16187	;# 
  2115   003F3B                     NCO1INCL        equ	16187	;# 
  2116   003F3C                     NCO1INCH        equ	16188	;# 
  2117   003F3D                     NCO1INCU        equ	16189	;# 
  2118   003F3E                     NCO1CON         equ	16190	;# 
  2119   003F3F                     NCO1CLK         equ	16191	;# 
  2120   003F40                     CWG3CLK         equ	16192	;# 
  2121   003F40                     CWG3CLKCON      equ	16192	;# 
  2122   003F41                     CWG3ISM         equ	16193	;# 
  2123   003F41                     CWG3DAT         equ	16193	;# 
  2124   003F42                     CWG3DBR         equ	16194	;# 
  2125   003F43                     CWG3DBF         equ	16195	;# 
  2126   003F44                     CWG3CON0        equ	16196	;# 
  2127   003F45                     CWG3CON1        equ	16197	;# 
  2128   003F46                     CWG3AS0         equ	16198	;# 
  2129   003F47                     CWG3AS1         equ	16199	;# 
  2130   003F48                     CWG3STR         equ	16200	;# 
  2131   003F49                     CWG2CLK         equ	16201	;# 
  2132   003F49                     CWG2CLKCON      equ	16201	;# 
  2133   003F4A                     CWG2ISM         equ	16202	;# 
  2134   003F4A                     CWG2DAT         equ	16202	;# 
  2135   003F4B                     CWG2DBR         equ	16203	;# 
  2136   003F4C                     CWG2DBF         equ	16204	;# 
  2137   003F4D                     CWG2CON0        equ	16205	;# 
  2138   003F4E                     CWG2CON1        equ	16206	;# 
  2139   003F4F                     CWG2AS0         equ	16207	;# 
  2140   003F50                     CWG2AS1         equ	16208	;# 
  2141   003F51                     CWG2STR         equ	16209	;# 
  2142   003F52                     CWG1CLK         equ	16210	;# 
  2143   003F52                     CWG1CLKCON      equ	16210	;# 
  2144   003F53                     CWG1ISM         equ	16211	;# 
  2145   003F53                     CWG1DAT         equ	16211	;# 
  2146   003F54                     CWG1DBR         equ	16212	;# 
  2147   003F55                     CWG1DBF         equ	16213	;# 
  2148   003F56                     CWG1CON0        equ	16214	;# 
  2149   003F57                     CWG1CON1        equ	16215	;# 
  2150   003F58                     CWG1AS0         equ	16216	;# 
  2151   003F59                     CWG1AS1         equ	16217	;# 
  2152   003F5A                     CWG1STR         equ	16218	;# 
  2153   003F5E                     CCPTMRS0        equ	16222	;# 
  2154   003F5F                     CCPTMRS1        equ	16223	;# 
  2155   003F60                     PWM8DC          equ	16224	;# 
  2156   003F60                     PWM8DCL         equ	16224	;# 
  2157   003F61                     PWM8DCH         equ	16225	;# 
  2158   003F62                     PWM8CON         equ	16226	;# 
  2159   003F64                     PWM7DC          equ	16228	;# 
  2160   003F64                     PWM7DCL         equ	16228	;# 
  2161   003F65                     PWM7DCH         equ	16229	;# 
  2162   003F66                     PWM7CON         equ	16230	;# 
  2163   003F68                     PWM6DC          equ	16232	;# 
  2164   003F68                     PWM6DCL         equ	16232	;# 
  2165   003F69                     PWM6DCH         equ	16233	;# 
  2166   003F6A                     PWM6CON         equ	16234	;# 
  2167   003F6C                     PWM5DC          equ	16236	;# 
  2168   003F6C                     PWM5DCL         equ	16236	;# 
  2169   003F6D                     PWM5DCH         equ	16237	;# 
  2170   003F6E                     PWM5CON         equ	16238	;# 
  2171   003F70                     CCPR4           equ	16240	;# 
  2172   003F70                     CCPR4L          equ	16240	;# 
  2173   003F71                     CCPR4H          equ	16241	;# 
  2174   003F72                     CCP4CON         equ	16242	;# 
  2175   003F73                     CCP4CAP         equ	16243	;# 
  2176   003F74                     CCPR3           equ	16244	;# 
  2177   003F74                     CCPR3L          equ	16244	;# 
  2178   003F75                     CCPR3H          equ	16245	;# 
  2179   003F76                     CCP3CON         equ	16246	;# 
  2180   003F77                     CCP3CAP         equ	16247	;# 
  2181   003F78                     CCPR2           equ	16248	;# 
  2182   003F78                     CCPR2L          equ	16248	;# 
  2183   003F79                     CCPR2H          equ	16249	;# 
  2184   003F7A                     CCP2CON         equ	16250	;# 
  2185   003F7B                     CCP2CAP         equ	16251	;# 
  2186   003F7C                     CCPR1           equ	16252	;# 
  2187   003F7C                     CCPR1L          equ	16252	;# 
  2188   003F7D                     CCPR1H          equ	16253	;# 
  2189   003F7E                     CCP1CON         equ	16254	;# 
  2190   003F7F                     CCP1CAP         equ	16255	;# 
  2191   003F92                     T6TMR           equ	16274	;# 
  2192   003F92                     TMR6            equ	16274	;# 
  2193   003F93                     T6PR            equ	16275	;# 
  2194   003F93                     PR6             equ	16275	;# 
  2195   003F94                     T6CON           equ	16276	;# 
  2196   003F95                     T6HLT           equ	16277	;# 
  2197   003F96                     T6CLKCON        equ	16278	;# 
  2198   003F96                     T6CLK           equ	16278	;# 
  2199   003F97                     T6RST           equ	16279	;# 
  2200   003F98                     TMR5            equ	16280	;# 
  2201   003F98                     TMR5L           equ	16280	;# 
  2202   003F99                     TMR5H           equ	16281	;# 
  2203   003F9A                     T5CON           equ	16282	;# 
  2204   003F9A                     TMR5CON         equ	16282	;# 
  2205   003F9B                     T5GCON          equ	16283	;# 
  2206   003F9B                     TMR5GCON        equ	16283	;# 
  2207   003F9C                     T5GATE          equ	16284	;# 
  2208   003F9C                     TMR5GATE        equ	16284	;# 
  2209   003F9D                     T5CLK           equ	16285	;# 
  2210   003F9D                     TMR5CLK         equ	16285	;# 
  2211   003F9D                     PR5             equ	16285	;# 
  2212   003F9E                     T4TMR           equ	16286	;# 
  2213   003F9E                     TMR4            equ	16286	;# 
  2214   003F9F                     T4PR            equ	16287	;# 
  2215   003F9F                     PR4             equ	16287	;# 
  2216   003FA0                     T4CON           equ	16288	;# 
  2217   003FA1                     T4HLT           equ	16289	;# 
  2218   003FA2                     T4CLKCON        equ	16290	;# 
  2219   003FA2                     T4CLK           equ	16290	;# 
  2220   003FA3                     T4RST           equ	16291	;# 
  2221   003FA4                     TMR3            equ	16292	;# 
  2222   003FA4                     TMR3L           equ	16292	;# 
  2223   003FA5                     TMR3H           equ	16293	;# 
  2224   003FA6                     T3CON           equ	16294	;# 
  2225   003FA6                     TMR3CON         equ	16294	;# 
  2226   003FA7                     T3GCON          equ	16295	;# 
  2227   003FA7                     TMR3GCON        equ	16295	;# 
  2228   003FA8                     T3GATE          equ	16296	;# 
  2229   003FA8                     TMR3GATE        equ	16296	;# 
  2230   003FA9                     T3CLK           equ	16297	;# 
  2231   003FA9                     TMR3CLK         equ	16297	;# 
  2232   003FA9                     PR3             equ	16297	;# 
  2233   003FAA                     T2TMR           equ	16298	;# 
  2234   003FAA                     TMR2            equ	16298	;# 
  2235   003FAB                     T2PR            equ	16299	;# 
  2236   003FAB                     PR2             equ	16299	;# 
  2237   003FAC                     T2CON           equ	16300	;# 
  2238   003FAD                     T2HLT           equ	16301	;# 
  2239   003FAE                     T2CLKCON        equ	16302	;# 
  2240   003FAE                     T2CLK           equ	16302	;# 
  2241   003FAF                     T2RST           equ	16303	;# 
  2242   003FB0                     TMR1            equ	16304	;# 
  2243   003FB0                     TMR1L           equ	16304	;# 
  2244   003FB1                     TMR1H           equ	16305	;# 
  2245   003FB2                     T1CON           equ	16306	;# 
  2246   003FB2                     TMR1CON         equ	16306	;# 
  2247   003FB3                     T1GCON          equ	16307	;# 
  2248   003FB3                     TMR1GCON        equ	16307	;# 
  2249   003FB4                     T1GATE          equ	16308	;# 
  2250   003FB4                     TMR1GATE        equ	16308	;# 
  2251   003FB5                     T1CLK           equ	16309	;# 
  2252   003FB5                     TMR1CLK         equ	16309	;# 
  2253   003FB5                     PR1             equ	16309	;# 
  2254   003FB6                     TMR0L           equ	16310	;# 
  2255   003FB6                     TMR0            equ	16310	;# 
  2256   003FB7                     TMR0H           equ	16311	;# 
  2257   003FB7                     PR0             equ	16311	;# 
  2258   003FB8                     T0CON0          equ	16312	;# 
  2259   003FB9                     T0CON1          equ	16313	;# 
  2260   003FBA                     LATA            equ	16314	;# 
  2261   003FBB                     LATB            equ	16315	;# 
  2262   003FBC                     LATC            equ	16316	;# 
  2263   003FBD                     LATD            equ	16317	;# 
  2264   003FBE                     LATE            equ	16318	;# 
  2265   003FC2                     TRISA           equ	16322	;# 
  2266   003FC3                     TRISB           equ	16323	;# 
  2267   003FC4                     TRISC           equ	16324	;# 
  2268   003FC5                     TRISD           equ	16325	;# 
  2269   003FC6                     TRISE           equ	16326	;# 
  2270   003FCA                     PORTA           equ	16330	;# 
  2271   003FCB                     PORTB           equ	16331	;# 
  2272   003FCC                     PORTC           equ	16332	;# 
  2273   003FCD                     PORTD           equ	16333	;# 
  2274   003FCE                     PORTE           equ	16334	;# 
  2275   003FD2                     INTCON0         equ	16338	;# 
  2276   003FD3                     INTCON1         equ	16339	;# 
  2277   003FD4                     IVTLOCK         equ	16340	;# 
  2278   003FD5                     IVTBASE         equ	16341	;# 
  2279   003FD5                     IVTBASEL        equ	16341	;# 
  2280   003FD6                     IVTBASEH        equ	16342	;# 
  2281   003FD7                     IVTBASEU        equ	16343	;# 
  2282   003FD8                     STATUS          equ	16344	;# 
  2283   003FD9                     FSR2            equ	16345	;# 
  2284   003FD9                     FSR2L           equ	16345	;# 
  2285   003FDA                     FSR2H           equ	16346	;# 
  2286   003FDB                     PLUSW2          equ	16347	;# 
  2287   003FDC                     PREINC2         equ	16348	;# 
  2288   003FDD                     POSTDEC2        equ	16349	;# 
  2289   003FDE                     POSTINC2        equ	16350	;# 
  2290   003FDF                     INDF2           equ	16351	;# 
  2291   003FE0                     BSR             equ	16352	;# 
  2292   003FE1                     FSR1            equ	16353	;# 
  2293   003FE1                     FSR1L           equ	16353	;# 
  2294   003FE2                     FSR1H           equ	16354	;# 
  2295   003FE3                     PLUSW1          equ	16355	;# 
  2296   003FE4                     PREINC1         equ	16356	;# 
  2297   003FE5                     POSTDEC1        equ	16357	;# 
  2298   003FE6                     POSTINC1        equ	16358	;# 
  2299   003FE7                     INDF1           equ	16359	;# 
  2300   003FE8                     WREG            equ	16360	;# 
  2301   003FE9                     FSR0            equ	16361	;# 
  2302   003FE9                     FSR0L           equ	16361	;# 
  2303   003FEA                     FSR0H           equ	16362	;# 
  2304   003FEB                     PLUSW0          equ	16363	;# 
  2305   003FEC                     PREINC0         equ	16364	;# 
  2306   003FED                     POSTDEC0        equ	16365	;# 
  2307   003FEE                     POSTINC0        equ	16366	;# 
  2308   003FEF                     INDF0           equ	16367	;# 
  2309   003FF0                     PCON0           equ	16368	;# 
  2310   003FF1                     PCON1           equ	16369	;# 
  2311   003FF3                     PROD            equ	16371	;# 
  2312   003FF3                     PRODL           equ	16371	;# 
  2313   003FF4                     PRODH           equ	16372	;# 
  2314   003FF5                     TABLAT          equ	16373	;# 
  2315   003FF6                     TBLPTR          equ	16374	;# 
  2316   003FF6                     TBLPTRL         equ	16374	;# 
  2317   003FF7                     TBLPTRH         equ	16375	;# 
  2318   003FF8                     TBLPTRU         equ	16376	;# 
  2319   003FF9                     PCLAT           equ	16377	;# 
  2320   003FF9                     PCL             equ	16377	;# 
  2321   003FFA                     PCLATH          equ	16378	;# 
  2322   003FFB                     PCLATU          equ	16379	;# 
  2323   003FFC                     STKPTR          equ	16380	;# 
  2324   003FFD                     TOS             equ	16381	;# 
  2325   003FFD                     TOSL            equ	16381	;# 
  2326   003FFE                     TOSH            equ	16382	;# 
  2327   003FFF                     TOSU            equ	16383	;# 
  2328   003880                     STATUS_CSHAD    equ	14464	;# 
  2329   003881                     WREG_CSHAD      equ	14465	;# 
  2330   003882                     BSR_CSHAD       equ	14466	;# 
  2331   003883                     SHADCON         equ	14467	;# 
  2332   003884                     STATUS_SHAD     equ	14468	;# 
  2333   003885                     WREG_SHAD       equ	14469	;# 
  2334   003886                     BSR_SHAD        equ	14470	;# 
  2335   003887                     PCLATH_SHAD     equ	14471	;# 
  2336   003888                     PCLATU_SHAD     equ	14472	;# 
  2337   003889                     FSR0SH          equ	14473	;# 
  2338   003889                     FSR0L_SHAD      equ	14473	;# 
  2339   00388A                     FSR0H_SHAD      equ	14474	;# 
  2340   00388B                     FSR1SH          equ	14475	;# 
  2341   00388B                     FSR1L_SHAD      equ	14475	;# 
  2342   00388C                     FSR1H_SHAD      equ	14476	;# 
  2343   00388D                     FSR2SH          equ	14477	;# 
  2344   00388D                     FSR2L_SHAD      equ	14477	;# 
  2345   00388E                     FSR2H_SHAD      equ	14478	;# 
  2346   00388F                     PRODSH          equ	14479	;# 
  2347   00388F                     PRODL_SHAD      equ	14479	;# 
  2348   003890                     PRODH_SHAD      equ	14480	;# 
  2349   00389D                     IVTADL          equ	14493	;# 
  2350   00389E                     IVTADH          equ	14494	;# 
  2351   00389F                     IVTADU          equ	14495	;# 
  2352   00395B                     WDTCON0         equ	14683	;# 
  2353   00395C                     WDTCON1         equ	14684	;# 
  2354   00395D                     WDTPSL          equ	14685	;# 
  2355   00395E                     WDTPSH          equ	14686	;# 
  2356   00395F                     WDTTMR          equ	14687	;# 
  2357   003960                     CRCDATA         equ	14688	;# 
  2358   003960                     CRCDATL         equ	14688	;# 
  2359   003961                     CRCDATH         equ	14689	;# 
  2360   003962                     CRCACC          equ	14690	;# 
  2361   003962                     CRCACCL         equ	14690	;# 
  2362   003963                     CRCACCH         equ	14691	;# 
  2363   003964                     CRCSHFT         equ	14692	;# 
  2364   003964                     CRCSHIFTL       equ	14692	;# 
  2365   003965                     CRCSHIFTH       equ	14693	;# 
  2366   003966                     CRCXOR          equ	14694	;# 
  2367   003966                     CRCXORL         equ	14694	;# 
  2368   003967                     CRCXORH         equ	14695	;# 
  2369   003968                     CRCCON0         equ	14696	;# 
  2370   003969                     CRCCON1         equ	14697	;# 
  2371   003976                     SCANLADR        equ	14710	;# 
  2372   003976                     SCANLADRL       equ	14710	;# 
  2373   003977                     SCANLADRH       equ	14711	;# 
  2374   003978                     SCANLADRU       equ	14712	;# 
  2375   003979                     SCANHADR        equ	14713	;# 
  2376   003979                     SCANHADRL       equ	14713	;# 
  2377   00397A                     SCANHADRH       equ	14714	;# 
  2378   00397B                     SCANHADRU       equ	14715	;# 
  2379   00397C                     SCANCON0        equ	14716	;# 
  2380   00397D                     SCANTRIG        equ	14717	;# 
  2381   003980                     IPR0            equ	14720	;# 
  2382   003981                     IPR1            equ	14721	;# 
  2383   003982                     IPR2            equ	14722	;# 
  2384   003983                     IPR3            equ	14723	;# 
  2385   003984                     IPR4            equ	14724	;# 
  2386   003985                     IPR5            equ	14725	;# 
  2387   003986                     IPR6            equ	14726	;# 
  2388   003987                     IPR7            equ	14727	;# 
  2389   003988                     IPR8            equ	14728	;# 
  2390   003989                     IPR9            equ	14729	;# 
  2391   00398A                     IPR10           equ	14730	;# 
  2392   003990                     PIE0            equ	14736	;# 
  2393   003991                     PIE1            equ	14737	;# 
  2394   003992                     PIE2            equ	14738	;# 
  2395   003993                     PIE3            equ	14739	;# 
  2396   003994                     PIE4            equ	14740	;# 
  2397   003995                     PIE5            equ	14741	;# 
  2398   003996                     PIE6            equ	14742	;# 
  2399   003997                     PIE7            equ	14743	;# 
  2400   003998                     PIE8            equ	14744	;# 
  2401   003999                     PIE9            equ	14745	;# 
  2402   00399A                     PIE10           equ	14746	;# 
  2403   0039A0                     PIR0            equ	14752	;# 
  2404   0039A1                     PIR1            equ	14753	;# 
  2405   0039A2                     PIR2            equ	14754	;# 
  2406   0039A3                     PIR3            equ	14755	;# 
  2407   0039A4                     PIR4            equ	14756	;# 
  2408   0039A5                     PIR5            equ	14757	;# 
  2409   0039A6                     PIR6            equ	14758	;# 
  2410   0039A7                     PIR7            equ	14759	;# 
  2411   0039A8                     PIR8            equ	14760	;# 
  2412   0039A9                     PIR9            equ	14761	;# 
  2413   0039AA                     PIR10           equ	14762	;# 
  2414   0039C0                     PMD0            equ	14784	;# 
  2415   0039C1                     PMD1            equ	14785	;# 
  2416   0039C2                     PMD2            equ	14786	;# 
  2417   0039C3                     PMD3            equ	14787	;# 
  2418   0039C4                     PMD4            equ	14788	;# 
  2419   0039C5                     PMD5            equ	14789	;# 
  2420   0039C6                     PMD6            equ	14790	;# 
  2421   0039C7                     PMD7            equ	14791	;# 
  2422   0039D0                     BORCON          equ	14800	;# 
  2423   0039D1                     VREGCON         equ	14801	;# 
  2424   0039D8                     CPUDOZE         equ	14808	;# 
  2425   0039D9                     OSCCON1         equ	14809	;# 
  2426   0039DA                     OSCCON2         equ	14810	;# 
  2427   0039DB                     OSCCON3         equ	14811	;# 
  2428   0039DC                     OSCSTAT         equ	14812	;# 
  2429   0039DC                     OSCSTAT1        equ	14812	;# 
  2430   0039DD                     OSCEN           equ	14813	;# 
  2431   0039DE                     OSCTUNE         equ	14814	;# 
  2432   0039DF                     OSCFRQ          equ	14815	;# 
  2433   0039E0                     NVMADRL         equ	14816	;# 
  2434   0039E1                     NVMADRH         equ	14817	;# 
  2435   0039E3                     NVMDAT          equ	14819	;# 
  2436   0039E5                     NVMCON1         equ	14821	;# 
  2437   0039E6                     NVMCON2         equ	14822	;# 
  2438   0039EF                     PRLOCK          equ	14831	;# 
  2439   0039F1                     ISRPR           equ	14833	;# 
  2440   0039F2                     MAINPR          equ	14834	;# 
  2441   0039F3                     DMA1PR          equ	14835	;# 
  2442   0039F4                     DMA2PR          equ	14836	;# 
  2443   0039F7                     SCANPR          equ	14839	;# 
  2444   003A00                     RA0PPS          equ	14848	;# 
  2445   003A01                     RA1PPS          equ	14849	;# 
  2446   003A02                     RA2PPS          equ	14850	;# 
  2447   003A03                     RA3PPS          equ	14851	;# 
  2448   003A04                     RA4PPS          equ	14852	;# 
  2449   003A05                     RA5PPS          equ	14853	;# 
  2450   003A06                     RA6PPS          equ	14854	;# 
  2451   003A07                     RA7PPS          equ	14855	;# 
  2452   003A08                     RB0PPS          equ	14856	;# 
  2453   003A09                     RB1PPS          equ	14857	;# 
  2454   003A0A                     RB2PPS          equ	14858	;# 
  2455   003A0B                     RB3PPS          equ	14859	;# 
  2456   003A0C                     RB4PPS          equ	14860	;# 
  2457   003A0D                     RB5PPS          equ	14861	;# 
  2458   003A0E                     RB6PPS          equ	14862	;# 
  2459   003A0F                     RB7PPS          equ	14863	;# 
  2460   003A10                     RC0PPS          equ	14864	;# 
  2461   003A11                     RC1PPS          equ	14865	;# 
  2462   003A12                     RC2PPS          equ	14866	;# 
  2463   003A13                     RC3PPS          equ	14867	;# 
  2464   003A14                     RC4PPS          equ	14868	;# 
  2465   003A15                     RC5PPS          equ	14869	;# 
  2466   003A16                     RC6PPS          equ	14870	;# 
  2467   003A17                     RC7PPS          equ	14871	;# 
  2468   003A18                     RD0PPS          equ	14872	;# 
  2469   003A19                     RD1PPS          equ	14873	;# 
  2470   003A1A                     RD2PPS          equ	14874	;# 
  2471   003A1B                     RD3PPS          equ	14875	;# 
  2472   003A1C                     RD4PPS          equ	14876	;# 
  2473   003A1D                     RD5PPS          equ	14877	;# 
  2474   003A1E                     RD6PPS          equ	14878	;# 
  2475   003A1F                     RD7PPS          equ	14879	;# 
  2476   003A20                     RE0PPS          equ	14880	;# 
  2477   003A21                     RE1PPS          equ	14881	;# 
  2478   003A22                     RE2PPS          equ	14882	;# 
  2479   003A40                     ANSELA          equ	14912	;# 
  2480   003A41                     WPUA            equ	14913	;# 
  2481   003A42                     ODCONA          equ	14914	;# 
  2482   003A43                     SLRCONA         equ	14915	;# 
  2483   003A44                     INLVLA          equ	14916	;# 
  2484   003A45                     IOCAP           equ	14917	;# 
  2485   003A46                     IOCAN           equ	14918	;# 
  2486   003A47                     IOCAF           equ	14919	;# 
  2487   003A50                     ANSELB          equ	14928	;# 
  2488   003A51                     WPUB            equ	14929	;# 
  2489   003A52                     ODCONB          equ	14930	;# 
  2490   003A53                     SLRCONB         equ	14931	;# 
  2491   003A54                     INLVLB          equ	14932	;# 
  2492   003A55                     IOCBP           equ	14933	;# 
  2493   003A56                     IOCBN           equ	14934	;# 
  2494   003A57                     IOCBF           equ	14935	;# 
  2495   003A5A                     RB1I2C          equ	14938	;# 
  2496   003A5B                     RB2I2C          equ	14939	;# 
  2497   003A60                     ANSELC          equ	14944	;# 
  2498   003A61                     WPUC            equ	14945	;# 
  2499   003A62                     ODCONC          equ	14946	;# 
  2500   003A63                     SLRCONC         equ	14947	;# 
  2501   003A64                     INLVLC          equ	14948	;# 
  2502   003A65                     IOCCP           equ	14949	;# 
  2503   003A66                     IOCCN           equ	14950	;# 
  2504   003A67                     IOCCF           equ	14951	;# 
  2505   003A6A                     RC3I2C          equ	14954	;# 
  2506   003A6B                     RC4I2C          equ	14955	;# 
  2507   003A70                     ANSELD          equ	14960	;# 
  2508   003A71                     WPUD            equ	14961	;# 
  2509   003A72                     ODCOND          equ	14962	;# 
  2510   003A73                     SLRCOND         equ	14963	;# 
  2511   003A74                     INLVLD          equ	14964	;# 
  2512   003A7A                     RD0I2C          equ	14970	;# 
  2513   003A7B                     RD1I2C          equ	14971	;# 
  2514   003A80                     ANSELE          equ	14976	;# 
  2515   003A81                     WPUE            equ	14977	;# 
  2516   003A82                     ODCONE          equ	14978	;# 
  2517   003A83                     SLRCONE         equ	14979	;# 
  2518   003A84                     INLVLE          equ	14980	;# 
  2519   003A85                     IOCEP           equ	14981	;# 
  2520   003A86                     IOCEN           equ	14982	;# 
  2521   003A87                     IOCEF           equ	14983	;# 
  2522   003ABF                     PPSLOCK         equ	15039	;# 
  2523   003AC0                     INT0PPS         equ	15040	;# 
  2524   003AC1                     INT1PPS         equ	15041	;# 
  2525   003AC2                     INT2PPS         equ	15042	;# 
  2526   003AC3                     T0CKIPPS        equ	15043	;# 
  2527   003AC4                     T1CKIPPS        equ	15044	;# 
  2528   003AC5                     T1GPPS          equ	15045	;# 
  2529   003AC6                     T3CKIPPS        equ	15046	;# 
  2530   003AC7                     T3GPPS          equ	15047	;# 
  2531   003AC8                     T5CKIPPS        equ	15048	;# 
  2532   003AC9                     T5GPPS          equ	15049	;# 
  2533   003ACA                     T2INPPS         equ	15050	;# 
  2534   003ACB                     T4INPPS         equ	15051	;# 
  2535   003ACC                     T6INPPS         equ	15052	;# 
  2536   003ACD                     CCP1PPS         equ	15053	;# 
  2537   003ACE                     CCP2PPS         equ	15054	;# 
  2538   003ACF                     CCP3PPS         equ	15055	;# 
  2539   003AD0                     CCP4PPS         equ	15056	;# 
  2540   003AD1                     SMT1WINPPS      equ	15057	;# 
  2541   003AD2                     SMT1SIGPPS      equ	15058	;# 
  2542   003AD3                     CWG1INPPS       equ	15059	;# 
  2543   003AD4                     CWG2INPPS       equ	15060	;# 
  2544   003AD5                     CWG3INPPS       equ	15061	;# 
  2545   003AD6                     MD1CARLPPS      equ	15062	;# 
  2546   003AD7                     MD1CARHPPS      equ	15063	;# 
  2547   003AD8                     MD1SRCPPS       equ	15064	;# 
  2548   003AD9                     CLCIN0PPS       equ	15065	;# 
  2549   003ADA                     CLCIN1PPS       equ	15066	;# 
  2550   003ADB                     CLCIN2PPS       equ	15067	;# 
  2551   003ADC                     CLCIN3PPS       equ	15068	;# 
  2552   003ADD                     ADACTPPS        equ	15069	;# 
  2553   003ADE                     SPI1SCKPPS      equ	15070	;# 
  2554   003ADF                     SPI1SDIPPS      equ	15071	;# 
  2555   003AE0                     SPI1SSPPS       equ	15072	;# 
  2556   003AE1                     I2C1SCLPPS      equ	15073	;# 
  2557   003AE2                     I2C1SDAPPS      equ	15074	;# 
  2558   003AE3                     I2C2SCLPPS      equ	15075	;# 
  2559   003AE4                     I2C2SDAPPS      equ	15076	;# 
  2560   003AE5                     U1RXPPS         equ	15077	;# 
  2561   003AE6                     U1CTSPPS        equ	15078	;# 
  2562   003AE8                     U2RXPPS         equ	15080	;# 
  2563   003AE9                     U2CTSPPS        equ	15081	;# 
  2564   003BC9                     DMA2BUF         equ	15305	;# 
  2565   003BCA                     DMA2DCNT        equ	15306	;# 
  2566   003BCA                     DMA2DCNTL       equ	15306	;# 
  2567   003BCB                     DMA2DCNTH       equ	15307	;# 
  2568   003BCC                     DMA2DPTR        equ	15308	;# 
  2569   003BCC                     DMA2DPTRL       equ	15308	;# 
  2570   003BCD                     DMA2DPTRH       equ	15309	;# 
  2571   003BCE                     DMA2DSZ         equ	15310	;# 
  2572   003BCE                     DMA2DSZL        equ	15310	;# 
  2573   003BCF                     DMA2DSZH        equ	15311	;# 
  2574   003BD0                     DMA2DSA         equ	15312	;# 
  2575   003BD0                     DMA2DSAL        equ	15312	;# 
  2576   003BD1                     DMA2DSAH        equ	15313	;# 
  2577   003BD2                     DMA2SCNT        equ	15314	;# 
  2578   003BD2                     DMA2SCNTL       equ	15314	;# 
  2579   003BD3                     DMA2SCNTH       equ	15315	;# 
  2580   003BD4                     DMA2SPTR        equ	15316	;# 
  2581   003BD4                     DMA2SPTRL       equ	15316	;# 
  2582   003BD5                     DMA2SPTRH       equ	15317	;# 
  2583   003BD6                     DMA2SPTRU       equ	15318	;# 
  2584   003BD7                     DMA2SSZ         equ	15319	;# 
  2585   003BD7                     DMA2SSZL        equ	15319	;# 
  2586   003BD8                     DMA2SSZH        equ	15320	;# 
  2587   003BD9                     DMA2SSA         equ	15321	;# 
  2588   003BD9                     DMA2SSAL        equ	15321	;# 
  2589   003BDA                     DMA2SSAH        equ	15322	;# 
  2590   003BDB                     DMA2SSAU        equ	15323	;# 
  2591   003BDC                     DMA2CON0        equ	15324	;# 
  2592   003BDD                     DMA2CON1        equ	15325	;# 
  2593   003BDE                     DMA2AIRQ        equ	15326	;# 
  2594   003BDF                     DMA2SIRQ        equ	15327	;# 
  2595   003BE9                     DMA1BUF         equ	15337	;# 
  2596   003BEA                     DMA1DCNT        equ	15338	;# 
  2597   003BEA                     DMA1DCNTL       equ	15338	;# 
  2598   003BEB                     DMA1DCNTH       equ	15339	;# 
  2599   003BEC                     DMA1DPTR        equ	15340	;# 
  2600   003BEC                     DMA1DPTRL       equ	15340	;# 
  2601   003BED                     DMA1DPTRH       equ	15341	;# 
  2602   003BEE                     DMA1DSZ         equ	15342	;# 
  2603   003BEE                     DMA1DSZL        equ	15342	;# 
  2604   003BEF                     DMA1DSZH        equ	15343	;# 
  2605   003BF0                     DMA1DSA         equ	15344	;# 
  2606   003BF0                     DMA1DSAL        equ	15344	;# 
  2607   003BF1                     DMA1DSAH        equ	15345	;# 
  2608   003BF2                     DMA1SCNT        equ	15346	;# 
  2609   003BF2                     DMA1SCNTL       equ	15346	;# 
  2610   003BF3                     DMA1SCNTH       equ	15347	;# 
  2611   003BF4                     DMA1SPTR        equ	15348	;# 
  2612   003BF4                     DMA1SPTRL       equ	15348	;# 
  2613   003BF5                     DMA1SPTRH       equ	15349	;# 
  2614   003BF6                     DMA1SPTRU       equ	15350	;# 
  2615   003BF7                     DMA1SSZ         equ	15351	;# 
  2616   003BF7                     DMA1SSZL        equ	15351	;# 
  2617   003BF8                     DMA1SSZH        equ	15352	;# 
  2618   003BF9                     DMA1SSA         equ	15353	;# 
  2619   003BF9                     DMA1SSAL        equ	15353	;# 
  2620   003BFA                     DMA1SSAH        equ	15354	;# 
  2621   003BFB                     DMA1SSAU        equ	15355	;# 
  2622   003BFC                     DMA1CON0        equ	15356	;# 
  2623   003BFD                     DMA1CON1        equ	15357	;# 
  2624   003BFE                     DMA1AIRQ        equ	15358	;# 
  2625   003BFF                     DMA1SIRQ        equ	15359	;# 
  2626   003C56                     CLC4CON         equ	15446	;# 
  2627   003C57                     CLC4POL         equ	15447	;# 
  2628   003C58                     CLC4SEL0        equ	15448	;# 
  2629   003C59                     CLC4SEL1        equ	15449	;# 
  2630   003C5A                     CLC4SEL2        equ	15450	;# 
  2631   003C5B                     CLC4SEL3        equ	15451	;# 
  2632   003C5C                     CLC4GLS0        equ	15452	;# 
  2633   003C5D                     CLC4GLS1        equ	15453	;# 
  2634   003C5E                     CLC4GLS2        equ	15454	;# 
  2635   003C5F                     CLC4GLS3        equ	15455	;# 
  2636   003C60                     CLC3CON         equ	15456	;# 
  2637   003C61                     CLC3POL         equ	15457	;# 
  2638   003C62                     CLC3SEL0        equ	15458	;# 
  2639   003C63                     CLC3SEL1        equ	15459	;# 
  2640   003C64                     CLC3SEL2        equ	15460	;# 
  2641   003C65                     CLC3SEL3        equ	15461	;# 
  2642   003C66                     CLC3GLS0        equ	15462	;# 
  2643   003C67                     CLC3GLS1        equ	15463	;# 
  2644   003C68                     CLC3GLS2        equ	15464	;# 
  2645   003C69                     CLC3GLS3        equ	15465	;# 
  2646   003C6A                     CLC2CON         equ	15466	;# 
  2647   003C6B                     CLC2POL         equ	15467	;# 
  2648   003C6C                     CLC2SEL0        equ	15468	;# 
  2649   003C6D                     CLC2SEL1        equ	15469	;# 
  2650   003C6E                     CLC2SEL2        equ	15470	;# 
  2651   003C6F                     CLC2SEL3        equ	15471	;# 
  2652   003C70                     CLC2GLS0        equ	15472	;# 
  2653   003C71                     CLC2GLS1        equ	15473	;# 
  2654   003C72                     CLC2GLS2        equ	15474	;# 
  2655   003C73                     CLC2GLS3        equ	15475	;# 
  2656   003C74                     CLC1CON         equ	15476	;# 
  2657   003C75                     CLC1POL         equ	15477	;# 
  2658   003C76                     CLC1SEL0        equ	15478	;# 
  2659   003C77                     CLC1SEL1        equ	15479	;# 
  2660   003C78                     CLC1SEL2        equ	15480	;# 
  2661   003C79                     CLC1SEL3        equ	15481	;# 
  2662   003C7A                     CLC1GLS0        equ	15482	;# 
  2663   003C7B                     CLC1GLS1        equ	15483	;# 
  2664   003C7C                     CLC1GLS2        equ	15484	;# 
  2665   003C7D                     CLC1GLS3        equ	15485	;# 
  2666   003C7E                     CLCDATA0        equ	15486	;# 
  2667   003CE5                     CLKRCON         equ	15589	;# 
  2668   003CE6                     CLKRCLK         equ	15590	;# 
  2669   003CFA                     MD1CON0         equ	15610	;# 
  2670   003CFB                     MD1CON1         equ	15611	;# 
  2671   003CFC                     MD1SRC          equ	15612	;# 
  2672   003CFD                     MD1CARL         equ	15613	;# 
  2673   003CFE                     MD1CARH         equ	15614	;# 
  2674   003D10                     SPI1RXB         equ	15632	;# 
  2675   003D11                     SPI1TXB         equ	15633	;# 
  2676   003D12                     SPI1TCNT        equ	15634	;# 
  2677   003D12                     SPI1TCNTL       equ	15634	;# 
  2678   003D13                     SPI1TCNTH       equ	15635	;# 
  2679   003D14                     SPI1CON0        equ	15636	;# 
  2680   003D15                     SPI1CON1        equ	15637	;# 
  2681   003D16                     SPI1CON2        equ	15638	;# 
  2682   003D17                     SPI1STATUS      equ	15639	;# 
  2683   003D18                     SPI1TWIDTH      equ	15640	;# 
  2684   003D19                     SPI1BAUD        equ	15641	;# 
  2685   003D1A                     SPI1INTF        equ	15642	;# 
  2686   003D1B                     SPI1INTE        equ	15643	;# 
  2687   003D1C                     SPI1CLK         equ	15644	;# 
  2688   003D54                     I2C2RXB         equ	15700	;# 
  2689   003D55                     I2C2TXB         equ	15701	;# 
  2690   003D56                     I2C2CNT         equ	15702	;# 
  2691   003D57                     I2C2ADB0        equ	15703	;# 
  2692   003D58                     I2C2ADB1        equ	15704	;# 
  2693   003D59                     I2C2ADR0        equ	15705	;# 
  2694   003D5A                     I2C2ADR1        equ	15706	;# 
  2695   003D5B                     I2C2ADR2        equ	15707	;# 
  2696   003D5C                     I2C2ADR3        equ	15708	;# 
  2697   003D5D                     I2C2CON0        equ	15709	;# 
  2698   003D5E                     I2C2CON1        equ	15710	;# 
  2699   003D5F                     I2C2CON2        equ	15711	;# 
  2700   003D60                     I2C2ERR         equ	15712	;# 
  2701   003D61                     I2C2STAT0       equ	15713	;# 
  2702   003D62                     I2C2STAT1       equ	15714	;# 
  2703   003D63                     I2C2PIR         equ	15715	;# 
  2704   003D64                     I2C2PIE         equ	15716	;# 
  2705   003D65                     I2C2CLK         equ	15717	;# 
  2706   003D66                     I2C2BTO         equ	15718	;# 
  2707   003D6A                     I2C1RXB         equ	15722	;# 
  2708   003D6B                     I2C1TXB         equ	15723	;# 
  2709   003D6C                     I2C1CNT         equ	15724	;# 
  2710   003D6D                     I2C1ADB0        equ	15725	;# 
  2711   003D6E                     I2C1ADB1        equ	15726	;# 
  2712   003D6F                     I2C1ADR0        equ	15727	;# 
  2713   003D70                     I2C1ADR1        equ	15728	;# 
  2714   003D71                     I2C1ADR2        equ	15729	;# 
  2715   003D72                     I2C1ADR3        equ	15730	;# 
  2716   003D73                     I2C1CON0        equ	15731	;# 
  2717   003D74                     I2C1CON1        equ	15732	;# 
  2718   003D75                     I2C1CON2        equ	15733	;# 
  2719   003D76                     I2C1ERR         equ	15734	;# 
  2720   003D77                     I2C1STAT0       equ	15735	;# 
  2721   003D78                     I2C1STAT1       equ	15736	;# 
  2722   003D79                     I2C1PIR         equ	15737	;# 
  2723   003D7A                     I2C1PIE         equ	15738	;# 
  2724   003D7B                     I2C1CLK         equ	15739	;# 
  2725   003D7C                     I2C1BTO         equ	15740	;# 
  2726   003DD0                     U2RXB           equ	15824	;# 
  2727   003DD0                     U2RXBL          equ	15824	;# 
  2728   003DD2                     U2TXB           equ	15826	;# 
  2729   003DD2                     U2TXBL          equ	15826	;# 
  2730   003DD4                     U2P1            equ	15828	;# 
  2731   003DD4                     U2P1L           equ	15828	;# 
  2732   003DD6                     U2P2            equ	15830	;# 
  2733   003DD6                     U2P2L           equ	15830	;# 
  2734   003DD8                     U2P3            equ	15832	;# 
  2735   003DD8                     U2P3L           equ	15832	;# 
  2736   003DDA                     U2CON0          equ	15834	;# 
  2737   003DDB                     U2CON1          equ	15835	;# 
  2738   003DDC                     U2CON2          equ	15836	;# 
  2739   003DDD                     U2BRG           equ	15837	;# 
  2740   003DDD                     U2BRGL          equ	15837	;# 
  2741   003DDE                     U2BRGH          equ	15838	;# 
  2742   003DDF                     U2FIFO          equ	15839	;# 
  2743   003DE0                     U2UIR           equ	15840	;# 
  2744   003DE1                     U2ERRIR         equ	15841	;# 
  2745   003DE2                     U2ERRIE         equ	15842	;# 
  2746   003DE8                     U1RXB           equ	15848	;# 
  2747   003DE8                     U1RXBL          equ	15848	;# 
  2748   003DE9                     U1RXCHK         equ	15849	;# 
  2749   003DEA                     U1TXB           equ	15850	;# 
  2750   003DEA                     U1TXBL          equ	15850	;# 
  2751   003DEB                     U1TXCHK         equ	15851	;# 
  2752   003DEC                     U1P1            equ	15852	;# 
  2753   003DEC                     U1P1L           equ	15852	;# 
  2754   003DED                     U1P1H           equ	15853	;# 
  2755   003DEE                     U1P2            equ	15854	;# 
  2756   003DEE                     U1P2L           equ	15854	;# 
  2757   003DEF                     U1P2H           equ	15855	;# 
  2758   003DF0                     U1P3            equ	15856	;# 
  2759   003DF0                     U1P3L           equ	15856	;# 
  2760   003DF1                     U1P3H           equ	15857	;# 
  2761   003DF2                     U1CON0          equ	15858	;# 
  2762   003DF3                     U1CON1          equ	15859	;# 
  2763   003DF4                     U1CON2          equ	15860	;# 
  2764   003DF5                     U1BRG           equ	15861	;# 
  2765   003DF5                     U1BRGL          equ	15861	;# 
  2766   003DF6                     U1BRGH          equ	15862	;# 
  2767   003DF7                     U1FIFO          equ	15863	;# 
  2768   003DF8                     U1UIR           equ	15864	;# 
  2769   003DF9                     U1ERRIR         equ	15865	;# 
  2770   003DFA                     U1ERRIE         equ	15866	;# 
  2771   003E9C                     DAC1CON1        equ	16028	;# 
  2772   003E9E                     DAC1CON0        equ	16030	;# 
  2773   003EB8                     CM2CON0         equ	16056	;# 
  2774   003EB9                     CM2CON1         equ	16057	;# 
  2775   003EBA                     CM2NCH          equ	16058	;# 
  2776   003EBB                     CM2PCH          equ	16059	;# 
  2777   003EBC                     CM1CON0         equ	16060	;# 
  2778   003EBD                     CM1CON1         equ	16061	;# 
  2779   003EBE                     CM1NCH          equ	16062	;# 
  2780   003EBF                     CM1PCH          equ	16063	;# 
  2781   003EC0                     CMOUT           equ	16064	;# 
  2782   003EC1                     FVRCON          equ	16065	;# 
  2783   003EC3                     ZCDCON          equ	16067	;# 
  2784   003EC9                     HLVDCON0        equ	16073	;# 
  2785   003ECA                     HLVDCON1        equ	16074	;# 
  2786   003ED7                     ADCP            equ	16087	;# 
  2787   003EDE                     ADLTH           equ	16094	;# 
  2788   003EDE                     ADLTHL          equ	16094	;# 
  2789   003EDF                     ADLTHH          equ	16095	;# 
  2790   003EE0                     ADUTH           equ	16096	;# 
  2791   003EE0                     ADUTHL          equ	16096	;# 
  2792   003EE1                     ADUTHH          equ	16097	;# 
  2793   003EE2                     ADERR           equ	16098	;# 
  2794   003EE2                     ADERRL          equ	16098	;# 
  2795   003EE3                     ADERRH          equ	16099	;# 
  2796   003EE4                     ADSTPT          equ	16100	;# 
  2797   003EE4                     ADSTPTL         equ	16100	;# 
  2798   003EE5                     ADSTPTH         equ	16101	;# 
  2799   003EE6                     ADFLTR          equ	16102	;# 
  2800   003EE6                     ADFLTRL         equ	16102	;# 
  2801   003EE7                     ADFLTRH         equ	16103	;# 
  2802   003EE8                     ADACC           equ	16104	;# 
  2803   003EE8                     ADACCL          equ	16104	;# 
  2804   003EE9                     ADACCH          equ	16105	;# 
  2805   003EEA                     ADACCU          equ	16106	;# 
  2806   003EEB                     ADCNT           equ	16107	;# 
  2807   003EEC                     ADRPT           equ	16108	;# 
  2808   003EED                     ADPREV          equ	16109	;# 
  2809   003EED                     ADPREVL         equ	16109	;# 
  2810   003EEE                     ADPREVH         equ	16110	;# 
  2811   003EEF                     ADRES           equ	16111	;# 
  2812   003EEF                     ADRESL          equ	16111	;# 
  2813   003EF0                     ADRESH          equ	16112	;# 
  2814   003EF1                     ADPCH           equ	16113	;# 
  2815   003EF3                     ADACQ           equ	16115	;# 
  2816   003EF3                     ADACQL          equ	16115	;# 
  2817   003EF4                     ADACQH          equ	16116	;# 
  2818   003EF5                     ADCAP           equ	16117	;# 
  2819   003EF6                     ADPRE           equ	16118	;# 
  2820   003EF6                     ADPREL          equ	16118	;# 
  2821   003EF7                     ADPREH          equ	16119	;# 
  2822   003EF8                     ADCON0          equ	16120	;# 
  2823   003EF9                     ADCON1          equ	16121	;# 
  2824   003EFA                     ADCON2          equ	16122	;# 
  2825   003EFB                     ADCON3          equ	16123	;# 
  2826   003EFC                     ADSTAT          equ	16124	;# 
  2827   003EFD                     ADREF           equ	16125	;# 
  2828   003EFE                     ADACT           equ	16126	;# 
  2829   003EFF                     ADCLK           equ	16127	;# 
  2830   003F12                     SMT1TMR         equ	16146	;# 
  2831   003F12                     SMT1TMRL        equ	16146	;# 
  2832   003F13                     SMT1TMRH        equ	16147	;# 
  2833   003F14                     SMT1TMRU        equ	16148	;# 
  2834   003F15                     SMT1CPR         equ	16149	;# 
  2835   003F15                     SMT1CPRL        equ	16149	;# 
  2836   003F16                     SMT1CPRH        equ	16150	;# 
  2837   003F17                     SMT1CPRU        equ	16151	;# 
  2838   003F18                     SMT1CPW         equ	16152	;# 
  2839   003F18                     SMT1CPWL        equ	16152	;# 
  2840   003F19                     SMT1CPWH        equ	16153	;# 
  2841   003F1A                     SMT1CPWU        equ	16154	;# 
  2842   003F1B                     SMT1PR          equ	16155	;# 
  2843   003F1B                     SMT1PRL         equ	16155	;# 
  2844   003F1C                     SMT1PRH         equ	16156	;# 
  2845   003F1D                     SMT1PRU         equ	16157	;# 
  2846   003F1E                     SMT1CON0        equ	16158	;# 
  2847   003F1F                     SMT1CON1        equ	16159	;# 
  2848   003F20                     SMT1STAT        equ	16160	;# 
  2849   003F21                     SMT1CLK         equ	16161	;# 
  2850   003F22                     SMT1SIG         equ	16162	;# 
  2851   003F23                     SMT1WIN         equ	16163	;# 
  2852   003F38                     NCO1ACC         equ	16184	;# 
  2853   003F38                     NCO1ACCL        equ	16184	;# 
  2854   003F39                     NCO1ACCH        equ	16185	;# 
  2855   003F3A                     NCO1ACCU        equ	16186	;# 
  2856   003F3B                     NCO1INC         equ	16187	;# 
  2857   003F3B                     NCO1INCL        equ	16187	;# 
  2858   003F3C                     NCO1INCH        equ	16188	;# 
  2859   003F3D                     NCO1INCU        equ	16189	;# 
  2860   003F3E                     NCO1CON         equ	16190	;# 
  2861   003F3F                     NCO1CLK         equ	16191	;# 
  2862   003F40                     CWG3CLK         equ	16192	;# 
  2863   003F40                     CWG3CLKCON      equ	16192	;# 
  2864   003F41                     CWG3ISM         equ	16193	;# 
  2865   003F41                     CWG3DAT         equ	16193	;# 
  2866   003F42                     CWG3DBR         equ	16194	;# 
  2867   003F43                     CWG3DBF         equ	16195	;# 
  2868   003F44                     CWG3CON0        equ	16196	;# 
  2869   003F45                     CWG3CON1        equ	16197	;# 
  2870   003F46                     CWG3AS0         equ	16198	;# 
  2871   003F47                     CWG3AS1         equ	16199	;# 
  2872   003F48                     CWG3STR         equ	16200	;# 
  2873   003F49                     CWG2CLK         equ	16201	;# 
  2874   003F49                     CWG2CLKCON      equ	16201	;# 
  2875   003F4A                     CWG2ISM         equ	16202	;# 
  2876   003F4A                     CWG2DAT         equ	16202	;# 
  2877   003F4B                     CWG2DBR         equ	16203	;# 
  2878   003F4C                     CWG2DBF         equ	16204	;# 
  2879   003F4D                     CWG2CON0        equ	16205	;# 
  2880   003F4E                     CWG2CON1        equ	16206	;# 
  2881   003F4F                     CWG2AS0         equ	16207	;# 
  2882   003F50                     CWG2AS1         equ	16208	;# 
  2883   003F51                     CWG2STR         equ	16209	;# 
  2884   003F52                     CWG1CLK         equ	16210	;# 
  2885   003F52                     CWG1CLKCON      equ	16210	;# 
  2886   003F53                     CWG1ISM         equ	16211	;# 
  2887   003F53                     CWG1DAT         equ	16211	;# 
  2888   003F54                     CWG1DBR         equ	16212	;# 
  2889   003F55                     CWG1DBF         equ	16213	;# 
  2890   003F56                     CWG1CON0        equ	16214	;# 
  2891   003F57                     CWG1CON1        equ	16215	;# 
  2892   003F58                     CWG1AS0         equ	16216	;# 
  2893   003F59                     CWG1AS1         equ	16217	;# 
  2894   003F5A                     CWG1STR         equ	16218	;# 
  2895   003F5E                     CCPTMRS0        equ	16222	;# 
  2896   003F5F                     CCPTMRS1        equ	16223	;# 
  2897   003F60                     PWM8DC          equ	16224	;# 
  2898   003F60                     PWM8DCL         equ	16224	;# 
  2899   003F61                     PWM8DCH         equ	16225	;# 
  2900   003F62                     PWM8CON         equ	16226	;# 
  2901   003F64                     PWM7DC          equ	16228	;# 
  2902   003F64                     PWM7DCL         equ	16228	;# 
  2903   003F65                     PWM7DCH         equ	16229	;# 
  2904   003F66                     PWM7CON         equ	16230	;# 
  2905   003F68                     PWM6DC          equ	16232	;# 
  2906   003F68                     PWM6DCL         equ	16232	;# 
  2907   003F69                     PWM6DCH         equ	16233	;# 
  2908   003F6A                     PWM6CON         equ	16234	;# 
  2909   003F6C                     PWM5DC          equ	16236	;# 
  2910   003F6C                     PWM5DCL         equ	16236	;# 
  2911   003F6D                     PWM5DCH         equ	16237	;# 
  2912   003F6E                     PWM5CON         equ	16238	;# 
  2913   003F70                     CCPR4           equ	16240	;# 
  2914   003F70                     CCPR4L          equ	16240	;# 
  2915   003F71                     CCPR4H          equ	16241	;# 
  2916   003F72                     CCP4CON         equ	16242	;# 
  2917   003F73                     CCP4CAP         equ	16243	;# 
  2918   003F74                     CCPR3           equ	16244	;# 
  2919   003F74                     CCPR3L          equ	16244	;# 
  2920   003F75                     CCPR3H          equ	16245	;# 
  2921   003F76                     CCP3CON         equ	16246	;# 
  2922   003F77                     CCP3CAP         equ	16247	;# 
  2923   003F78                     CCPR2           equ	16248	;# 
  2924   003F78                     CCPR2L          equ	16248	;# 
  2925   003F79                     CCPR2H          equ	16249	;# 
  2926   003F7A                     CCP2CON         equ	16250	;# 
  2927   003F7B                     CCP2CAP         equ	16251	;# 
  2928   003F7C                     CCPR1           equ	16252	;# 
  2929   003F7C                     CCPR1L          equ	16252	;# 
  2930   003F7D                     CCPR1H          equ	16253	;# 
  2931   003F7E                     CCP1CON         equ	16254	;# 
  2932   003F7F                     CCP1CAP         equ	16255	;# 
  2933   003F92                     T6TMR           equ	16274	;# 
  2934   003F92                     TMR6            equ	16274	;# 
  2935   003F93                     T6PR            equ	16275	;# 
  2936   003F93                     PR6             equ	16275	;# 
  2937   003F94                     T6CON           equ	16276	;# 
  2938   003F95                     T6HLT           equ	16277	;# 
  2939   003F96                     T6CLKCON        equ	16278	;# 
  2940   003F96                     T6CLK           equ	16278	;# 
  2941   003F97                     T6RST           equ	16279	;# 
  2942   003F98                     TMR5            equ	16280	;# 
  2943   003F98                     TMR5L           equ	16280	;# 
  2944   003F99                     TMR5H           equ	16281	;# 
  2945   003F9A                     T5CON           equ	16282	;# 
  2946   003F9A                     TMR5CON         equ	16282	;# 
  2947   003F9B                     T5GCON          equ	16283	;# 
  2948   003F9B                     TMR5GCON        equ	16283	;# 
  2949   003F9C                     T5GATE          equ	16284	;# 
  2950   003F9C                     TMR5GATE        equ	16284	;# 
  2951   003F9D                     T5CLK           equ	16285	;# 
  2952   003F9D                     TMR5CLK         equ	16285	;# 
  2953   003F9D                     PR5             equ	16285	;# 
  2954   003F9E                     T4TMR           equ	16286	;# 
  2955   003F9E                     TMR4            equ	16286	;# 
  2956   003F9F                     T4PR            equ	16287	;# 
  2957   003F9F                     PR4             equ	16287	;# 
  2958   003FA0                     T4CON           equ	16288	;# 
  2959   003FA1                     T4HLT           equ	16289	;# 
  2960   003FA2                     T4CLKCON        equ	16290	;# 
  2961   003FA2                     T4CLK           equ	16290	;# 
  2962   003FA3                     T4RST           equ	16291	;# 
  2963   003FA4                     TMR3            equ	16292	;# 
  2964   003FA4                     TMR3L           equ	16292	;# 
  2965   003FA5                     TMR3H           equ	16293	;# 
  2966   003FA6                     T3CON           equ	16294	;# 
  2967   003FA6                     TMR3CON         equ	16294	;# 
  2968   003FA7                     T3GCON          equ	16295	;# 
  2969   003FA7                     TMR3GCON        equ	16295	;# 
  2970   003FA8                     T3GATE          equ	16296	;# 
  2971   003FA8                     TMR3GATE        equ	16296	;# 
  2972   003FA9                     T3CLK           equ	16297	;# 
  2973   003FA9                     TMR3CLK         equ	16297	;# 
  2974   003FA9                     PR3             equ	16297	;# 
  2975   003FAA                     T2TMR           equ	16298	;# 
  2976   003FAA                     TMR2            equ	16298	;# 
  2977   003FAB                     T2PR            equ	16299	;# 
  2978   003FAB                     PR2             equ	16299	;# 
  2979   003FAC                     T2CON           equ	16300	;# 
  2980   003FAD                     T2HLT           equ	16301	;# 
  2981   003FAE                     T2CLKCON        equ	16302	;# 
  2982   003FAE                     T2CLK           equ	16302	;# 
  2983   003FAF                     T2RST           equ	16303	;# 
  2984   003FB0                     TMR1            equ	16304	;# 
  2985   003FB0                     TMR1L           equ	16304	;# 
  2986   003FB1                     TMR1H           equ	16305	;# 
  2987   003FB2                     T1CON           equ	16306	;# 
  2988   003FB2                     TMR1CON         equ	16306	;# 
  2989   003FB3                     T1GCON          equ	16307	;# 
  2990   003FB3                     TMR1GCON        equ	16307	;# 
  2991   003FB4                     T1GATE          equ	16308	;# 
  2992   003FB4                     TMR1GATE        equ	16308	;# 
  2993   003FB5                     T1CLK           equ	16309	;# 
  2994   003FB5                     TMR1CLK         equ	16309	;# 
  2995   003FB5                     PR1             equ	16309	;# 
  2996   003FB6                     TMR0L           equ	16310	;# 
  2997   003FB6                     TMR0            equ	16310	;# 
  2998   003FB7                     TMR0H           equ	16311	;# 
  2999   003FB7                     PR0             equ	16311	;# 
  3000   003FB8                     T0CON0          equ	16312	;# 
  3001   003FB9                     T0CON1          equ	16313	;# 
  3002   003FBA                     LATA            equ	16314	;# 
  3003   003FBB                     LATB            equ	16315	;# 
  3004   003FBC                     LATC            equ	16316	;# 
  3005   003FBD                     LATD            equ	16317	;# 
  3006   003FBE                     LATE            equ	16318	;# 
  3007   003FC2                     TRISA           equ	16322	;# 
  3008   003FC3                     TRISB           equ	16323	;# 
  3009   003FC4                     TRISC           equ	16324	;# 
  3010   003FC5                     TRISD           equ	16325	;# 
  3011   003FC6                     TRISE           equ	16326	;# 
  3012   003FCA                     PORTA           equ	16330	;# 
  3013   003FCB                     PORTB           equ	16331	;# 
  3014   003FCC                     PORTC           equ	16332	;# 
  3015   003FCD                     PORTD           equ	16333	;# 
  3016   003FCE                     PORTE           equ	16334	;# 
  3017   003FD2                     INTCON0         equ	16338	;# 
  3018   003FD3                     INTCON1         equ	16339	;# 
  3019   003FD4                     IVTLOCK         equ	16340	;# 
  3020   003FD5                     IVTBASE         equ	16341	;# 
  3021   003FD5                     IVTBASEL        equ	16341	;# 
  3022   003FD6                     IVTBASEH        equ	16342	;# 
  3023   003FD7                     IVTBASEU        equ	16343	;# 
  3024   003FD8                     STATUS          equ	16344	;# 
  3025   003FD9                     FSR2            equ	16345	;# 
  3026   003FD9                     FSR2L           equ	16345	;# 
  3027   003FDA                     FSR2H           equ	16346	;# 
  3028   003FDB                     PLUSW2          equ	16347	;# 
  3029   003FDC                     PREINC2         equ	16348	;# 
  3030   003FDD                     POSTDEC2        equ	16349	;# 
  3031   003FDE                     POSTINC2        equ	16350	;# 
  3032   003FDF                     INDF2           equ	16351	;# 
  3033   003FE0                     BSR             equ	16352	;# 
  3034   003FE1                     FSR1            equ	16353	;# 
  3035   003FE1                     FSR1L           equ	16353	;# 
  3036   003FE2                     FSR1H           equ	16354	;# 
  3037   003FE3                     PLUSW1          equ	16355	;# 
  3038   003FE4                     PREINC1         equ	16356	;# 
  3039   003FE5                     POSTDEC1        equ	16357	;# 
  3040   003FE6                     POSTINC1        equ	16358	;# 
  3041   003FE7                     INDF1           equ	16359	;# 
  3042   003FE8                     WREG            equ	16360	;# 
  3043   003FE9                     FSR0            equ	16361	;# 
  3044   003FE9                     FSR0L           equ	16361	;# 
  3045   003FEA                     FSR0H           equ	16362	;# 
  3046   003FEB                     PLUSW0          equ	16363	;# 
  3047   003FEC                     PREINC0         equ	16364	;# 
  3048   003FED                     POSTDEC0        equ	16365	;# 
  3049   003FEE                     POSTINC0        equ	16366	;# 
  3050   003FEF                     INDF0           equ	16367	;# 
  3051   003FF0                     PCON0           equ	16368	;# 
  3052   003FF1                     PCON1           equ	16369	;# 
  3053   003FF3                     PROD            equ	16371	;# 
  3054   003FF3                     PRODL           equ	16371	;# 
  3055   003FF4                     PRODH           equ	16372	;# 
  3056   003FF5                     TABLAT          equ	16373	;# 
  3057   003FF6                     TBLPTR          equ	16374	;# 
  3058   003FF6                     TBLPTRL         equ	16374	;# 
  3059   003FF7                     TBLPTRH         equ	16375	;# 
  3060   003FF8                     TBLPTRU         equ	16376	;# 
  3061   003FF9                     PCLAT           equ	16377	;# 
  3062   003FF9                     PCL             equ	16377	;# 
  3063   003FFA                     PCLATH          equ	16378	;# 
  3064   003FFB                     PCLATU          equ	16379	;# 
  3065   003FFC                     STKPTR          equ	16380	;# 
  3066   003FFD                     TOS             equ	16381	;# 
  3067   003FFD                     TOSL            equ	16381	;# 
  3068   003FFE                     TOSH            equ	16382	;# 
  3069   003FFF                     TOSU            equ	16383	;# 
  3070   003880                     STATUS_CSHAD    equ	14464	;# 
  3071   003881                     WREG_CSHAD      equ	14465	;# 
  3072   003882                     BSR_CSHAD       equ	14466	;# 
  3073   003883                     SHADCON         equ	14467	;# 
  3074   003884                     STATUS_SHAD     equ	14468	;# 
  3075   003885                     WREG_SHAD       equ	14469	;# 
  3076   003886                     BSR_SHAD        equ	14470	;# 
  3077   003887                     PCLATH_SHAD     equ	14471	;# 
  3078   003888                     PCLATU_SHAD     equ	14472	;# 
  3079   003889                     FSR0SH          equ	14473	;# 
  3080   003889                     FSR0L_SHAD      equ	14473	;# 
  3081   00388A                     FSR0H_SHAD      equ	14474	;# 
  3082   00388B                     FSR1SH          equ	14475	;# 
  3083   00388B                     FSR1L_SHAD      equ	14475	;# 
  3084   00388C                     FSR1H_SHAD      equ	14476	;# 
  3085   00388D                     FSR2SH          equ	14477	;# 
  3086   00388D                     FSR2L_SHAD      equ	14477	;# 
  3087   00388E                     FSR2H_SHAD      equ	14478	;# 
  3088   00388F                     PRODSH          equ	14479	;# 
  3089   00388F                     PRODL_SHAD      equ	14479	;# 
  3090   003890                     PRODH_SHAD      equ	14480	;# 
  3091   00389D                     IVTADL          equ	14493	;# 
  3092   00389E                     IVTADH          equ	14494	;# 
  3093   00389F                     IVTADU          equ	14495	;# 
  3094   00395B                     WDTCON0         equ	14683	;# 
  3095   00395C                     WDTCON1         equ	14684	;# 
  3096   00395D                     WDTPSL          equ	14685	;# 
  3097   00395E                     WDTPSH          equ	14686	;# 
  3098   00395F                     WDTTMR          equ	14687	;# 
  3099   003960                     CRCDATA         equ	14688	;# 
  3100   003960                     CRCDATL         equ	14688	;# 
  3101   003961                     CRCDATH         equ	14689	;# 
  3102   003962                     CRCACC          equ	14690	;# 
  3103   003962                     CRCACCL         equ	14690	;# 
  3104   003963                     CRCACCH         equ	14691	;# 
  3105   003964                     CRCSHFT         equ	14692	;# 
  3106   003964                     CRCSHIFTL       equ	14692	;# 
  3107   003965                     CRCSHIFTH       equ	14693	;# 
  3108   003966                     CRCXOR          equ	14694	;# 
  3109   003966                     CRCXORL         equ	14694	;# 
  3110   003967                     CRCXORH         equ	14695	;# 
  3111   003968                     CRCCON0         equ	14696	;# 
  3112   003969                     CRCCON1         equ	14697	;# 
  3113   003976                     SCANLADR        equ	14710	;# 
  3114   003976                     SCANLADRL       equ	14710	;# 
  3115   003977                     SCANLADRH       equ	14711	;# 
  3116   003978                     SCANLADRU       equ	14712	;# 
  3117   003979                     SCANHADR        equ	14713	;# 
  3118   003979                     SCANHADRL       equ	14713	;# 
  3119   00397A                     SCANHADRH       equ	14714	;# 
  3120   00397B                     SCANHADRU       equ	14715	;# 
  3121   00397C                     SCANCON0        equ	14716	;# 
  3122   00397D                     SCANTRIG        equ	14717	;# 
  3123   003980                     IPR0            equ	14720	;# 
  3124   003981                     IPR1            equ	14721	;# 
  3125   003982                     IPR2            equ	14722	;# 
  3126   003983                     IPR3            equ	14723	;# 
  3127   003984                     IPR4            equ	14724	;# 
  3128   003985                     IPR5            equ	14725	;# 
  3129   003986                     IPR6            equ	14726	;# 
  3130   003987                     IPR7            equ	14727	;# 
  3131   003988                     IPR8            equ	14728	;# 
  3132   003989                     IPR9            equ	14729	;# 
  3133   00398A                     IPR10           equ	14730	;# 
  3134   003990                     PIE0            equ	14736	;# 
  3135   003991                     PIE1            equ	14737	;# 
  3136   003992                     PIE2            equ	14738	;# 
  3137   003993                     PIE3            equ	14739	;# 
  3138   003994                     PIE4            equ	14740	;# 
  3139   003995                     PIE5            equ	14741	;# 
  3140   003996                     PIE6            equ	14742	;# 
  3141   003997                     PIE7            equ	14743	;# 
  3142   003998                     PIE8            equ	14744	;# 
  3143   003999                     PIE9            equ	14745	;# 
  3144   00399A                     PIE10           equ	14746	;# 
  3145   0039A0                     PIR0            equ	14752	;# 
  3146   0039A1                     PIR1            equ	14753	;# 
  3147   0039A2                     PIR2            equ	14754	;# 
  3148   0039A3                     PIR3            equ	14755	;# 
  3149   0039A4                     PIR4            equ	14756	;# 
  3150   0039A5                     PIR5            equ	14757	;# 
  3151   0039A6                     PIR6            equ	14758	;# 
  3152   0039A7                     PIR7            equ	14759	;# 
  3153   0039A8                     PIR8            equ	14760	;# 
  3154   0039A9                     PIR9            equ	14761	;# 
  3155   0039AA                     PIR10           equ	14762	;# 
  3156   0039C0                     PMD0            equ	14784	;# 
  3157   0039C1                     PMD1            equ	14785	;# 
  3158   0039C2                     PMD2            equ	14786	;# 
  3159   0039C3                     PMD3            equ	14787	;# 
  3160   0039C4                     PMD4            equ	14788	;# 
  3161   0039C5                     PMD5            equ	14789	;# 
  3162   0039C6                     PMD6            equ	14790	;# 
  3163   0039C7                     PMD7            equ	14791	;# 
  3164   0039D0                     BORCON          equ	14800	;# 
  3165   0039D1                     VREGCON         equ	14801	;# 
  3166   0039D8                     CPUDOZE         equ	14808	;# 
  3167   0039D9                     OSCCON1         equ	14809	;# 
  3168   0039DA                     OSCCON2         equ	14810	;# 
  3169   0039DB                     OSCCON3         equ	14811	;# 
  3170   0039DC                     OSCSTAT         equ	14812	;# 
  3171   0039DC                     OSCSTAT1        equ	14812	;# 
  3172   0039DD                     OSCEN           equ	14813	;# 
  3173   0039DE                     OSCTUNE         equ	14814	;# 
  3174   0039DF                     OSCFRQ          equ	14815	;# 
  3175   0039E0                     NVMADRL         equ	14816	;# 
  3176   0039E1                     NVMADRH         equ	14817	;# 
  3177   0039E3                     NVMDAT          equ	14819	;# 
  3178   0039E5                     NVMCON1         equ	14821	;# 
  3179   0039E6                     NVMCON2         equ	14822	;# 
  3180   0039EF                     PRLOCK          equ	14831	;# 
  3181   0039F1                     ISRPR           equ	14833	;# 
  3182   0039F2                     MAINPR          equ	14834	;# 
  3183   0039F3                     DMA1PR          equ	14835	;# 
  3184   0039F4                     DMA2PR          equ	14836	;# 
  3185   0039F7                     SCANPR          equ	14839	;# 
  3186   003A00                     RA0PPS          equ	14848	;# 
  3187   003A01                     RA1PPS          equ	14849	;# 
  3188   003A02                     RA2PPS          equ	14850	;# 
  3189   003A03                     RA3PPS          equ	14851	;# 
  3190   003A04                     RA4PPS          equ	14852	;# 
  3191   003A05                     RA5PPS          equ	14853	;# 
  3192   003A06                     RA6PPS          equ	14854	;# 
  3193   003A07                     RA7PPS          equ	14855	;# 
  3194   003A08                     RB0PPS          equ	14856	;# 
  3195   003A09                     RB1PPS          equ	14857	;# 
  3196   003A0A                     RB2PPS          equ	14858	;# 
  3197   003A0B                     RB3PPS          equ	14859	;# 
  3198   003A0C                     RB4PPS          equ	14860	;# 
  3199   003A0D                     RB5PPS          equ	14861	;# 
  3200   003A0E                     RB6PPS          equ	14862	;# 
  3201   003A0F                     RB7PPS          equ	14863	;# 
  3202   003A10                     RC0PPS          equ	14864	;# 
  3203   003A11                     RC1PPS          equ	14865	;# 
  3204   003A12                     RC2PPS          equ	14866	;# 
  3205   003A13                     RC3PPS          equ	14867	;# 
  3206   003A14                     RC4PPS          equ	14868	;# 
  3207   003A15                     RC5PPS          equ	14869	;# 
  3208   003A16                     RC6PPS          equ	14870	;# 
  3209   003A17                     RC7PPS          equ	14871	;# 
  3210   003A18                     RD0PPS          equ	14872	;# 
  3211   003A19                     RD1PPS          equ	14873	;# 
  3212   003A1A                     RD2PPS          equ	14874	;# 
  3213   003A1B                     RD3PPS          equ	14875	;# 
  3214   003A1C                     RD4PPS          equ	14876	;# 
  3215   003A1D                     RD5PPS          equ	14877	;# 
  3216   003A1E                     RD6PPS          equ	14878	;# 
  3217   003A1F                     RD7PPS          equ	14879	;# 
  3218   003A20                     RE0PPS          equ	14880	;# 
  3219   003A21                     RE1PPS          equ	14881	;# 
  3220   003A22                     RE2PPS          equ	14882	;# 
  3221   003A40                     ANSELA          equ	14912	;# 
  3222   003A41                     WPUA            equ	14913	;# 
  3223   003A42                     ODCONA          equ	14914	;# 
  3224   003A43                     SLRCONA         equ	14915	;# 
  3225   003A44                     INLVLA          equ	14916	;# 
  3226   003A45                     IOCAP           equ	14917	;# 
  3227   003A46                     IOCAN           equ	14918	;# 
  3228   003A47                     IOCAF           equ	14919	;# 
  3229   003A50                     ANSELB          equ	14928	;# 
  3230   003A51                     WPUB            equ	14929	;# 
  3231   003A52                     ODCONB          equ	14930	;# 
  3232   003A53                     SLRCONB         equ	14931	;# 
  3233   003A54                     INLVLB          equ	14932	;# 
  3234   003A55                     IOCBP           equ	14933	;# 
  3235   003A56                     IOCBN           equ	14934	;# 
  3236   003A57                     IOCBF           equ	14935	;# 
  3237   003A5A                     RB1I2C          equ	14938	;# 
  3238   003A5B                     RB2I2C          equ	14939	;# 
  3239   003A60                     ANSELC          equ	14944	;# 
  3240   003A61                     WPUC            equ	14945	;# 
  3241   003A62                     ODCONC          equ	14946	;# 
  3242   003A63                     SLRCONC         equ	14947	;# 
  3243   003A64                     INLVLC          equ	14948	;# 
  3244   003A65                     IOCCP           equ	14949	;# 
  3245   003A66                     IOCCN           equ	14950	;# 
  3246   003A67                     IOCCF           equ	14951	;# 
  3247   003A6A                     RC3I2C          equ	14954	;# 
  3248   003A6B                     RC4I2C          equ	14955	;# 
  3249   003A70                     ANSELD          equ	14960	;# 
  3250   003A71                     WPUD            equ	14961	;# 
  3251   003A72                     ODCOND          equ	14962	;# 
  3252   003A73                     SLRCOND         equ	14963	;# 
  3253   003A74                     INLVLD          equ	14964	;# 
  3254   003A7A                     RD0I2C          equ	14970	;# 
  3255   003A7B                     RD1I2C          equ	14971	;# 
  3256   003A80                     ANSELE          equ	14976	;# 
  3257   003A81                     WPUE            equ	14977	;# 
  3258   003A82                     ODCONE          equ	14978	;# 
  3259   003A83                     SLRCONE         equ	14979	;# 
  3260   003A84                     INLVLE          equ	14980	;# 
  3261   003A85                     IOCEP           equ	14981	;# 
  3262   003A86                     IOCEN           equ	14982	;# 
  3263   003A87                     IOCEF           equ	14983	;# 
  3264   003ABF                     PPSLOCK         equ	15039	;# 
  3265   003AC0                     INT0PPS         equ	15040	;# 
  3266   003AC1                     INT1PPS         equ	15041	;# 
  3267   003AC2                     INT2PPS         equ	15042	;# 
  3268   003AC3                     T0CKIPPS        equ	15043	;# 
  3269   003AC4                     T1CKIPPS        equ	15044	;# 
  3270   003AC5                     T1GPPS          equ	15045	;# 
  3271   003AC6                     T3CKIPPS        equ	15046	;# 
  3272   003AC7                     T3GPPS          equ	15047	;# 
  3273   003AC8                     T5CKIPPS        equ	15048	;# 
  3274   003AC9                     T5GPPS          equ	15049	;# 
  3275   003ACA                     T2INPPS         equ	15050	;# 
  3276   003ACB                     T4INPPS         equ	15051	;# 
  3277   003ACC                     T6INPPS         equ	15052	;# 
  3278   003ACD                     CCP1PPS         equ	15053	;# 
  3279   003ACE                     CCP2PPS         equ	15054	;# 
  3280   003ACF                     CCP3PPS         equ	15055	;# 
  3281   003AD0                     CCP4PPS         equ	15056	;# 
  3282   003AD1                     SMT1WINPPS      equ	15057	;# 
  3283   003AD2                     SMT1SIGPPS      equ	15058	;# 
  3284   003AD3                     CWG1INPPS       equ	15059	;# 
  3285   003AD4                     CWG2INPPS       equ	15060	;# 
  3286   003AD5                     CWG3INPPS       equ	15061	;# 
  3287   003AD6                     MD1CARLPPS      equ	15062	;# 
  3288   003AD7                     MD1CARHPPS      equ	15063	;# 
  3289   003AD8                     MD1SRCPPS       equ	15064	;# 
  3290   003AD9                     CLCIN0PPS       equ	15065	;# 
  3291   003ADA                     CLCIN1PPS       equ	15066	;# 
  3292   003ADB                     CLCIN2PPS       equ	15067	;# 
  3293   003ADC                     CLCIN3PPS       equ	15068	;# 
  3294   003ADD                     ADACTPPS        equ	15069	;# 
  3295   003ADE                     SPI1SCKPPS      equ	15070	;# 
  3296   003ADF                     SPI1SDIPPS      equ	15071	;# 
  3297   003AE0                     SPI1SSPPS       equ	15072	;# 
  3298   003AE1                     I2C1SCLPPS      equ	15073	;# 
  3299   003AE2                     I2C1SDAPPS      equ	15074	;# 
  3300   003AE3                     I2C2SCLPPS      equ	15075	;# 
  3301   003AE4                     I2C2SDAPPS      equ	15076	;# 
  3302   003AE5                     U1RXPPS         equ	15077	;# 
  3303   003AE6                     U1CTSPPS        equ	15078	;# 
  3304   003AE8                     U2RXPPS         equ	15080	;# 
  3305   003AE9                     U2CTSPPS        equ	15081	;# 
  3306   003BC9                     DMA2BUF         equ	15305	;# 
  3307   003BCA                     DMA2DCNT        equ	15306	;# 
  3308   003BCA                     DMA2DCNTL       equ	15306	;# 
  3309   003BCB                     DMA2DCNTH       equ	15307	;# 
  3310   003BCC                     DMA2DPTR        equ	15308	;# 
  3311   003BCC                     DMA2DPTRL       equ	15308	;# 
  3312   003BCD                     DMA2DPTRH       equ	15309	;# 
  3313   003BCE                     DMA2DSZ         equ	15310	;# 
  3314   003BCE                     DMA2DSZL        equ	15310	;# 
  3315   003BCF                     DMA2DSZH        equ	15311	;# 
  3316   003BD0                     DMA2DSA         equ	15312	;# 
  3317   003BD0                     DMA2DSAL        equ	15312	;# 
  3318   003BD1                     DMA2DSAH        equ	15313	;# 
  3319   003BD2                     DMA2SCNT        equ	15314	;# 
  3320   003BD2                     DMA2SCNTL       equ	15314	;# 
  3321   003BD3                     DMA2SCNTH       equ	15315	;# 
  3322   003BD4                     DMA2SPTR        equ	15316	;# 
  3323   003BD4                     DMA2SPTRL       equ	15316	;# 
  3324   003BD5                     DMA2SPTRH       equ	15317	;# 
  3325   003BD6                     DMA2SPTRU       equ	15318	;# 
  3326   003BD7                     DMA2SSZ         equ	15319	;# 
  3327   003BD7                     DMA2SSZL        equ	15319	;# 
  3328   003BD8                     DMA2SSZH        equ	15320	;# 
  3329   003BD9                     DMA2SSA         equ	15321	;# 
  3330   003BD9                     DMA2SSAL        equ	15321	;# 
  3331   003BDA                     DMA2SSAH        equ	15322	;# 
  3332   003BDB                     DMA2SSAU        equ	15323	;# 
  3333   003BDC                     DMA2CON0        equ	15324	;# 
  3334   003BDD                     DMA2CON1        equ	15325	;# 
  3335   003BDE                     DMA2AIRQ        equ	15326	;# 
  3336   003BDF                     DMA2SIRQ        equ	15327	;# 
  3337   003BE9                     DMA1BUF         equ	15337	;# 
  3338   003BEA                     DMA1DCNT        equ	15338	;# 
  3339   003BEA                     DMA1DCNTL       equ	15338	;# 
  3340   003BEB                     DMA1DCNTH       equ	15339	;# 
  3341   003BEC                     DMA1DPTR        equ	15340	;# 
  3342   003BEC                     DMA1DPTRL       equ	15340	;# 
  3343   003BED                     DMA1DPTRH       equ	15341	;# 
  3344   003BEE                     DMA1DSZ         equ	15342	;# 
  3345   003BEE                     DMA1DSZL        equ	15342	;# 
  3346   003BEF                     DMA1DSZH        equ	15343	;# 
  3347   003BF0                     DMA1DSA         equ	15344	;# 
  3348   003BF0                     DMA1DSAL        equ	15344	;# 
  3349   003BF1                     DMA1DSAH        equ	15345	;# 
  3350   003BF2                     DMA1SCNT        equ	15346	;# 
  3351   003BF2                     DMA1SCNTL       equ	15346	;# 
  3352   003BF3                     DMA1SCNTH       equ	15347	;# 
  3353   003BF4                     DMA1SPTR        equ	15348	;# 
  3354   003BF4                     DMA1SPTRL       equ	15348	;# 
  3355   003BF5                     DMA1SPTRH       equ	15349	;# 
  3356   003BF6                     DMA1SPTRU       equ	15350	;# 
  3357   003BF7                     DMA1SSZ         equ	15351	;# 
  3358   003BF7                     DMA1SSZL        equ	15351	;# 
  3359   003BF8                     DMA1SSZH        equ	15352	;# 
  3360   003BF9                     DMA1SSA         equ	15353	;# 
  3361   003BF9                     DMA1SSAL        equ	15353	;# 
  3362   003BFA                     DMA1SSAH        equ	15354	;# 
  3363   003BFB                     DMA1SSAU        equ	15355	;# 
  3364   003BFC                     DMA1CON0        equ	15356	;# 
  3365   003BFD                     DMA1CON1        equ	15357	;# 
  3366   003BFE                     DMA1AIRQ        equ	15358	;# 
  3367   003BFF                     DMA1SIRQ        equ	15359	;# 
  3368   003C56                     CLC4CON         equ	15446	;# 
  3369   003C57                     CLC4POL         equ	15447	;# 
  3370   003C58                     CLC4SEL0        equ	15448	;# 
  3371   003C59                     CLC4SEL1        equ	15449	;# 
  3372   003C5A                     CLC4SEL2        equ	15450	;# 
  3373   003C5B                     CLC4SEL3        equ	15451	;# 
  3374   003C5C                     CLC4GLS0        equ	15452	;# 
  3375   003C5D                     CLC4GLS1        equ	15453	;# 
  3376   003C5E                     CLC4GLS2        equ	15454	;# 
  3377   003C5F                     CLC4GLS3        equ	15455	;# 
  3378   003C60                     CLC3CON         equ	15456	;# 
  3379   003C61                     CLC3POL         equ	15457	;# 
  3380   003C62                     CLC3SEL0        equ	15458	;# 
  3381   003C63                     CLC3SEL1        equ	15459	;# 
  3382   003C64                     CLC3SEL2        equ	15460	;# 
  3383   003C65                     CLC3SEL3        equ	15461	;# 
  3384   003C66                     CLC3GLS0        equ	15462	;# 
  3385   003C67                     CLC3GLS1        equ	15463	;# 
  3386   003C68                     CLC3GLS2        equ	15464	;# 
  3387   003C69                     CLC3GLS3        equ	15465	;# 
  3388   003C6A                     CLC2CON         equ	15466	;# 
  3389   003C6B                     CLC2POL         equ	15467	;# 
  3390   003C6C                     CLC2SEL0        equ	15468	;# 
  3391   003C6D                     CLC2SEL1        equ	15469	;# 
  3392   003C6E                     CLC2SEL2        equ	15470	;# 
  3393   003C6F                     CLC2SEL3        equ	15471	;# 
  3394   003C70                     CLC2GLS0        equ	15472	;# 
  3395   003C71                     CLC2GLS1        equ	15473	;# 
  3396   003C72                     CLC2GLS2        equ	15474	;# 
  3397   003C73                     CLC2GLS3        equ	15475	;# 
  3398   003C74                     CLC1CON         equ	15476	;# 
  3399   003C75                     CLC1POL         equ	15477	;# 
  3400   003C76                     CLC1SEL0        equ	15478	;# 
  3401   003C77                     CLC1SEL1        equ	15479	;# 
  3402   003C78                     CLC1SEL2        equ	15480	;# 
  3403   003C79                     CLC1SEL3        equ	15481	;# 
  3404   003C7A                     CLC1GLS0        equ	15482	;# 
  3405   003C7B                     CLC1GLS1        equ	15483	;# 
  3406   003C7C                     CLC1GLS2        equ	15484	;# 
  3407   003C7D                     CLC1GLS3        equ	15485	;# 
  3408   003C7E                     CLCDATA0        equ	15486	;# 
  3409   003CE5                     CLKRCON         equ	15589	;# 
  3410   003CE6                     CLKRCLK         equ	15590	;# 
  3411   003CFA                     MD1CON0         equ	15610	;# 
  3412   003CFB                     MD1CON1         equ	15611	;# 
  3413   003CFC                     MD1SRC          equ	15612	;# 
  3414   003CFD                     MD1CARL         equ	15613	;# 
  3415   003CFE                     MD1CARH         equ	15614	;# 
  3416   003D10                     SPI1RXB         equ	15632	;# 
  3417   003D11                     SPI1TXB         equ	15633	;# 
  3418   003D12                     SPI1TCNT        equ	15634	;# 
  3419   003D12                     SPI1TCNTL       equ	15634	;# 
  3420   003D13                     SPI1TCNTH       equ	15635	;# 
  3421   003D14                     SPI1CON0        equ	15636	;# 
  3422   003D15                     SPI1CON1        equ	15637	;# 
  3423   003D16                     SPI1CON2        equ	15638	;# 
  3424   003D17                     SPI1STATUS      equ	15639	;# 
  3425   003D18                     SPI1TWIDTH      equ	15640	;# 
  3426   003D19                     SPI1BAUD        equ	15641	;# 
  3427   003D1A                     SPI1INTF        equ	15642	;# 
  3428   003D1B                     SPI1INTE        equ	15643	;# 
  3429   003D1C                     SPI1CLK         equ	15644	;# 
  3430   003D54                     I2C2RXB         equ	15700	;# 
  3431   003D55                     I2C2TXB         equ	15701	;# 
  3432   003D56                     I2C2CNT         equ	15702	;# 
  3433   003D57                     I2C2ADB0        equ	15703	;# 
  3434   003D58                     I2C2ADB1        equ	15704	;# 
  3435   003D59                     I2C2ADR0        equ	15705	;# 
  3436   003D5A                     I2C2ADR1        equ	15706	;# 
  3437   003D5B                     I2C2ADR2        equ	15707	;# 
  3438   003D5C                     I2C2ADR3        equ	15708	;# 
  3439   003D5D                     I2C2CON0        equ	15709	;# 
  3440   003D5E                     I2C2CON1        equ	15710	;# 
  3441   003D5F                     I2C2CON2        equ	15711	;# 
  3442   003D60                     I2C2ERR         equ	15712	;# 
  3443   003D61                     I2C2STAT0       equ	15713	;# 
  3444   003D62                     I2C2STAT1       equ	15714	;# 
  3445   003D63                     I2C2PIR         equ	15715	;# 
  3446   003D64                     I2C2PIE         equ	15716	;# 
  3447   003D65                     I2C2CLK         equ	15717	;# 
  3448   003D66                     I2C2BTO         equ	15718	;# 
  3449   003D6A                     I2C1RXB         equ	15722	;# 
  3450   003D6B                     I2C1TXB         equ	15723	;# 
  3451   003D6C                     I2C1CNT         equ	15724	;# 
  3452   003D6D                     I2C1ADB0        equ	15725	;# 
  3453   003D6E                     I2C1ADB1        equ	15726	;# 
  3454   003D6F                     I2C1ADR0        equ	15727	;# 
  3455   003D70                     I2C1ADR1        equ	15728	;# 
  3456   003D71                     I2C1ADR2        equ	15729	;# 
  3457   003D72                     I2C1ADR3        equ	15730	;# 
  3458   003D73                     I2C1CON0        equ	15731	;# 
  3459   003D74                     I2C1CON1        equ	15732	;# 
  3460   003D75                     I2C1CON2        equ	15733	;# 
  3461   003D76                     I2C1ERR         equ	15734	;# 
  3462   003D77                     I2C1STAT0       equ	15735	;# 
  3463   003D78                     I2C1STAT1       equ	15736	;# 
  3464   003D79                     I2C1PIR         equ	15737	;# 
  3465   003D7A                     I2C1PIE         equ	15738	;# 
  3466   003D7B                     I2C1CLK         equ	15739	;# 
  3467   003D7C                     I2C1BTO         equ	15740	;# 
  3468   003DD0                     U2RXB           equ	15824	;# 
  3469   003DD0                     U2RXBL          equ	15824	;# 
  3470   003DD2                     U2TXB           equ	15826	;# 
  3471   003DD2                     U2TXBL          equ	15826	;# 
  3472   003DD4                     U2P1            equ	15828	;# 
  3473   003DD4                     U2P1L           equ	15828	;# 
  3474   003DD6                     U2P2            equ	15830	;# 
  3475   003DD6                     U2P2L           equ	15830	;# 
  3476   003DD8                     U2P3            equ	15832	;# 
  3477   003DD8                     U2P3L           equ	15832	;# 
  3478   003DDA                     U2CON0          equ	15834	;# 
  3479   003DDB                     U2CON1          equ	15835	;# 
  3480   003DDC                     U2CON2          equ	15836	;# 
  3481   003DDD                     U2BRG           equ	15837	;# 
  3482   003DDD                     U2BRGL          equ	15837	;# 
  3483   003DDE                     U2BRGH          equ	15838	;# 
  3484   003DDF                     U2FIFO          equ	15839	;# 
  3485   003DE0                     U2UIR           equ	15840	;# 
  3486   003DE1                     U2ERRIR         equ	15841	;# 
  3487   003DE2                     U2ERRIE         equ	15842	;# 
  3488   003DE8                     U1RXB           equ	15848	;# 
  3489   003DE8                     U1RXBL          equ	15848	;# 
  3490   003DE9                     U1RXCHK         equ	15849	;# 
  3491   003DEA                     U1TXB           equ	15850	;# 
  3492   003DEA                     U1TXBL          equ	15850	;# 
  3493   003DEB                     U1TXCHK         equ	15851	;# 
  3494   003DEC                     U1P1            equ	15852	;# 
  3495   003DEC                     U1P1L           equ	15852	;# 
  3496   003DED                     U1P1H           equ	15853	;# 
  3497   003DEE                     U1P2            equ	15854	;# 
  3498   003DEE                     U1P2L           equ	15854	;# 
  3499   003DEF                     U1P2H           equ	15855	;# 
  3500   003DF0                     U1P3            equ	15856	;# 
  3501   003DF0                     U1P3L           equ	15856	;# 
  3502   003DF1                     U1P3H           equ	15857	;# 
  3503   003DF2                     U1CON0          equ	15858	;# 
  3504   003DF3                     U1CON1          equ	15859	;# 
  3505   003DF4                     U1CON2          equ	15860	;# 
  3506   003DF5                     U1BRG           equ	15861	;# 
  3507   003DF5                     U1BRGL          equ	15861	;# 
  3508   003DF6                     U1BRGH          equ	15862	;# 
  3509   003DF7                     U1FIFO          equ	15863	;# 
  3510   003DF8                     U1UIR           equ	15864	;# 
  3511   003DF9                     U1ERRIR         equ	15865	;# 
  3512   003DFA                     U1ERRIE         equ	15866	;# 
  3513   003E9C                     DAC1CON1        equ	16028	;# 
  3514   003E9E                     DAC1CON0        equ	16030	;# 
  3515   003EB8                     CM2CON0         equ	16056	;# 
  3516   003EB9                     CM2CON1         equ	16057	;# 
  3517   003EBA                     CM2NCH          equ	16058	;# 
  3518   003EBB                     CM2PCH          equ	16059	;# 
  3519   003EBC                     CM1CON0         equ	16060	;# 
  3520   003EBD                     CM1CON1         equ	16061	;# 
  3521   003EBE                     CM1NCH          equ	16062	;# 
  3522   003EBF                     CM1PCH          equ	16063	;# 
  3523   003EC0                     CMOUT           equ	16064	;# 
  3524   003EC1                     FVRCON          equ	16065	;# 
  3525   003EC3                     ZCDCON          equ	16067	;# 
  3526   003EC9                     HLVDCON0        equ	16073	;# 
  3527   003ECA                     HLVDCON1        equ	16074	;# 
  3528   003ED7                     ADCP            equ	16087	;# 
  3529   003EDE                     ADLTH           equ	16094	;# 
  3530   003EDE                     ADLTHL          equ	16094	;# 
  3531   003EDF                     ADLTHH          equ	16095	;# 
  3532   003EE0                     ADUTH           equ	16096	;# 
  3533   003EE0                     ADUTHL          equ	16096	;# 
  3534   003EE1                     ADUTHH          equ	16097	;# 
  3535   003EE2                     ADERR           equ	16098	;# 
  3536   003EE2                     ADERRL          equ	16098	;# 
  3537   003EE3                     ADERRH          equ	16099	;# 
  3538   003EE4                     ADSTPT          equ	16100	;# 
  3539   003EE4                     ADSTPTL         equ	16100	;# 
  3540   003EE5                     ADSTPTH         equ	16101	;# 
  3541   003EE6                     ADFLTR          equ	16102	;# 
  3542   003EE6                     ADFLTRL         equ	16102	;# 
  3543   003EE7                     ADFLTRH         equ	16103	;# 
  3544   003EE8                     ADACC           equ	16104	;# 
  3545   003EE8                     ADACCL          equ	16104	;# 
  3546   003EE9                     ADACCH          equ	16105	;# 
  3547   003EEA                     ADACCU          equ	16106	;# 
  3548   003EEB                     ADCNT           equ	16107	;# 
  3549   003EEC                     ADRPT           equ	16108	;# 
  3550   003EED                     ADPREV          equ	16109	;# 
  3551   003EED                     ADPREVL         equ	16109	;# 
  3552   003EEE                     ADPREVH         equ	16110	;# 
  3553   003EEF                     ADRES           equ	16111	;# 
  3554   003EEF                     ADRESL          equ	16111	;# 
  3555   003EF0                     ADRESH          equ	16112	;# 
  3556   003EF1                     ADPCH           equ	16113	;# 
  3557   003EF3                     ADACQ           equ	16115	;# 
  3558   003EF3                     ADACQL          equ	16115	;# 
  3559   003EF4                     ADACQH          equ	16116	;# 
  3560   003EF5                     ADCAP           equ	16117	;# 
  3561   003EF6                     ADPRE           equ	16118	;# 
  3562   003EF6                     ADPREL          equ	16118	;# 
  3563   003EF7                     ADPREH          equ	16119	;# 
  3564   003EF8                     ADCON0          equ	16120	;# 
  3565   003EF9                     ADCON1          equ	16121	;# 
  3566   003EFA                     ADCON2          equ	16122	;# 
  3567   003EFB                     ADCON3          equ	16123	;# 
  3568   003EFC                     ADSTAT          equ	16124	;# 
  3569   003EFD                     ADREF           equ	16125	;# 
  3570   003EFE                     ADACT           equ	16126	;# 
  3571   003EFF                     ADCLK           equ	16127	;# 
  3572   003F12                     SMT1TMR         equ	16146	;# 
  3573   003F12                     SMT1TMRL        equ	16146	;# 
  3574   003F13                     SMT1TMRH        equ	16147	;# 
  3575   003F14                     SMT1TMRU        equ	16148	;# 
  3576   003F15                     SMT1CPR         equ	16149	;# 
  3577   003F15                     SMT1CPRL        equ	16149	;# 
  3578   003F16                     SMT1CPRH        equ	16150	;# 
  3579   003F17                     SMT1CPRU        equ	16151	;# 
  3580   003F18                     SMT1CPW         equ	16152	;# 
  3581   003F18                     SMT1CPWL        equ	16152	;# 
  3582   003F19                     SMT1CPWH        equ	16153	;# 
  3583   003F1A                     SMT1CPWU        equ	16154	;# 
  3584   003F1B                     SMT1PR          equ	16155	;# 
  3585   003F1B                     SMT1PRL         equ	16155	;# 
  3586   003F1C                     SMT1PRH         equ	16156	;# 
  3587   003F1D                     SMT1PRU         equ	16157	;# 
  3588   003F1E                     SMT1CON0        equ	16158	;# 
  3589   003F1F                     SMT1CON1        equ	16159	;# 
  3590   003F20                     SMT1STAT        equ	16160	;# 
  3591   003F21                     SMT1CLK         equ	16161	;# 
  3592   003F22                     SMT1SIG         equ	16162	;# 
  3593   003F23                     SMT1WIN         equ	16163	;# 
  3594   003F38                     NCO1ACC         equ	16184	;# 
  3595   003F38                     NCO1ACCL        equ	16184	;# 
  3596   003F39                     NCO1ACCH        equ	16185	;# 
  3597   003F3A                     NCO1ACCU        equ	16186	;# 
  3598   003F3B                     NCO1INC         equ	16187	;# 
  3599   003F3B                     NCO1INCL        equ	16187	;# 
  3600   003F3C                     NCO1INCH        equ	16188	;# 
  3601   003F3D                     NCO1INCU        equ	16189	;# 
  3602   003F3E                     NCO1CON         equ	16190	;# 
  3603   003F3F                     NCO1CLK         equ	16191	;# 
  3604   003F40                     CWG3CLK         equ	16192	;# 
  3605   003F40                     CWG3CLKCON      equ	16192	;# 
  3606   003F41                     CWG3ISM         equ	16193	;# 
  3607   003F41                     CWG3DAT         equ	16193	;# 
  3608   003F42                     CWG3DBR         equ	16194	;# 
  3609   003F43                     CWG3DBF         equ	16195	;# 
  3610   003F44                     CWG3CON0        equ	16196	;# 
  3611   003F45                     CWG3CON1        equ	16197	;# 
  3612   003F46                     CWG3AS0         equ	16198	;# 
  3613   003F47                     CWG3AS1         equ	16199	;# 
  3614   003F48                     CWG3STR         equ	16200	;# 
  3615   003F49                     CWG2CLK         equ	16201	;# 
  3616   003F49                     CWG2CLKCON      equ	16201	;# 
  3617   003F4A                     CWG2ISM         equ	16202	;# 
  3618   003F4A                     CWG2DAT         equ	16202	;# 
  3619   003F4B                     CWG2DBR         equ	16203	;# 
  3620   003F4C                     CWG2DBF         equ	16204	;# 
  3621   003F4D                     CWG2CON0        equ	16205	;# 
  3622   003F4E                     CWG2CON1        equ	16206	;# 
  3623   003F4F                     CWG2AS0         equ	16207	;# 
  3624   003F50                     CWG2AS1         equ	16208	;# 
  3625   003F51                     CWG2STR         equ	16209	;# 
  3626   003F52                     CWG1CLK         equ	16210	;# 
  3627   003F52                     CWG1CLKCON      equ	16210	;# 
  3628   003F53                     CWG1ISM         equ	16211	;# 
  3629   003F53                     CWG1DAT         equ	16211	;# 
  3630   003F54                     CWG1DBR         equ	16212	;# 
  3631   003F55                     CWG1DBF         equ	16213	;# 
  3632   003F56                     CWG1CON0        equ	16214	;# 
  3633   003F57                     CWG1CON1        equ	16215	;# 
  3634   003F58                     CWG1AS0         equ	16216	;# 
  3635   003F59                     CWG1AS1         equ	16217	;# 
  3636   003F5A                     CWG1STR         equ	16218	;# 
  3637   003F5E                     CCPTMRS0        equ	16222	;# 
  3638   003F5F                     CCPTMRS1        equ	16223	;# 
  3639   003F60                     PWM8DC          equ	16224	;# 
  3640   003F60                     PWM8DCL         equ	16224	;# 
  3641   003F61                     PWM8DCH         equ	16225	;# 
  3642   003F62                     PWM8CON         equ	16226	;# 
  3643   003F64                     PWM7DC          equ	16228	;# 
  3644   003F64                     PWM7DCL         equ	16228	;# 
  3645   003F65                     PWM7DCH         equ	16229	;# 
  3646   003F66                     PWM7CON         equ	16230	;# 
  3647   003F68                     PWM6DC          equ	16232	;# 
  3648   003F68                     PWM6DCL         equ	16232	;# 
  3649   003F69                     PWM6DCH         equ	16233	;# 
  3650   003F6A                     PWM6CON         equ	16234	;# 
  3651   003F6C                     PWM5DC          equ	16236	;# 
  3652   003F6C                     PWM5DCL         equ	16236	;# 
  3653   003F6D                     PWM5DCH         equ	16237	;# 
  3654   003F6E                     PWM5CON         equ	16238	;# 
  3655   003F70                     CCPR4           equ	16240	;# 
  3656   003F70                     CCPR4L          equ	16240	;# 
  3657   003F71                     CCPR4H          equ	16241	;# 
  3658   003F72                     CCP4CON         equ	16242	;# 
  3659   003F73                     CCP4CAP         equ	16243	;# 
  3660   003F74                     CCPR3           equ	16244	;# 
  3661   003F74                     CCPR3L          equ	16244	;# 
  3662   003F75                     CCPR3H          equ	16245	;# 
  3663   003F76                     CCP3CON         equ	16246	;# 
  3664   003F77                     CCP3CAP         equ	16247	;# 
  3665   003F78                     CCPR2           equ	16248	;# 
  3666   003F78                     CCPR2L          equ	16248	;# 
  3667   003F79                     CCPR2H          equ	16249	;# 
  3668   003F7A                     CCP2CON         equ	16250	;# 
  3669   003F7B                     CCP2CAP         equ	16251	;# 
  3670   003F7C                     CCPR1           equ	16252	;# 
  3671   003F7C                     CCPR1L          equ	16252	;# 
  3672   003F7D                     CCPR1H          equ	16253	;# 
  3673   003F7E                     CCP1CON         equ	16254	;# 
  3674   003F7F                     CCP1CAP         equ	16255	;# 
  3675   003F92                     T6TMR           equ	16274	;# 
  3676   003F92                     TMR6            equ	16274	;# 
  3677   003F93                     T6PR            equ	16275	;# 
  3678   003F93                     PR6             equ	16275	;# 
  3679   003F94                     T6CON           equ	16276	;# 
  3680   003F95                     T6HLT           equ	16277	;# 
  3681   003F96                     T6CLKCON        equ	16278	;# 
  3682   003F96                     T6CLK           equ	16278	;# 
  3683   003F97                     T6RST           equ	16279	;# 
  3684   003F98                     TMR5            equ	16280	;# 
  3685   003F98                     TMR5L           equ	16280	;# 
  3686   003F99                     TMR5H           equ	16281	;# 
  3687   003F9A                     T5CON           equ	16282	;# 
  3688   003F9A                     TMR5CON         equ	16282	;# 
  3689   003F9B                     T5GCON          equ	16283	;# 
  3690   003F9B                     TMR5GCON        equ	16283	;# 
  3691   003F9C                     T5GATE          equ	16284	;# 
  3692   003F9C                     TMR5GATE        equ	16284	;# 
  3693   003F9D                     T5CLK           equ	16285	;# 
  3694   003F9D                     TMR5CLK         equ	16285	;# 
  3695   003F9D                     PR5             equ	16285	;# 
  3696   003F9E                     T4TMR           equ	16286	;# 
  3697   003F9E                     TMR4            equ	16286	;# 
  3698   003F9F                     T4PR            equ	16287	;# 
  3699   003F9F                     PR4             equ	16287	;# 
  3700   003FA0                     T4CON           equ	16288	;# 
  3701   003FA1                     T4HLT           equ	16289	;# 
  3702   003FA2                     T4CLKCON        equ	16290	;# 
  3703   003FA2                     T4CLK           equ	16290	;# 
  3704   003FA3                     T4RST           equ	16291	;# 
  3705   003FA4                     TMR3            equ	16292	;# 
  3706   003FA4                     TMR3L           equ	16292	;# 
  3707   003FA5                     TMR3H           equ	16293	;# 
  3708   003FA6                     T3CON           equ	16294	;# 
  3709   003FA6                     TMR3CON         equ	16294	;# 
  3710   003FA7                     T3GCON          equ	16295	;# 
  3711   003FA7                     TMR3GCON        equ	16295	;# 
  3712   003FA8                     T3GATE          equ	16296	;# 
  3713   003FA8                     TMR3GATE        equ	16296	;# 
  3714   003FA9                     T3CLK           equ	16297	;# 
  3715   003FA9                     TMR3CLK         equ	16297	;# 
  3716   003FA9                     PR3             equ	16297	;# 
  3717   003FAA                     T2TMR           equ	16298	;# 
  3718   003FAA                     TMR2            equ	16298	;# 
  3719   003FAB                     T2PR            equ	16299	;# 
  3720   003FAB                     PR2             equ	16299	;# 
  3721   003FAC                     T2CON           equ	16300	;# 
  3722   003FAD                     T2HLT           equ	16301	;# 
  3723   003FAE                     T2CLKCON        equ	16302	;# 
  3724   003FAE                     T2CLK           equ	16302	;# 
  3725   003FAF                     T2RST           equ	16303	;# 
  3726   003FB0                     TMR1            equ	16304	;# 
  3727   003FB0                     TMR1L           equ	16304	;# 
  3728   003FB1                     TMR1H           equ	16305	;# 
  3729   003FB2                     T1CON           equ	16306	;# 
  3730   003FB2                     TMR1CON         equ	16306	;# 
  3731   003FB3                     T1GCON          equ	16307	;# 
  3732   003FB3                     TMR1GCON        equ	16307	;# 
  3733   003FB4                     T1GATE          equ	16308	;# 
  3734   003FB4                     TMR1GATE        equ	16308	;# 
  3735   003FB5                     T1CLK           equ	16309	;# 
  3736   003FB5                     TMR1CLK         equ	16309	;# 
  3737   003FB5                     PR1             equ	16309	;# 
  3738   003FB6                     TMR0L           equ	16310	;# 
  3739   003FB6                     TMR0            equ	16310	;# 
  3740   003FB7                     TMR0H           equ	16311	;# 
  3741   003FB7                     PR0             equ	16311	;# 
  3742   003FB8                     T0CON0          equ	16312	;# 
  3743   003FB9                     T0CON1          equ	16313	;# 
  3744   003FBA                     LATA            equ	16314	;# 
  3745   003FBB                     LATB            equ	16315	;# 
  3746   003FBC                     LATC            equ	16316	;# 
  3747   003FBD                     LATD            equ	16317	;# 
  3748   003FBE                     LATE            equ	16318	;# 
  3749   003FC2                     TRISA           equ	16322	;# 
  3750   003FC3                     TRISB           equ	16323	;# 
  3751   003FC4                     TRISC           equ	16324	;# 
  3752   003FC5                     TRISD           equ	16325	;# 
  3753   003FC6                     TRISE           equ	16326	;# 
  3754   003FCA                     PORTA           equ	16330	;# 
  3755   003FCB                     PORTB           equ	16331	;# 
  3756   003FCC                     PORTC           equ	16332	;# 
  3757   003FCD                     PORTD           equ	16333	;# 
  3758   003FCE                     PORTE           equ	16334	;# 
  3759   003FD2                     INTCON0         equ	16338	;# 
  3760   003FD3                     INTCON1         equ	16339	;# 
  3761   003FD4                     IVTLOCK         equ	16340	;# 
  3762   003FD5                     IVTBASE         equ	16341	;# 
  3763   003FD5                     IVTBASEL        equ	16341	;# 
  3764   003FD6                     IVTBASEH        equ	16342	;# 
  3765   003FD7                     IVTBASEU        equ	16343	;# 
  3766   003FD8                     STATUS          equ	16344	;# 
  3767   003FD9                     FSR2            equ	16345	;# 
  3768   003FD9                     FSR2L           equ	16345	;# 
  3769   003FDA                     FSR2H           equ	16346	;# 
  3770   003FDB                     PLUSW2          equ	16347	;# 
  3771   003FDC                     PREINC2         equ	16348	;# 
  3772   003FDD                     POSTDEC2        equ	16349	;# 
  3773   003FDE                     POSTINC2        equ	16350	;# 
  3774   003FDF                     INDF2           equ	16351	;# 
  3775   003FE0                     BSR             equ	16352	;# 
  3776   003FE1                     FSR1            equ	16353	;# 
  3777   003FE1                     FSR1L           equ	16353	;# 
  3778   003FE2                     FSR1H           equ	16354	;# 
  3779   003FE3                     PLUSW1          equ	16355	;# 
  3780   003FE4                     PREINC1         equ	16356	;# 
  3781   003FE5                     POSTDEC1        equ	16357	;# 
  3782   003FE6                     POSTINC1        equ	16358	;# 
  3783   003FE7                     INDF1           equ	16359	;# 
  3784   003FE8                     WREG            equ	16360	;# 
  3785   003FE9                     FSR0            equ	16361	;# 
  3786   003FE9                     FSR0L           equ	16361	;# 
  3787   003FEA                     FSR0H           equ	16362	;# 
  3788   003FEB                     PLUSW0          equ	16363	;# 
  3789   003FEC                     PREINC0         equ	16364	;# 
  3790   003FED                     POSTDEC0        equ	16365	;# 
  3791   003FEE                     POSTINC0        equ	16366	;# 
  3792   003FEF                     INDF0           equ	16367	;# 
  3793   003FF0                     PCON0           equ	16368	;# 
  3794   003FF1                     PCON1           equ	16369	;# 
  3795   003FF3                     PROD            equ	16371	;# 
  3796   003FF3                     PRODL           equ	16371	;# 
  3797   003FF4                     PRODH           equ	16372	;# 
  3798   003FF5                     TABLAT          equ	16373	;# 
  3799   003FF6                     TBLPTR          equ	16374	;# 
  3800   003FF6                     TBLPTRL         equ	16374	;# 
  3801   003FF7                     TBLPTRH         equ	16375	;# 
  3802   003FF8                     TBLPTRU         equ	16376	;# 
  3803   003FF9                     PCLAT           equ	16377	;# 
  3804   003FF9                     PCL             equ	16377	;# 
  3805   003FFA                     PCLATH          equ	16378	;# 
  3806   003FFB                     PCLATU          equ	16379	;# 
  3807   003FFC                     STKPTR          equ	16380	;# 
  3808   003FFD                     TOS             equ	16381	;# 
  3809   003FFD                     TOSL            equ	16381	;# 
  3810   003FFE                     TOSH            equ	16382	;# 
  3811   003FFF                     TOSU            equ	16383	;# 
  3812   003880                     STATUS_CSHAD    equ	14464	;# 
  3813   003881                     WREG_CSHAD      equ	14465	;# 
  3814   003882                     BSR_CSHAD       equ	14466	;# 
  3815   003883                     SHADCON         equ	14467	;# 
  3816   003884                     STATUS_SHAD     equ	14468	;# 
  3817   003885                     WREG_SHAD       equ	14469	;# 
  3818   003886                     BSR_SHAD        equ	14470	;# 
  3819   003887                     PCLATH_SHAD     equ	14471	;# 
  3820   003888                     PCLATU_SHAD     equ	14472	;# 
  3821   003889                     FSR0SH          equ	14473	;# 
  3822   003889                     FSR0L_SHAD      equ	14473	;# 
  3823   00388A                     FSR0H_SHAD      equ	14474	;# 
  3824   00388B                     FSR1SH          equ	14475	;# 
  3825   00388B                     FSR1L_SHAD      equ	14475	;# 
  3826   00388C                     FSR1H_SHAD      equ	14476	;# 
  3827   00388D                     FSR2SH          equ	14477	;# 
  3828   00388D                     FSR2L_SHAD      equ	14477	;# 
  3829   00388E                     FSR2H_SHAD      equ	14478	;# 
  3830   00388F                     PRODSH          equ	14479	;# 
  3831   00388F                     PRODL_SHAD      equ	14479	;# 
  3832   003890                     PRODH_SHAD      equ	14480	;# 
  3833   00389D                     IVTADL          equ	14493	;# 
  3834   00389E                     IVTADH          equ	14494	;# 
  3835   00389F                     IVTADU          equ	14495	;# 
  3836   00395B                     WDTCON0         equ	14683	;# 
  3837   00395C                     WDTCON1         equ	14684	;# 
  3838   00395D                     WDTPSL          equ	14685	;# 
  3839   00395E                     WDTPSH          equ	14686	;# 
  3840   00395F                     WDTTMR          equ	14687	;# 
  3841   003960                     CRCDATA         equ	14688	;# 
  3842   003960                     CRCDATL         equ	14688	;# 
  3843   003961                     CRCDATH         equ	14689	;# 
  3844   003962                     CRCACC          equ	14690	;# 
  3845   003962                     CRCACCL         equ	14690	;# 
  3846   003963                     CRCACCH         equ	14691	;# 
  3847   003964                     CRCSHFT         equ	14692	;# 
  3848   003964                     CRCSHIFTL       equ	14692	;# 
  3849   003965                     CRCSHIFTH       equ	14693	;# 
  3850   003966                     CRCXOR          equ	14694	;# 
  3851   003966                     CRCXORL         equ	14694	;# 
  3852   003967                     CRCXORH         equ	14695	;# 
  3853   003968                     CRCCON0         equ	14696	;# 
  3854   003969                     CRCCON1         equ	14697	;# 
  3855   003976                     SCANLADR        equ	14710	;# 
  3856   003976                     SCANLADRL       equ	14710	;# 
  3857   003977                     SCANLADRH       equ	14711	;# 
  3858   003978                     SCANLADRU       equ	14712	;# 
  3859   003979                     SCANHADR        equ	14713	;# 
  3860   003979                     SCANHADRL       equ	14713	;# 
  3861   00397A                     SCANHADRH       equ	14714	;# 
  3862   00397B                     SCANHADRU       equ	14715	;# 
  3863   00397C                     SCANCON0        equ	14716	;# 
  3864   00397D                     SCANTRIG        equ	14717	;# 
  3865   003980                     IPR0            equ	14720	;# 
  3866   003981                     IPR1            equ	14721	;# 
  3867   003982                     IPR2            equ	14722	;# 
  3868   003983                     IPR3            equ	14723	;# 
  3869   003984                     IPR4            equ	14724	;# 
  3870   003985                     IPR5            equ	14725	;# 
  3871   003986                     IPR6            equ	14726	;# 
  3872   003987                     IPR7            equ	14727	;# 
  3873   003988                     IPR8            equ	14728	;# 
  3874   003989                     IPR9            equ	14729	;# 
  3875   00398A                     IPR10           equ	14730	;# 
  3876   003990                     PIE0            equ	14736	;# 
  3877   003991                     PIE1            equ	14737	;# 
  3878   003992                     PIE2            equ	14738	;# 
  3879   003993                     PIE3            equ	14739	;# 
  3880   003994                     PIE4            equ	14740	;# 
  3881   003995                     PIE5            equ	14741	;# 
  3882   003996                     PIE6            equ	14742	;# 
  3883   003997                     PIE7            equ	14743	;# 
  3884   003998                     PIE8            equ	14744	;# 
  3885   003999                     PIE9            equ	14745	;# 
  3886   00399A                     PIE10           equ	14746	;# 
  3887   0039A0                     PIR0            equ	14752	;# 
  3888   0039A1                     PIR1            equ	14753	;# 
  3889   0039A2                     PIR2            equ	14754	;# 
  3890   0039A3                     PIR3            equ	14755	;# 
  3891   0039A4                     PIR4            equ	14756	;# 
  3892   0039A5                     PIR5            equ	14757	;# 
  3893   0039A6                     PIR6            equ	14758	;# 
  3894   0039A7                     PIR7            equ	14759	;# 
  3895   0039A8                     PIR8            equ	14760	;# 
  3896   0039A9                     PIR9            equ	14761	;# 
  3897   0039AA                     PIR10           equ	14762	;# 
  3898   0039C0                     PMD0            equ	14784	;# 
  3899   0039C1                     PMD1            equ	14785	;# 
  3900   0039C2                     PMD2            equ	14786	;# 
  3901   0039C3                     PMD3            equ	14787	;# 
  3902   0039C4                     PMD4            equ	14788	;# 
  3903   0039C5                     PMD5            equ	14789	;# 
  3904   0039C6                     PMD6            equ	14790	;# 
  3905   0039C7                     PMD7            equ	14791	;# 
  3906   0039D0                     BORCON          equ	14800	;# 
  3907   0039D1                     VREGCON         equ	14801	;# 
  3908   0039D8                     CPUDOZE         equ	14808	;# 
  3909   0039D9                     OSCCON1         equ	14809	;# 
  3910   0039DA                     OSCCON2         equ	14810	;# 
  3911   0039DB                     OSCCON3         equ	14811	;# 
  3912   0039DC                     OSCSTAT         equ	14812	;# 
  3913   0039DC                     OSCSTAT1        equ	14812	;# 
  3914   0039DD                     OSCEN           equ	14813	;# 
  3915   0039DE                     OSCTUNE         equ	14814	;# 
  3916   0039DF                     OSCFRQ          equ	14815	;# 
  3917   0039E0                     NVMADRL         equ	14816	;# 
  3918   0039E1                     NVMADRH         equ	14817	;# 
  3919   0039E3                     NVMDAT          equ	14819	;# 
  3920   0039E5                     NVMCON1         equ	14821	;# 
  3921   0039E6                     NVMCON2         equ	14822	;# 
  3922   0039EF                     PRLOCK          equ	14831	;# 
  3923   0039F1                     ISRPR           equ	14833	;# 
  3924   0039F2                     MAINPR          equ	14834	;# 
  3925   0039F3                     DMA1PR          equ	14835	;# 
  3926   0039F4                     DMA2PR          equ	14836	;# 
  3927   0039F7                     SCANPR          equ	14839	;# 
  3928   003A00                     RA0PPS          equ	14848	;# 
  3929   003A01                     RA1PPS          equ	14849	;# 
  3930   003A02                     RA2PPS          equ	14850	;# 
  3931   003A03                     RA3PPS          equ	14851	;# 
  3932   003A04                     RA4PPS          equ	14852	;# 
  3933   003A05                     RA5PPS          equ	14853	;# 
  3934   003A06                     RA6PPS          equ	14854	;# 
  3935   003A07                     RA7PPS          equ	14855	;# 
  3936   003A08                     RB0PPS          equ	14856	;# 
  3937   003A09                     RB1PPS          equ	14857	;# 
  3938   003A0A                     RB2PPS          equ	14858	;# 
  3939   003A0B                     RB3PPS          equ	14859	;# 
  3940   003A0C                     RB4PPS          equ	14860	;# 
  3941   003A0D                     RB5PPS          equ	14861	;# 
  3942   003A0E                     RB6PPS          equ	14862	;# 
  3943   003A0F                     RB7PPS          equ	14863	;# 
  3944   003A10                     RC0PPS          equ	14864	;# 
  3945   003A11                     RC1PPS          equ	14865	;# 
  3946   003A12                     RC2PPS          equ	14866	;# 
  3947   003A13                     RC3PPS          equ	14867	;# 
  3948   003A14                     RC4PPS          equ	14868	;# 
  3949   003A15                     RC5PPS          equ	14869	;# 
  3950   003A16                     RC6PPS          equ	14870	;# 
  3951   003A17                     RC7PPS          equ	14871	;# 
  3952   003A18                     RD0PPS          equ	14872	;# 
  3953   003A19                     RD1PPS          equ	14873	;# 
  3954   003A1A                     RD2PPS          equ	14874	;# 
  3955   003A1B                     RD3PPS          equ	14875	;# 
  3956   003A1C                     RD4PPS          equ	14876	;# 
  3957   003A1D                     RD5PPS          equ	14877	;# 
  3958   003A1E                     RD6PPS          equ	14878	;# 
  3959   003A1F                     RD7PPS          equ	14879	;# 
  3960   003A20                     RE0PPS          equ	14880	;# 
  3961   003A21                     RE1PPS          equ	14881	;# 
  3962   003A22                     RE2PPS          equ	14882	;# 
  3963   003A40                     ANSELA          equ	14912	;# 
  3964   003A41                     WPUA            equ	14913	;# 
  3965   003A42                     ODCONA          equ	14914	;# 
  3966   003A43                     SLRCONA         equ	14915	;# 
  3967   003A44                     INLVLA          equ	14916	;# 
  3968   003A45                     IOCAP           equ	14917	;# 
  3969   003A46                     IOCAN           equ	14918	;# 
  3970   003A47                     IOCAF           equ	14919	;# 
  3971   003A50                     ANSELB          equ	14928	;# 
  3972   003A51                     WPUB            equ	14929	;# 
  3973   003A52                     ODCONB          equ	14930	;# 
  3974   003A53                     SLRCONB         equ	14931	;# 
  3975   003A54                     INLVLB          equ	14932	;# 
  3976   003A55                     IOCBP           equ	14933	;# 
  3977   003A56                     IOCBN           equ	14934	;# 
  3978   003A57                     IOCBF           equ	14935	;# 
  3979   003A5A                     RB1I2C          equ	14938	;# 
  3980   003A5B                     RB2I2C          equ	14939	;# 
  3981   003A60                     ANSELC          equ	14944	;# 
  3982   003A61                     WPUC            equ	14945	;# 
  3983   003A62                     ODCONC          equ	14946	;# 
  3984   003A63                     SLRCONC         equ	14947	;# 
  3985   003A64                     INLVLC          equ	14948	;# 
  3986   003A65                     IOCCP           equ	14949	;# 
  3987   003A66                     IOCCN           equ	14950	;# 
  3988   003A67                     IOCCF           equ	14951	;# 
  3989   003A6A                     RC3I2C          equ	14954	;# 
  3990   003A6B                     RC4I2C          equ	14955	;# 
  3991   003A70                     ANSELD          equ	14960	;# 
  3992   003A71                     WPUD            equ	14961	;# 
  3993   003A72                     ODCOND          equ	14962	;# 
  3994   003A73                     SLRCOND         equ	14963	;# 
  3995   003A74                     INLVLD          equ	14964	;# 
  3996   003A7A                     RD0I2C          equ	14970	;# 
  3997   003A7B                     RD1I2C          equ	14971	;# 
  3998   003A80                     ANSELE          equ	14976	;# 
  3999   003A81                     WPUE            equ	14977	;# 
  4000   003A82                     ODCONE          equ	14978	;# 
  4001   003A83                     SLRCONE         equ	14979	;# 
  4002   003A84                     INLVLE          equ	14980	;# 
  4003   003A85                     IOCEP           equ	14981	;# 
  4004   003A86                     IOCEN           equ	14982	;# 
  4005   003A87                     IOCEF           equ	14983	;# 
  4006   003ABF                     PPSLOCK         equ	15039	;# 
  4007   003AC0                     INT0PPS         equ	15040	;# 
  4008   003AC1                     INT1PPS         equ	15041	;# 
  4009   003AC2                     INT2PPS         equ	15042	;# 
  4010   003AC3                     T0CKIPPS        equ	15043	;# 
  4011   003AC4                     T1CKIPPS        equ	15044	;# 
  4012   003AC5                     T1GPPS          equ	15045	;# 
  4013   003AC6                     T3CKIPPS        equ	15046	;# 
  4014   003AC7                     T3GPPS          equ	15047	;# 
  4015   003AC8                     T5CKIPPS        equ	15048	;# 
  4016   003AC9                     T5GPPS          equ	15049	;# 
  4017   003ACA                     T2INPPS         equ	15050	;# 
  4018   003ACB                     T4INPPS         equ	15051	;# 
  4019   003ACC                     T6INPPS         equ	15052	;# 
  4020   003ACD                     CCP1PPS         equ	15053	;# 
  4021   003ACE                     CCP2PPS         equ	15054	;# 
  4022   003ACF                     CCP3PPS         equ	15055	;# 
  4023   003AD0                     CCP4PPS         equ	15056	;# 
  4024   003AD1                     SMT1WINPPS      equ	15057	;# 
  4025   003AD2                     SMT1SIGPPS      equ	15058	;# 
  4026   003AD3                     CWG1INPPS       equ	15059	;# 
  4027   003AD4                     CWG2INPPS       equ	15060	;# 
  4028   003AD5                     CWG3INPPS       equ	15061	;# 
  4029   003AD6                     MD1CARLPPS      equ	15062	;# 
  4030   003AD7                     MD1CARHPPS      equ	15063	;# 
  4031   003AD8                     MD1SRCPPS       equ	15064	;# 
  4032   003AD9                     CLCIN0PPS       equ	15065	;# 
  4033   003ADA                     CLCIN1PPS       equ	15066	;# 
  4034   003ADB                     CLCIN2PPS       equ	15067	;# 
  4035   003ADC                     CLCIN3PPS       equ	15068	;# 
  4036   003ADD                     ADACTPPS        equ	15069	;# 
  4037   003ADE                     SPI1SCKPPS      equ	15070	;# 
  4038   003ADF                     SPI1SDIPPS      equ	15071	;# 
  4039   003AE0                     SPI1SSPPS       equ	15072	;# 
  4040   003AE1                     I2C1SCLPPS      equ	15073	;# 
  4041   003AE2                     I2C1SDAPPS      equ	15074	;# 
  4042   003AE3                     I2C2SCLPPS      equ	15075	;# 
  4043   003AE4                     I2C2SDAPPS      equ	15076	;# 
  4044   003AE5                     U1RXPPS         equ	15077	;# 
  4045   003AE6                     U1CTSPPS        equ	15078	;# 
  4046   003AE8                     U2RXPPS         equ	15080	;# 
  4047   003AE9                     U2CTSPPS        equ	15081	;# 
  4048   003BC9                     DMA2BUF         equ	15305	;# 
  4049   003BCA                     DMA2DCNT        equ	15306	;# 
  4050   003BCA                     DMA2DCNTL       equ	15306	;# 
  4051   003BCB                     DMA2DCNTH       equ	15307	;# 
  4052   003BCC                     DMA2DPTR        equ	15308	;# 
  4053   003BCC                     DMA2DPTRL       equ	15308	;# 
  4054   003BCD                     DMA2DPTRH       equ	15309	;# 
  4055   003BCE                     DMA2DSZ         equ	15310	;# 
  4056   003BCE                     DMA2DSZL        equ	15310	;# 
  4057   003BCF                     DMA2DSZH        equ	15311	;# 
  4058   003BD0                     DMA2DSA         equ	15312	;# 
  4059   003BD0                     DMA2DSAL        equ	15312	;# 
  4060   003BD1                     DMA2DSAH        equ	15313	;# 
  4061   003BD2                     DMA2SCNT        equ	15314	;# 
  4062   003BD2                     DMA2SCNTL       equ	15314	;# 
  4063   003BD3                     DMA2SCNTH       equ	15315	;# 
  4064   003BD4                     DMA2SPTR        equ	15316	;# 
  4065   003BD4                     DMA2SPTRL       equ	15316	;# 
  4066   003BD5                     DMA2SPTRH       equ	15317	;# 
  4067   003BD6                     DMA2SPTRU       equ	15318	;# 
  4068   003BD7                     DMA2SSZ         equ	15319	;# 
  4069   003BD7                     DMA2SSZL        equ	15319	;# 
  4070   003BD8                     DMA2SSZH        equ	15320	;# 
  4071   003BD9                     DMA2SSA         equ	15321	;# 
  4072   003BD9                     DMA2SSAL        equ	15321	;# 
  4073   003BDA                     DMA2SSAH        equ	15322	;# 
  4074   003BDB                     DMA2SSAU        equ	15323	;# 
  4075   003BDC                     DMA2CON0        equ	15324	;# 
  4076   003BDD                     DMA2CON1        equ	15325	;# 
  4077   003BDE                     DMA2AIRQ        equ	15326	;# 
  4078   003BDF                     DMA2SIRQ        equ	15327	;# 
  4079   003BE9                     DMA1BUF         equ	15337	;# 
  4080   003BEA                     DMA1DCNT        equ	15338	;# 
  4081   003BEA                     DMA1DCNTL       equ	15338	;# 
  4082   003BEB                     DMA1DCNTH       equ	15339	;# 
  4083   003BEC                     DMA1DPTR        equ	15340	;# 
  4084   003BEC                     DMA1DPTRL       equ	15340	;# 
  4085   003BED                     DMA1DPTRH       equ	15341	;# 
  4086   003BEE                     DMA1DSZ         equ	15342	;# 
  4087   003BEE                     DMA1DSZL        equ	15342	;# 
  4088   003BEF                     DMA1DSZH        equ	15343	;# 
  4089   003BF0                     DMA1DSA         equ	15344	;# 
  4090   003BF0                     DMA1DSAL        equ	15344	;# 
  4091   003BF1                     DMA1DSAH        equ	15345	;# 
  4092   003BF2                     DMA1SCNT        equ	15346	;# 
  4093   003BF2                     DMA1SCNTL       equ	15346	;# 
  4094   003BF3                     DMA1SCNTH       equ	15347	;# 
  4095   003BF4                     DMA1SPTR        equ	15348	;# 
  4096   003BF4                     DMA1SPTRL       equ	15348	;# 
  4097   003BF5                     DMA1SPTRH       equ	15349	;# 
  4098   003BF6                     DMA1SPTRU       equ	15350	;# 
  4099   003BF7                     DMA1SSZ         equ	15351	;# 
  4100   003BF7                     DMA1SSZL        equ	15351	;# 
  4101   003BF8                     DMA1SSZH        equ	15352	;# 
  4102   003BF9                     DMA1SSA         equ	15353	;# 
  4103   003BF9                     DMA1SSAL        equ	15353	;# 
  4104   003BFA                     DMA1SSAH        equ	15354	;# 
  4105   003BFB                     DMA1SSAU        equ	15355	;# 
  4106   003BFC                     DMA1CON0        equ	15356	;# 
  4107   003BFD                     DMA1CON1        equ	15357	;# 
  4108   003BFE                     DMA1AIRQ        equ	15358	;# 
  4109   003BFF                     DMA1SIRQ        equ	15359	;# 
  4110   003C56                     CLC4CON         equ	15446	;# 
  4111   003C57                     CLC4POL         equ	15447	;# 
  4112   003C58                     CLC4SEL0        equ	15448	;# 
  4113   003C59                     CLC4SEL1        equ	15449	;# 
  4114   003C5A                     CLC4SEL2        equ	15450	;# 
  4115   003C5B                     CLC4SEL3        equ	15451	;# 
  4116   003C5C                     CLC4GLS0        equ	15452	;# 
  4117   003C5D                     CLC4GLS1        equ	15453	;# 
  4118   003C5E                     CLC4GLS2        equ	15454	;# 
  4119   003C5F                     CLC4GLS3        equ	15455	;# 
  4120   003C60                     CLC3CON         equ	15456	;# 
  4121   003C61                     CLC3POL         equ	15457	;# 
  4122   003C62                     CLC3SEL0        equ	15458	;# 
  4123   003C63                     CLC3SEL1        equ	15459	;# 
  4124   003C64                     CLC3SEL2        equ	15460	;# 
  4125   003C65                     CLC3SEL3        equ	15461	;# 
  4126   003C66                     CLC3GLS0        equ	15462	;# 
  4127   003C67                     CLC3GLS1        equ	15463	;# 
  4128   003C68                     CLC3GLS2        equ	15464	;# 
  4129   003C69                     CLC3GLS3        equ	15465	;# 
  4130   003C6A                     CLC2CON         equ	15466	;# 
  4131   003C6B                     CLC2POL         equ	15467	;# 
  4132   003C6C                     CLC2SEL0        equ	15468	;# 
  4133   003C6D                     CLC2SEL1        equ	15469	;# 
  4134   003C6E                     CLC2SEL2        equ	15470	;# 
  4135   003C6F                     CLC2SEL3        equ	15471	;# 
  4136   003C70                     CLC2GLS0        equ	15472	;# 
  4137   003C71                     CLC2GLS1        equ	15473	;# 
  4138   003C72                     CLC2GLS2        equ	15474	;# 
  4139   003C73                     CLC2GLS3        equ	15475	;# 
  4140   003C74                     CLC1CON         equ	15476	;# 
  4141   003C75                     CLC1POL         equ	15477	;# 
  4142   003C76                     CLC1SEL0        equ	15478	;# 
  4143   003C77                     CLC1SEL1        equ	15479	;# 
  4144   003C78                     CLC1SEL2        equ	15480	;# 
  4145   003C79                     CLC1SEL3        equ	15481	;# 
  4146   003C7A                     CLC1GLS0        equ	15482	;# 
  4147   003C7B                     CLC1GLS1        equ	15483	;# 
  4148   003C7C                     CLC1GLS2        equ	15484	;# 
  4149   003C7D                     CLC1GLS3        equ	15485	;# 
  4150   003C7E                     CLCDATA0        equ	15486	;# 
  4151   003CE5                     CLKRCON         equ	15589	;# 
  4152   003CE6                     CLKRCLK         equ	15590	;# 
  4153   003CFA                     MD1CON0         equ	15610	;# 
  4154   003CFB                     MD1CON1         equ	15611	;# 
  4155   003CFC                     MD1SRC          equ	15612	;# 
  4156   003CFD                     MD1CARL         equ	15613	;# 
  4157   003CFE                     MD1CARH         equ	15614	;# 
  4158   003D10                     SPI1RXB         equ	15632	;# 
  4159   003D11                     SPI1TXB         equ	15633	;# 
  4160   003D12                     SPI1TCNT        equ	15634	;# 
  4161   003D12                     SPI1TCNTL       equ	15634	;# 
  4162   003D13                     SPI1TCNTH       equ	15635	;# 
  4163   003D14                     SPI1CON0        equ	15636	;# 
  4164   003D15                     SPI1CON1        equ	15637	;# 
  4165   003D16                     SPI1CON2        equ	15638	;# 
  4166   003D17                     SPI1STATUS      equ	15639	;# 
  4167   003D18                     SPI1TWIDTH      equ	15640	;# 
  4168   003D19                     SPI1BAUD        equ	15641	;# 
  4169   003D1A                     SPI1INTF        equ	15642	;# 
  4170   003D1B                     SPI1INTE        equ	15643	;# 
  4171   003D1C                     SPI1CLK         equ	15644	;# 
  4172   003D54                     I2C2RXB         equ	15700	;# 
  4173   003D55                     I2C2TXB         equ	15701	;# 
  4174   003D56                     I2C2CNT         equ	15702	;# 
  4175   003D57                     I2C2ADB0        equ	15703	;# 
  4176   003D58                     I2C2ADB1        equ	15704	;# 
  4177   003D59                     I2C2ADR0        equ	15705	;# 
  4178   003D5A                     I2C2ADR1        equ	15706	;# 
  4179   003D5B                     I2C2ADR2        equ	15707	;# 
  4180   003D5C                     I2C2ADR3        equ	15708	;# 
  4181   003D5D                     I2C2CON0        equ	15709	;# 
  4182   003D5E                     I2C2CON1        equ	15710	;# 
  4183   003D5F                     I2C2CON2        equ	15711	;# 
  4184   003D60                     I2C2ERR         equ	15712	;# 
  4185   003D61                     I2C2STAT0       equ	15713	;# 
  4186   003D62                     I2C2STAT1       equ	15714	;# 
  4187   003D63                     I2C2PIR         equ	15715	;# 
  4188   003D64                     I2C2PIE         equ	15716	;# 
  4189   003D65                     I2C2CLK         equ	15717	;# 
  4190   003D66                     I2C2BTO         equ	15718	;# 
  4191   003D6A                     I2C1RXB         equ	15722	;# 
  4192   003D6B                     I2C1TXB         equ	15723	;# 
  4193   003D6C                     I2C1CNT         equ	15724	;# 
  4194   003D6D                     I2C1ADB0        equ	15725	;# 
  4195   003D6E                     I2C1ADB1        equ	15726	;# 
  4196   003D6F                     I2C1ADR0        equ	15727	;# 
  4197   003D70                     I2C1ADR1        equ	15728	;# 
  4198   003D71                     I2C1ADR2        equ	15729	;# 
  4199   003D72                     I2C1ADR3        equ	15730	;# 
  4200   003D73                     I2C1CON0        equ	15731	;# 
  4201   003D74                     I2C1CON1        equ	15732	;# 
  4202   003D75                     I2C1CON2        equ	15733	;# 
  4203   003D76                     I2C1ERR         equ	15734	;# 
  4204   003D77                     I2C1STAT0       equ	15735	;# 
  4205   003D78                     I2C1STAT1       equ	15736	;# 
  4206   003D79                     I2C1PIR         equ	15737	;# 
  4207   003D7A                     I2C1PIE         equ	15738	;# 
  4208   003D7B                     I2C1CLK         equ	15739	;# 
  4209   003D7C                     I2C1BTO         equ	15740	;# 
  4210   003DD0                     U2RXB           equ	15824	;# 
  4211   003DD0                     U2RXBL          equ	15824	;# 
  4212   003DD2                     U2TXB           equ	15826	;# 
  4213   003DD2                     U2TXBL          equ	15826	;# 
  4214   003DD4                     U2P1            equ	15828	;# 
  4215   003DD4                     U2P1L           equ	15828	;# 
  4216   003DD6                     U2P2            equ	15830	;# 
  4217   003DD6                     U2P2L           equ	15830	;# 
  4218   003DD8                     U2P3            equ	15832	;# 
  4219   003DD8                     U2P3L           equ	15832	;# 
  4220   003DDA                     U2CON0          equ	15834	;# 
  4221   003DDB                     U2CON1          equ	15835	;# 
  4222   003DDC                     U2CON2          equ	15836	;# 
  4223   003DDD                     U2BRG           equ	15837	;# 
  4224   003DDD                     U2BRGL          equ	15837	;# 
  4225   003DDE                     U2BRGH          equ	15838	;# 
  4226   003DDF                     U2FIFO          equ	15839	;# 
  4227   003DE0                     U2UIR           equ	15840	;# 
  4228   003DE1                     U2ERRIR         equ	15841	;# 
  4229   003DE2                     U2ERRIE         equ	15842	;# 
  4230   003DE8                     U1RXB           equ	15848	;# 
  4231   003DE8                     U1RXBL          equ	15848	;# 
  4232   003DE9                     U1RXCHK         equ	15849	;# 
  4233   003DEA                     U1TXB           equ	15850	;# 
  4234   003DEA                     U1TXBL          equ	15850	;# 
  4235   003DEB                     U1TXCHK         equ	15851	;# 
  4236   003DEC                     U1P1            equ	15852	;# 
  4237   003DEC                     U1P1L           equ	15852	;# 
  4238   003DED                     U1P1H           equ	15853	;# 
  4239   003DEE                     U1P2            equ	15854	;# 
  4240   003DEE                     U1P2L           equ	15854	;# 
  4241   003DEF                     U1P2H           equ	15855	;# 
  4242   003DF0                     U1P3            equ	15856	;# 
  4243   003DF0                     U1P3L           equ	15856	;# 
  4244   003DF1                     U1P3H           equ	15857	;# 
  4245   003DF2                     U1CON0          equ	15858	;# 
  4246   003DF3                     U1CON1          equ	15859	;# 
  4247   003DF4                     U1CON2          equ	15860	;# 
  4248   003DF5                     U1BRG           equ	15861	;# 
  4249   003DF5                     U1BRGL          equ	15861	;# 
  4250   003DF6                     U1BRGH          equ	15862	;# 
  4251   003DF7                     U1FIFO          equ	15863	;# 
  4252   003DF8                     U1UIR           equ	15864	;# 
  4253   003DF9                     U1ERRIR         equ	15865	;# 
  4254   003DFA                     U1ERRIE         equ	15866	;# 
  4255   003E9C                     DAC1CON1        equ	16028	;# 
  4256   003E9E                     DAC1CON0        equ	16030	;# 
  4257   003EB8                     CM2CON0         equ	16056	;# 
  4258   003EB9                     CM2CON1         equ	16057	;# 
  4259   003EBA                     CM2NCH          equ	16058	;# 
  4260   003EBB                     CM2PCH          equ	16059	;# 
  4261   003EBC                     CM1CON0         equ	16060	;# 
  4262   003EBD                     CM1CON1         equ	16061	;# 
  4263   003EBE                     CM1NCH          equ	16062	;# 
  4264   003EBF                     CM1PCH          equ	16063	;# 
  4265   003EC0                     CMOUT           equ	16064	;# 
  4266   003EC1                     FVRCON          equ	16065	;# 
  4267   003EC3                     ZCDCON          equ	16067	;# 
  4268   003EC9                     HLVDCON0        equ	16073	;# 
  4269   003ECA                     HLVDCON1        equ	16074	;# 
  4270   003ED7                     ADCP            equ	16087	;# 
  4271   003EDE                     ADLTH           equ	16094	;# 
  4272   003EDE                     ADLTHL          equ	16094	;# 
  4273   003EDF                     ADLTHH          equ	16095	;# 
  4274   003EE0                     ADUTH           equ	16096	;# 
  4275   003EE0                     ADUTHL          equ	16096	;# 
  4276   003EE1                     ADUTHH          equ	16097	;# 
  4277   003EE2                     ADERR           equ	16098	;# 
  4278   003EE2                     ADERRL          equ	16098	;# 
  4279   003EE3                     ADERRH          equ	16099	;# 
  4280   003EE4                     ADSTPT          equ	16100	;# 
  4281   003EE4                     ADSTPTL         equ	16100	;# 
  4282   003EE5                     ADSTPTH         equ	16101	;# 
  4283   003EE6                     ADFLTR          equ	16102	;# 
  4284   003EE6                     ADFLTRL         equ	16102	;# 
  4285   003EE7                     ADFLTRH         equ	16103	;# 
  4286   003EE8                     ADACC           equ	16104	;# 
  4287   003EE8                     ADACCL          equ	16104	;# 
  4288   003EE9                     ADACCH          equ	16105	;# 
  4289   003EEA                     ADACCU          equ	16106	;# 
  4290   003EEB                     ADCNT           equ	16107	;# 
  4291   003EEC                     ADRPT           equ	16108	;# 
  4292   003EED                     ADPREV          equ	16109	;# 
  4293   003EED                     ADPREVL         equ	16109	;# 
  4294   003EEE                     ADPREVH         equ	16110	;# 
  4295   003EEF                     ADRES           equ	16111	;# 
  4296   003EEF                     ADRESL          equ	16111	;# 
  4297   003EF0                     ADRESH          equ	16112	;# 
  4298   003EF1                     ADPCH           equ	16113	;# 
  4299   003EF3                     ADACQ           equ	16115	;# 
  4300   003EF3                     ADACQL          equ	16115	;# 
  4301   003EF4                     ADACQH          equ	16116	;# 
  4302   003EF5                     ADCAP           equ	16117	;# 
  4303   003EF6                     ADPRE           equ	16118	;# 
  4304   003EF6                     ADPREL          equ	16118	;# 
  4305   003EF7                     ADPREH          equ	16119	;# 
  4306   003EF8                     ADCON0          equ	16120	;# 
  4307   003EF9                     ADCON1          equ	16121	;# 
  4308   003EFA                     ADCON2          equ	16122	;# 
  4309   003EFB                     ADCON3          equ	16123	;# 
  4310   003EFC                     ADSTAT          equ	16124	;# 
  4311   003EFD                     ADREF           equ	16125	;# 
  4312   003EFE                     ADACT           equ	16126	;# 
  4313   003EFF                     ADCLK           equ	16127	;# 
  4314   003F12                     SMT1TMR         equ	16146	;# 
  4315   003F12                     SMT1TMRL        equ	16146	;# 
  4316   003F13                     SMT1TMRH        equ	16147	;# 
  4317   003F14                     SMT1TMRU        equ	16148	;# 
  4318   003F15                     SMT1CPR         equ	16149	;# 
  4319   003F15                     SMT1CPRL        equ	16149	;# 
  4320   003F16                     SMT1CPRH        equ	16150	;# 
  4321   003F17                     SMT1CPRU        equ	16151	;# 
  4322   003F18                     SMT1CPW         equ	16152	;# 
  4323   003F18                     SMT1CPWL        equ	16152	;# 
  4324   003F19                     SMT1CPWH        equ	16153	;# 
  4325   003F1A                     SMT1CPWU        equ	16154	;# 
  4326   003F1B                     SMT1PR          equ	16155	;# 
  4327   003F1B                     SMT1PRL         equ	16155	;# 
  4328   003F1C                     SMT1PRH         equ	16156	;# 
  4329   003F1D                     SMT1PRU         equ	16157	;# 
  4330   003F1E                     SMT1CON0        equ	16158	;# 
  4331   003F1F                     SMT1CON1        equ	16159	;# 
  4332   003F20                     SMT1STAT        equ	16160	;# 
  4333   003F21                     SMT1CLK         equ	16161	;# 
  4334   003F22                     SMT1SIG         equ	16162	;# 
  4335   003F23                     SMT1WIN         equ	16163	;# 
  4336   003F38                     NCO1ACC         equ	16184	;# 
  4337   003F38                     NCO1ACCL        equ	16184	;# 
  4338   003F39                     NCO1ACCH        equ	16185	;# 
  4339   003F3A                     NCO1ACCU        equ	16186	;# 
  4340   003F3B                     NCO1INC         equ	16187	;# 
  4341   003F3B                     NCO1INCL        equ	16187	;# 
  4342   003F3C                     NCO1INCH        equ	16188	;# 
  4343   003F3D                     NCO1INCU        equ	16189	;# 
  4344   003F3E                     NCO1CON         equ	16190	;# 
  4345   003F3F                     NCO1CLK         equ	16191	;# 
  4346   003F40                     CWG3CLK         equ	16192	;# 
  4347   003F40                     CWG3CLKCON      equ	16192	;# 
  4348   003F41                     CWG3ISM         equ	16193	;# 
  4349   003F41                     CWG3DAT         equ	16193	;# 
  4350   003F42                     CWG3DBR         equ	16194	;# 
  4351   003F43                     CWG3DBF         equ	16195	;# 
  4352   003F44                     CWG3CON0        equ	16196	;# 
  4353   003F45                     CWG3CON1        equ	16197	;# 
  4354   003F46                     CWG3AS0         equ	16198	;# 
  4355   003F47                     CWG3AS1         equ	16199	;# 
  4356   003F48                     CWG3STR         equ	16200	;# 
  4357   003F49                     CWG2CLK         equ	16201	;# 
  4358   003F49                     CWG2CLKCON      equ	16201	;# 
  4359   003F4A                     CWG2ISM         equ	16202	;# 
  4360   003F4A                     CWG2DAT         equ	16202	;# 
  4361   003F4B                     CWG2DBR         equ	16203	;# 
  4362   003F4C                     CWG2DBF         equ	16204	;# 
  4363   003F4D                     CWG2CON0        equ	16205	;# 
  4364   003F4E                     CWG2CON1        equ	16206	;# 
  4365   003F4F                     CWG2AS0         equ	16207	;# 
  4366   003F50                     CWG2AS1         equ	16208	;# 
  4367   003F51                     CWG2STR         equ	16209	;# 
  4368   003F52                     CWG1CLK         equ	16210	;# 
  4369   003F52                     CWG1CLKCON      equ	16210	;# 
  4370   003F53                     CWG1ISM         equ	16211	;# 
  4371   003F53                     CWG1DAT         equ	16211	;# 
  4372   003F54                     CWG1DBR         equ	16212	;# 
  4373   003F55                     CWG1DBF         equ	16213	;# 
  4374   003F56                     CWG1CON0        equ	16214	;# 
  4375   003F57                     CWG1CON1        equ	16215	;# 
  4376   003F58                     CWG1AS0         equ	16216	;# 
  4377   003F59                     CWG1AS1         equ	16217	;# 
  4378   003F5A                     CWG1STR         equ	16218	;# 
  4379   003F5E                     CCPTMRS0        equ	16222	;# 
  4380   003F5F                     CCPTMRS1        equ	16223	;# 
  4381   003F60                     PWM8DC          equ	16224	;# 
  4382   003F60                     PWM8DCL         equ	16224	;# 
  4383   003F61                     PWM8DCH         equ	16225	;# 
  4384   003F62                     PWM8CON         equ	16226	;# 
  4385   003F64                     PWM7DC          equ	16228	;# 
  4386   003F64                     PWM7DCL         equ	16228	;# 
  4387   003F65                     PWM7DCH         equ	16229	;# 
  4388   003F66                     PWM7CON         equ	16230	;# 
  4389   003F68                     PWM6DC          equ	16232	;# 
  4390   003F68                     PWM6DCL         equ	16232	;# 
  4391   003F69                     PWM6DCH         equ	16233	;# 
  4392   003F6A                     PWM6CON         equ	16234	;# 
  4393   003F6C                     PWM5DC          equ	16236	;# 
  4394   003F6C                     PWM5DCL         equ	16236	;# 
  4395   003F6D                     PWM5DCH         equ	16237	;# 
  4396   003F6E                     PWM5CON         equ	16238	;# 
  4397   003F70                     CCPR4           equ	16240	;# 
  4398   003F70                     CCPR4L          equ	16240	;# 
  4399   003F71                     CCPR4H          equ	16241	;# 
  4400   003F72                     CCP4CON         equ	16242	;# 
  4401   003F73                     CCP4CAP         equ	16243	;# 
  4402   003F74                     CCPR3           equ	16244	;# 
  4403   003F74                     CCPR3L          equ	16244	;# 
  4404   003F75                     CCPR3H          equ	16245	;# 
  4405   003F76                     CCP3CON         equ	16246	;# 
  4406   003F77                     CCP3CAP         equ	16247	;# 
  4407   003F78                     CCPR2           equ	16248	;# 
  4408   003F78                     CCPR2L          equ	16248	;# 
  4409   003F79                     CCPR2H          equ	16249	;# 
  4410   003F7A                     CCP2CON         equ	16250	;# 
  4411   003F7B                     CCP2CAP         equ	16251	;# 
  4412   003F7C                     CCPR1           equ	16252	;# 
  4413   003F7C                     CCPR1L          equ	16252	;# 
  4414   003F7D                     CCPR1H          equ	16253	;# 
  4415   003F7E                     CCP1CON         equ	16254	;# 
  4416   003F7F                     CCP1CAP         equ	16255	;# 
  4417   003F92                     T6TMR           equ	16274	;# 
  4418   003F92                     TMR6            equ	16274	;# 
  4419   003F93                     T6PR            equ	16275	;# 
  4420   003F93                     PR6             equ	16275	;# 
  4421   003F94                     T6CON           equ	16276	;# 
  4422   003F95                     T6HLT           equ	16277	;# 
  4423   003F96                     T6CLKCON        equ	16278	;# 
  4424   003F96                     T6CLK           equ	16278	;# 
  4425   003F97                     T6RST           equ	16279	;# 
  4426   003F98                     TMR5            equ	16280	;# 
  4427   003F98                     TMR5L           equ	16280	;# 
  4428   003F99                     TMR5H           equ	16281	;# 
  4429   003F9A                     T5CON           equ	16282	;# 
  4430   003F9A                     TMR5CON         equ	16282	;# 
  4431   003F9B                     T5GCON          equ	16283	;# 
  4432   003F9B                     TMR5GCON        equ	16283	;# 
  4433   003F9C                     T5GATE          equ	16284	;# 
  4434   003F9C                     TMR5GATE        equ	16284	;# 
  4435   003F9D                     T5CLK           equ	16285	;# 
  4436   003F9D                     TMR5CLK         equ	16285	;# 
  4437   003F9D                     PR5             equ	16285	;# 
  4438   003F9E                     T4TMR           equ	16286	;# 
  4439   003F9E                     TMR4            equ	16286	;# 
  4440   003F9F                     T4PR            equ	16287	;# 
  4441   003F9F                     PR4             equ	16287	;# 
  4442   003FA0                     T4CON           equ	16288	;# 
  4443   003FA1                     T4HLT           equ	16289	;# 
  4444   003FA2                     T4CLKCON        equ	16290	;# 
  4445   003FA2                     T4CLK           equ	16290	;# 
  4446   003FA3                     T4RST           equ	16291	;# 
  4447   003FA4                     TMR3            equ	16292	;# 
  4448   003FA4                     TMR3L           equ	16292	;# 
  4449   003FA5                     TMR3H           equ	16293	;# 
  4450   003FA6                     T3CON           equ	16294	;# 
  4451   003FA6                     TMR3CON         equ	16294	;# 
  4452   003FA7                     T3GCON          equ	16295	;# 
  4453   003FA7                     TMR3GCON        equ	16295	;# 
  4454   003FA8                     T3GATE          equ	16296	;# 
  4455   003FA8                     TMR3GATE        equ	16296	;# 
  4456   003FA9                     T3CLK           equ	16297	;# 
  4457   003FA9                     TMR3CLK         equ	16297	;# 
  4458   003FA9                     PR3             equ	16297	;# 
  4459   003FAA                     T2TMR           equ	16298	;# 
  4460   003FAA                     TMR2            equ	16298	;# 
  4461   003FAB                     T2PR            equ	16299	;# 
  4462   003FAB                     PR2             equ	16299	;# 
  4463   003FAC                     T2CON           equ	16300	;# 
  4464   003FAD                     T2HLT           equ	16301	;# 
  4465   003FAE                     T2CLKCON        equ	16302	;# 
  4466   003FAE                     T2CLK           equ	16302	;# 
  4467   003FAF                     T2RST           equ	16303	;# 
  4468   003FB0                     TMR1            equ	16304	;# 
  4469   003FB0                     TMR1L           equ	16304	;# 
  4470   003FB1                     TMR1H           equ	16305	;# 
  4471   003FB2                     T1CON           equ	16306	;# 
  4472   003FB2                     TMR1CON         equ	16306	;# 
  4473   003FB3                     T1GCON          equ	16307	;# 
  4474   003FB3                     TMR1GCON        equ	16307	;# 
  4475   003FB4                     T1GATE          equ	16308	;# 
  4476   003FB4                     TMR1GATE        equ	16308	;# 
  4477   003FB5                     T1CLK           equ	16309	;# 
  4478   003FB5                     TMR1CLK         equ	16309	;# 
  4479   003FB5                     PR1             equ	16309	;# 
  4480   003FB6                     TMR0L           equ	16310	;# 
  4481   003FB6                     TMR0            equ	16310	;# 
  4482   003FB7                     TMR0H           equ	16311	;# 
  4483   003FB7                     PR0             equ	16311	;# 
  4484   003FB8                     T0CON0          equ	16312	;# 
  4485   003FB9                     T0CON1          equ	16313	;# 
  4486   003FBA                     LATA            equ	16314	;# 
  4487   003FBB                     LATB            equ	16315	;# 
  4488   003FBC                     LATC            equ	16316	;# 
  4489   003FBD                     LATD            equ	16317	;# 
  4490   003FBE                     LATE            equ	16318	;# 
  4491   003FC2                     TRISA           equ	16322	;# 
  4492   003FC3                     TRISB           equ	16323	;# 
  4493   003FC4                     TRISC           equ	16324	;# 
  4494   003FC5                     TRISD           equ	16325	;# 
  4495   003FC6                     TRISE           equ	16326	;# 
  4496   003FCA                     PORTA           equ	16330	;# 
  4497   003FCB                     PORTB           equ	16331	;# 
  4498   003FCC                     PORTC           equ	16332	;# 
  4499   003FCD                     PORTD           equ	16333	;# 
  4500   003FCE                     PORTE           equ	16334	;# 
  4501   003FD2                     INTCON0         equ	16338	;# 
  4502   003FD3                     INTCON1         equ	16339	;# 
  4503   003FD4                     IVTLOCK         equ	16340	;# 
  4504   003FD5                     IVTBASE         equ	16341	;# 
  4505   003FD5                     IVTBASEL        equ	16341	;# 
  4506   003FD6                     IVTBASEH        equ	16342	;# 
  4507   003FD7                     IVTBASEU        equ	16343	;# 
  4508   003FD8                     STATUS          equ	16344	;# 
  4509   003FD9                     FSR2            equ	16345	;# 
  4510   003FD9                     FSR2L           equ	16345	;# 
  4511   003FDA                     FSR2H           equ	16346	;# 
  4512   003FDB                     PLUSW2          equ	16347	;# 
  4513   003FDC                     PREINC2         equ	16348	;# 
  4514   003FDD                     POSTDEC2        equ	16349	;# 
  4515   003FDE                     POSTINC2        equ	16350	;# 
  4516   003FDF                     INDF2           equ	16351	;# 
  4517   003FE0                     BSR             equ	16352	;# 
  4518   003FE1                     FSR1            equ	16353	;# 
  4519   003FE1                     FSR1L           equ	16353	;# 
  4520   003FE2                     FSR1H           equ	16354	;# 
  4521   003FE3                     PLUSW1          equ	16355	;# 
  4522   003FE4                     PREINC1         equ	16356	;# 
  4523   003FE5                     POSTDEC1        equ	16357	;# 
  4524   003FE6                     POSTINC1        equ	16358	;# 
  4525   003FE7                     INDF1           equ	16359	;# 
  4526   003FE8                     WREG            equ	16360	;# 
  4527   003FE9                     FSR0            equ	16361	;# 
  4528   003FE9                     FSR0L           equ	16361	;# 
  4529   003FEA                     FSR0H           equ	16362	;# 
  4530   003FEB                     PLUSW0          equ	16363	;# 
  4531   003FEC                     PREINC0         equ	16364	;# 
  4532   003FED                     POSTDEC0        equ	16365	;# 
  4533   003FEE                     POSTINC0        equ	16366	;# 
  4534   003FEF                     INDF0           equ	16367	;# 
  4535   003FF0                     PCON0           equ	16368	;# 
  4536   003FF1                     PCON1           equ	16369	;# 
  4537   003FF3                     PROD            equ	16371	;# 
  4538   003FF3                     PRODL           equ	16371	;# 
  4539   003FF4                     PRODH           equ	16372	;# 
  4540   003FF5                     TABLAT          equ	16373	;# 
  4541   003FF6                     TBLPTR          equ	16374	;# 
  4542   003FF6                     TBLPTRL         equ	16374	;# 
  4543   003FF7                     TBLPTRH         equ	16375	;# 
  4544   003FF8                     TBLPTRU         equ	16376	;# 
  4545   003FF9                     PCLAT           equ	16377	;# 
  4546   003FF9                     PCL             equ	16377	;# 
  4547   003FFA                     PCLATH          equ	16378	;# 
  4548   003FFB                     PCLATU          equ	16379	;# 
  4549   003FFC                     STKPTR          equ	16380	;# 
  4550   003FFD                     TOS             equ	16381	;# 
  4551   003FFD                     TOSL            equ	16381	;# 
  4552   003FFE                     TOSH            equ	16382	;# 
  4553   003FFF                     TOSU            equ	16383	;# 
  4554                           
  4555 ;; Function _INT0_DefaultInterruptHandler is unused but had its address taken
  4556   000000                     _INT0_DefaultInterruptHandler equ	0
  4557                           
  4558 ;; Function _INT1_DefaultInterruptHandler is unused but had its address taken
  4559   000000                     _INT1_DefaultInterruptHandler equ	0
  4560                           
  4561 ;; Function _INT2_DefaultInterruptHandler is unused but had its address taken
  4562   000000                     _INT2_DefaultInterruptHandler equ	0
  4563                           
  4564 ;; Function _UART2_Deinitialize is unused but had its address taken
  4565   000000                     _UART2_Deinitialize equ	0
  4566                           
  4567 ;; Function _UART2_TransmitEnable is unused but had its address taken
  4568   000000                     _UART2_TransmitEnable equ	0
  4569                           
  4570 ;; Function _UART2_TransmitDisable is unused but had its address taken
  4571   000000                     _UART2_TransmitDisable equ	0
  4572                           
  4573 ;; Function _UART2_AutoBaudSet is unused but had its address taken
  4574   000000                     _UART2_AutoBaudSet equ	0
  4575                           
  4576 ;; Function _UART2_AutoBaudQuery is unused but had its address taken
  4577   000000                     _UART2_AutoBaudQuery equ	0
  4578                           
  4579 ;; Function _UART2_IsRxReady is unused but had its address taken
  4580   000000                     _UART2_IsRxReady equ	0
  4581                           
  4582 ;; Function _UART2_IsTxDone is unused but had its address taken
  4583   000000                     _UART2_IsTxDone equ	0
  4584                           
  4585 ;; Function _UART2_ErrorGet is unused but had its address taken
  4586   000000                     _UART2_ErrorGet equ	0
  4587                           
  4588 ;; Function _UART2_Read is unused but had its address taken
  4589   000000                     _UART2_Read     equ	0
  4590                           
  4591 ;; Function _UART2_DefaultFramingErrorCallback is unused but had its address taken
  4592   000000                     _UART2_DefaultFramingErrorCallback equ	0
  4593                           
  4594 ;; Function _UART2_DefaultOverrunErrorCallback is unused but had its address taken
  4595   000000                     _UART2_DefaultOverrunErrorCallback equ	0
  4596                           
  4597 ;; Function _UART2_DefaultParityErrorCallback is unused but had its address taken
  4598   000000                     _UART2_DefaultParityErrorCallback equ	0
  4599                           
  4600                           	psect	smallconst
  4601   002000                     __psmallconst:
  4602                           	callstack 0
  4603   002000  00                 	db	0
  4604   002001                     _UART2:
  4605                           	callstack 0
  4606   002001  AC                 	db	low _UART2_Initialize
  4607   002002  26                 	db	high _UART2_Initialize
  4608   002003  00                 	db	low (_UART2_Initialize shr (0+16))
  4609   002004  00                 	db	0
  4610   002005  00                 	db	0
  4611   002006  00                 	db	0
  4612   002007  00                 	db	0
  4613   002008  00                 	db	0
  4614   002009  00                 	db	0
  4615   00200A  50                 	db	low _UART2_Write
  4616   00200B  29                 	db	high _UART2_Write
  4617   00200C  00                 	db	low (_UART2_Write shr (0+16))
  4618   00200D  00                 	db	0
  4619   00200E  00                 	db	0
  4620   00200F  00                 	db	0
  4621   002010  02                 	db	low _UART2_IsTxReady
  4622   002011  28                 	db	high _UART2_IsTxReady
  4623   002012  00                 	db	low (_UART2_IsTxReady shr (0+16))
  4624   002013  00                 	db	0
  4625   002014  00                 	db	0
  4626   002015  00                 	db	0
  4627   002016  00                 	db	0
  4628   002017  00                 	db	0
  4629   002018  00                 	db	0
  4630   002019  00                 	db	0
  4631   00201A  00                 	db	0
  4632   00201B  00                 	db	0
  4633   00201C  00                 	db	0
  4634   00201D  00                 	db	0
  4635   00201E  00                 	db	0
  4636   00201F  00                 	db	0
  4637   002020  00                 	db	0
  4638   002021  00                 	db	0
  4639   002022  00                 	db	0
  4640   002023  00                 	db	0
  4641   002024  00                 	db	0
  4642   002025  00                 	db	0
  4643   002026  00                 	db	0
  4644   002027  00                 	db	0
  4645   002028  00                 	db	0
  4646   002029  00                 	db	0
  4647   00202A  00                 	db	0
  4648   00202B  00                 	db	0
  4649   00202C  00                 	db	0
  4650   00202D  00                 	db	0
  4651   00202E  00                 	db	0
  4652   00202F  00                 	db	0
  4653   002030  00                 	db	0
  4654   002031  00                 	db	0
  4655   002032  00                 	db	0
  4656   002033  00                 	db	0
  4657   002034  00                 	db	0
  4658   002035  00                 	db	0
  4659   002036  00                 	db	0
  4660   002037  00                 	db	0
  4661   002038  00                 	db	0
  4662   002039  00                 	db	0
  4663   00203A  00                 	db	0
  4664   00203B  00                 	db	0
  4665   00203C  00                 	db	0
  4666   00203D  6E                 	db	low _UART2_FramingErrorCallbackRegister
  4667   00203E  28                 	db	high _UART2_FramingErrorCallbackRegister
  4668   00203F  00                 	db	low (_UART2_FramingErrorCallbackRegister shr (0+16))
  4669   002040  4C                 	db	low _UART2_OverrunErrorCallbackRegister
  4670   002041  28                 	db	high _UART2_OverrunErrorCallbackRegister
  4671   002042  00                 	db	low (_UART2_OverrunErrorCallbackRegister shr (0+16))
  4672   002043  2A                 	db	low _UART2_ParityErrorCallbackRegister
  4673   002044  28                 	db	high _UART2_ParityErrorCallbackRegister
  4674   002045  00                 	db	low (_UART2_ParityErrorCallbackRegister shr (0+16))
  4675   002046  00                 	db	0
  4676   002047  00                 	db	0
  4677   002048  00                 	db	0
  4678   002049                     __end_of_UART2:
  4679                           	callstack 0
  4680   0039A7                     _PIR7bits       set	14759
  4681   0039A5                     _PIR5bits       set	14757
  4682   0039A1                     _PIR1bits       set	14753
  4683   0039DE                     _OSCTUNE        set	14814
  4684   0039DF                     _OSCFRQ         set	14815
  4685   0039DD                     _OSCEN          set	14813
  4686   0039DB                     _OSCCON3        set	14811
  4687   0039D9                     _OSCCON1        set	14809
  4688   003A87                     _IOCEF          set	14983
  4689   003A86                     _IOCEN          set	14982
  4690   003A85                     _IOCEP          set	14981
  4691   003A67                     _IOCCF          set	14951
  4692   003A66                     _IOCCN          set	14950
  4693   003A65                     _IOCCP          set	14949
  4694   003A57                     _IOCBF          set	14935
  4695   003A56                     _IOCBN          set	14934
  4696   003A55                     _IOCBP          set	14933
  4697   003A47                     _IOCAF          set	14919
  4698   003A46                     _IOCAN          set	14918
  4699   003A45                     _IOCAP          set	14917
  4700   003A18                     _RD0PPS         set	14872
  4701   003AE8                     _U2RXPPS        set	15080
  4702   003A7B                     _RD1I2C         set	14971
  4703   003A7A                     _RD0I2C         set	14970
  4704   003A6B                     _RC4I2C         set	14955
  4705   003A6A                     _RC3I2C         set	14954
  4706   003A5B                     _RB2I2C         set	14939
  4707   003A5A                     _RB1I2C         set	14938
  4708   003A84                     _INLVLE         set	14980
  4709   003A74                     _INLVLD         set	14964
  4710   003A64                     _INLVLC         set	14948
  4711   003A54                     _INLVLB         set	14932
  4712   003A44                     _INLVLA         set	14916
  4713   003A83                     _SLRCONE        set	14979
  4714   003A73                     _SLRCOND        set	14963
  4715   003A63                     _SLRCONC        set	14947
  4716   003A53                     _SLRCONB        set	14931
  4717   003A43                     _SLRCONA        set	14915
  4718   003A81                     _WPUE           set	14977
  4719   003A71                     _WPUD           set	14961
  4720   003A61                     _WPUC           set	14945
  4721   003A51                     _WPUB           set	14929
  4722   003A41                     _WPUA           set	14913
  4723   003A80                     _ANSELE         set	14976
  4724   003A70                     _ANSELD         set	14960
  4725   003A60                     _ANSELC         set	14944
  4726   003A50                     _ANSELB         set	14928
  4727   003A40                     _ANSELA         set	14912
  4728   003A82                     _ODCONE         set	14978
  4729   003A72                     _ODCOND         set	14962
  4730   003A62                     _ODCONC         set	14946
  4731   003A52                     _ODCONB         set	14930
  4732   003A42                     _ODCONA         set	14914
  4733   003DDF                     _U2FIFObits     set	15839
  4734   003DE1                     _U2ERRIRbits    set	15841
  4735   003DE0                     _U2UIRbits      set	15840
  4736   003DDA                     _U2CON0bits     set	15834
  4737   003DDB                     _U2CON1bits     set	15835
  4738   003DD2                     _U2TXB          set	15826
  4739   003DD0                     _U2RXB          set	15824
  4740   003DE2                     _U2ERRIE        set	15842
  4741   003DE1                     _U2ERRIR        set	15841
  4742   003DE0                     _U2UIR          set	15840
  4743   003DDF                     _U2FIFO         set	15839
  4744   003DDE                     _U2BRGH         set	15838
  4745   003DDD                     _U2BRGL         set	15837
  4746   003DDC                     _U2CON2         set	15836
  4747   003DDB                     _U2CON1         set	15835
  4748   003DDA                     _U2CON0         set	15834
  4749   003DD8                     _U2P3L          set	15832
  4750   003DD6                     _U2P2L          set	15830
  4751   003DD4                     _U2P1L          set	15828
  4752   003FC6                     _TRISE          set	16326
  4753   003FC5                     _TRISD          set	16325
  4754   003FC4                     _TRISC          set	16324
  4755   003FC3                     _TRISB          set	16323
  4756   003FC2                     _TRISA          set	16322
  4757   003FBE                     _LATE           set	16318
  4758   003FBD                     _LATD           set	16317
  4759   003FBC                     _LATC           set	16316
  4760   003FBB                     _LATB           set	16315
  4761   003FBA                     _LATA           set	16314
  4762   003FD2                     _INTCON0bits    set	16338
  4763   002049                     STR_1:
  4764                           
  4765                           ; BSR set to: 57
  4766   002049  25                 	db	37
  4767   00204A  64                 	db	100	;'d'
  4768   00204B  0D                 	db	13
  4769   00204C  0A                 	db	10
  4770   00204D  00                 	db	0
  4771   00204E  00                 	db	0	; dummy byte at the end
  4772   002000                     __smallconst    set	__psmallconst
  4773   002000                     __mediumconst   set	__psmallconst
  4774   000003                     __activetblptr  equ	3
  4775                           
  4776                           ; #config settings
  4777                           
  4778                           	psect	cinit
  4779   0028B0                     __pcinit:
  4780                           	callstack 0
  4781   0028B0                     start_initialization:
  4782                           	callstack 0
  4783   0028B0                     __initialization:
  4784                           	callstack 0
  4785                           
  4786                           ; Clear objects allocated to BANK0 (32 bytes)
  4787   0028B0  EE00  F060         	lfsr	0,__pbssBANK0
  4788   0028B4  0E20               	movlw	32
  4789   0028B6                     clear_0:
  4790   0028B6  6AEE               	clrf	postinc0,c
  4791   0028B8  06E8               	decf	wreg,f,c
  4792   0028BA  E1FD               	bnz	clear_0
  4793                           
  4794                           ; Clear objects allocated to COMRAM (29 bytes)
  4795   0028BC  EE00  F034         	lfsr	0,__pbssCOMRAM
  4796   0028C0  0E1D               	movlw	29
  4797   0028C2                     clear_1:
  4798   0028C2  6AEE               	clrf	postinc0,c
  4799   0028C4  06E8               	decf	wreg,f,c
  4800   0028C6  E1FD               	bnz	clear_1
  4801   0028C8                     end_of_initialization:
  4802                           	callstack 0
  4803   0028C8                     __end_of__initialization:
  4804                           	callstack 0
  4805   0028C8  0100               	movlb	0
  4806   0028CA  EF26  F013         	goto	_main	;jump to C main() function
  4807                           
  4808                           	psect	bssCOMRAM
  4809   000034                     __pbssCOMRAM:
  4810                           	callstack 0
  4811   000034                     _UART2_ParityErrorHandler:
  4812                           	callstack 0
  4813   000034                     	ds	3
  4814   000037                     _UART2_OverrunErrorHandler:
  4815                           	callstack 0
  4816   000037                     	ds	3
  4817   00003A                     _UART2_FramingErrorHandler:
  4818                           	callstack 0
  4819   00003A                     	ds	3
  4820   00003D                     _INT2_InterruptHandler:
  4821                           	callstack 0
  4822   00003D                     	ds	3
  4823   000040                     _INT1_InterruptHandler:
  4824                           	callstack 0
  4825   000040                     	ds	3
  4826   000043                     _INT0_InterruptHandler:
  4827                           	callstack 0
  4828   000043                     	ds	3
  4829   000046                     _width:
  4830                           	callstack 0
  4831   000046                     	ds	2
  4832   000048                     _prec:
  4833                           	callstack 0
  4834   000048                     	ds	2
  4835   00004A                     _uart2RxLastError:
  4836                           	callstack 0
  4837   00004A                     	ds	2
  4838   00004C                     _flags:
  4839                           	callstack 0
  4840   00004C                     	ds	1
  4841   00004D                     _seed:
  4842                           	callstack 0
  4843   00004D                     	ds	4
  4844                           
  4845                           	psect	bssBANK0
  4846   000060                     __pbssBANK0:
  4847                           	callstack 0
  4848   000060                     _dbuf:
  4849                           	callstack 0
  4850   000060                     	ds	32
  4851                           
  4852                           	psect	cstackCOMRAM
  4853   000001                     __pcstackCOMRAM:
  4854                           	callstack 0
  4855   000001                     ?___awdiv:
  4856                           	callstack 0
  4857   000001                     ?_time:
  4858                           	callstack 0
  4859   000001                     ?___lmul:
  4860                           	callstack 0
  4861   000001                     _UART2_IsTxReady$745:
  4862                           	callstack 0
  4863   000001                     UART2_Write@txData:
  4864                           	callstack 0
  4865   000001                     ___awdiv@dividend:
  4866                           	callstack 0
  4867   000001                     time@t:
  4868                           	callstack 0
  4869   000001                     INT0_SetInterruptHandler@InterruptHandler:
  4870                           	callstack 0
  4871   000001                     INT1_SetInterruptHandler@InterruptHandler:
  4872                           	callstack 0
  4873   000001                     INT2_SetInterruptHandler@InterruptHandler:
  4874                           	callstack 0
  4875   000001                     UART2_FramingErrorCallbackRegister@callbackHandler:
  4876                           	callstack 0
  4877   000001                     UART2_OverrunErrorCallbackRegister@callbackHandler:
  4878                           	callstack 0
  4879   000001                     UART2_ParityErrorCallbackRegister@callbackHandler:
  4880                           	callstack 0
  4881   000001                     ___lmul@multiplier:
  4882                           	callstack 0
  4883   000001                     
  4884                           ; 1 bytes @ 0x0
  4885   000001                     	ds	1
  4886   000002                     putch@txData:
  4887                           	callstack 0
  4888   000002                     
  4889                           ; 1 bytes @ 0x1
  4890   000002                     	ds	1
  4891   000003                     ___awdiv@divisor:
  4892                           	callstack 0
  4893   000003                     fputc@c:
  4894                           	callstack 0
  4895                           
  4896                           ; 2 bytes @ 0x2
  4897   000003                     	ds	1
  4898   000004                     
  4899                           ; 1 bytes @ 0x3
  4900   000004                     	ds	1
  4901   000005                     ___awdiv@counter:
  4902                           	callstack 0
  4903   000005                     fputc@fp:
  4904                           	callstack 0
  4905   000005                     srand@s:
  4906                           	callstack 0
  4907   000005                     ___lmul@multiplicand:
  4908                           	callstack 0
  4909   000005                     
  4910                           ; 1 bytes @ 0x4
  4911   000005                     	ds	1
  4912   000006                     ___awdiv@sign:
  4913                           	callstack 0
  4914                           
  4915                           ; 1 bytes @ 0x5
  4916   000006                     	ds	1
  4917   000007                     ___awdiv@quotient:
  4918                           	callstack 0
  4919   000007                     ??_srand:
  4920   000007                     ??_fputc:
  4921                           
  4922                           ; 1 bytes @ 0x6
  4923   000007                     	ds	2
  4924   000009                     ___lmul@product:
  4925                           	callstack 0
  4926   000009                     
  4927                           ; 1 bytes @ 0x8
  4928   000009                     	ds	4
  4929   00000D                     ?_rand:
  4930                           	callstack 0
  4931                           
  4932                           ; 2 bytes @ 0xC
  4933   00000D                     	ds	2
  4934   00000F                     ??_rand:
  4935                           
  4936                           ; 1 bytes @ 0xE
  4937   00000F                     	ds	4
  4938   000013                     ?___awmod:
  4939                           	callstack 0
  4940   000013                     ___awmod@dividend:
  4941                           	callstack 0
  4942                           
  4943                           ; 2 bytes @ 0x12
  4944   000013                     	ds	2
  4945   000015                     ___awmod@divisor:
  4946                           	callstack 0
  4947                           
  4948                           ; 2 bytes @ 0x14
  4949   000015                     	ds	2
  4950   000017                     ___awmod@counter:
  4951                           	callstack 0
  4952   000017                     
  4953                           ; 1 bytes @ 0x16
  4954   000017                     	ds	1
  4955   000018                     ___awmod@sign:
  4956                           	callstack 0
  4957                           
  4958                           ; 1 bytes @ 0x17
  4959   000018                     	ds	1
  4960   000019                     ?_abs:
  4961                           	callstack 0
  4962   000019                     ?_random_number:
  4963                           	callstack 0
  4964   000019                     random_number@min_num:
  4965                           	callstack 0
  4966   000019                     abs@a:
  4967                           	callstack 0
  4968                           
  4969                           ; 2 bytes @ 0x18
  4970   000019                     	ds	2
  4971   00001B                     random_number@max_num:
  4972                           	callstack 0
  4973   00001B                     ??_abs:
  4974                           
  4975                           ; 1 bytes @ 0x1A
  4976   00001B                     	ds	2
  4977   00001D                     vfpfcnvrt@fp:
  4978                           	callstack 0
  4979   00001D                     ??_random_number:
  4980                           
  4981                           ; 1 bytes @ 0x1C
  4982   00001D                     	ds	1
  4983   00001E                     random_number@result:
  4984                           	callstack 0
  4985                           
  4986                           ; 2 bytes @ 0x1D
  4987   00001E                     	ds	1
  4988   00001F                     vfpfcnvrt@fmt:
  4989                           	callstack 0
  4990                           
  4991                           ; 1 bytes @ 0x1E
  4992   00001F                     	ds	1
  4993   000020                     vfpfcnvrt@ap:
  4994                           	callstack 0
  4995   000020                     random_number@hi_num:
  4996                           	callstack 0
  4997                           
  4998                           ; 2 bytes @ 0x1F
  4999   000020                     	ds	1
  5000   000021                     ??_vfpfcnvrt:
  5001                           
  5002                           ; 1 bytes @ 0x20
  5003   000021                     	ds	1
  5004   000022                     vfpfcnvrt@done:
  5005                           	callstack 0
  5006   000022                     random_number@low_num:
  5007                           	callstack 0
  5008                           
  5009                           ; 2 bytes @ 0x21
  5010   000022                     	ds	1
  5011   000023                     vfpfcnvrt@cp:
  5012                           	callstack 0
  5013                           
  5014                           ; 1 bytes @ 0x22
  5015   000023                     	ds	1
  5016   000024                     vfpfcnvrt@convarg:
  5017                           	callstack 0
  5018                           
  5019                           ; 4 bytes @ 0x23
  5020   000024                     	ds	4
  5021   000028                     vfpfcnvrt@c:
  5022                           	callstack 0
  5023                           
  5024                           ; 1 bytes @ 0x27
  5025   000028                     	ds	1
  5026   000029                     ?_vfprintf:
  5027                           	callstack 0
  5028   000029                     vfprintf@fp:
  5029                           	callstack 0
  5030                           
  5031                           ; 2 bytes @ 0x28
  5032   000029                     	ds	2
  5033   00002B                     vfprintf@fmt:
  5034                           	callstack 0
  5035                           
  5036                           ; 1 bytes @ 0x2A
  5037   00002B                     	ds	1
  5038   00002C                     vfprintf@ap:
  5039                           	callstack 0
  5040                           
  5041                           ; 1 bytes @ 0x2B
  5042   00002C                     	ds	1
  5043   00002D                     vfprintf@cfmt:
  5044                           	callstack 0
  5045   00002D                     
  5046                           ; 1 bytes @ 0x2C
  5047   00002D                     	ds	1
  5048   00002E                     ?_printf:
  5049                           	callstack 0
  5050   00002E                     printf@fmt:
  5051                           	callstack 0
  5052                           
  5053                           ; 1 bytes @ 0x2D
  5054   00002E                     	ds	3
  5055   000031                     printf@ap:
  5056                           	callstack 0
  5057   000031                     
  5058                           ; 1 bytes @ 0x30
  5059   000031                     	ds	1
  5060   000032                     ??_main:
  5061                           
  5062                           ; 1 bytes @ 0x31
  5063   000032                     	ds	2
  5064                           
  5065 ;;
  5066 ;;Main: autosize = 0, tempsize = 2, incstack = 0, save=0
  5067 ;;
  5068 ;; *************** function _main *****************
  5069 ;; Defined at:
  5070 ;;		line 62 in file "main.c"
  5071 ;; Parameters:    Size  Location     Type
  5072 ;;		None
  5073 ;; Auto vars:     Size  Location     Type
  5074 ;;		None
  5075 ;; Return value:  Size  Location     Type
  5076 ;;                  2  311[None  ] int 
  5077 ;; Registers used:
  5078 ;;		wreg, fsr1l, fsr1h, fsr2l, fsr2h, status,2, status,0, tblptrl, tblptrh, tblptru, cstack
  5079 ;; Tracked objects:
  5080 ;;		On entry : 0/0
  5081 ;;		On exit  : 0/0
  5082 ;;		Unchanged: 0/0
  5083 ;; Data sizes:     COMRAM   BANK0   BANK1   BANK2   BANK3   BANK4   BANK5   BANK6   BANK7   BANK8   BANK9  BANK10  BANK1
      +1  BANK12  BANK13  BANK14  BANK15  BANK16  BANK17  BANK18  BANK19  BANK20  BANK21  BANK22  BANK23  BANK24  BANK25  BANK2
      +6  BANK27  BANK28  BANK29  BANK30  BANK31
  5084 ;;      Params:         0       0       0       0       0       0       0       0       0       0       0       0       
      +0       0       0       0       0       0       0       0       0       0       0       0       0       0       0       
      +0       0       0       0       0       0
  5085 ;;      Locals:         0       0       0       0       0       0       0       0       0       0       0       0       
      +0       0       0       0       0       0       0       0       0       0       0       0       0       0       0       
      +0       0       0       0       0       0
  5086 ;;      Temps:          2       0       0       0       0       0       0       0       0       0       0       0       
      +0       0       0       0       0       0       0       0       0       0       0       0       0       0       0       
      +0       0       0       0       0       0
  5087 ;;      Totals:         2       0       0       0       0       0       0       0       0       0       0       0       
      +0       0       0       0       0       0       0       0       0       0       0       0       0       0       0       
      +0       0       0       0       0       0
  5088 ;;Total ram usage:        2 bytes
  5089 ;; Hardware stack levels required when called: 6
  5090 ;; This function calls:
  5091 ;;		_SYSTEM_Initialize
  5092 ;;		_UART2_Initialize
  5093 ;;		_printf
  5094 ;;		_random_number
  5095 ;;		_srand
  5096 ;;		_time
  5097 ;; This function is called by:
  5098 ;;		Startup code after reset
  5099 ;; This function uses a non-reentrant model
  5100 ;;
  5101                           
  5102                           	psect	text0
  5103   00264C                     __ptext0:
  5104                           	callstack 0
  5105   00264C                     _main:
  5106                           	callstack 25
  5107   00264C                     
  5108                           ;main.c: 64:     SYSTEM_Initialize();
  5109   00264C  EC81  F014         	call	_SYSTEM_Initialize	;wreg free
  5110                           
  5111                           ;main.c: 65:     UART2_Initialize();
  5112   002650  EC56  F013         	call	_UART2_Initialize	;wreg free
  5113   002654                     
  5114                           ;main.c: 66:     srand(time(((void*)0)));
  5115   002654  0E00               	movlw	0
  5116   002656  6E01               	movwf	time@t^0,c
  5117   002658  0E00               	movlw	0
  5118   00265A  6E02               	movwf	(time@t+1)^0,c
  5119   00265C  ECCB  F013         	call	_time	;wreg free
  5120   002660  C001  F005         	movff	?_time,srand@s
  5121   002664  C002  F006         	movff	?_time+1,srand@s+1
  5122   002668  EC67  F014         	call	_srand	;wreg free
  5123   00266C                     l2065:
  5124                           
  5125                           ;main.c: 69:     {;main.c: 70:         printf("%d\r\n", random_number(1,100));
  5126   00266C  0E49               	movlw	low STR_1
  5127   00266E  6E2E               	movwf	printf@fmt^0,c
  5128   002670  6A1A               	clrf	(random_number@min_num+1)^0,c
  5129   002672  0E01               	movlw	1
  5130   002674  6E19               	movwf	random_number@min_num^0,c
  5131   002676  6A1C               	clrf	(random_number@max_num+1)^0,c
  5132   002678  0E64               	movlw	100
  5133   00267A  6E1B               	movwf	random_number@max_num^0,c
  5134   00267C  EC36  F012         	call	_random_number	;wreg free
  5135   002680  C019  F02F         	movff	?_random_number,?_printf+1
  5136   002684  C01A  F030         	movff	?_random_number+1,?_printf+2
  5137   002688  EC74  F014         	call	_printf	;wreg free
  5138   00268C                     
  5139                           ;main.c: 71:         _delay((unsigned long)((1000)*(64000000U/4000.0)));
  5140   00268C  0E52               	movlw	82
  5141   00268E  6E33               	movwf	(??_main+1)^0,c
  5142   002690  0E2B               	movlw	43
  5143   002692  6E32               	movwf	??_main^0,c
  5144   002694  0E00               	movlw	0
  5145   002696                     u987:
  5146   002696  2EE8               	decfsz	wreg,f,c
  5147   002698  D7FE               	bra	u987
  5148   00269A  2E32               	decfsz	??_main^0,f,c
  5149   00269C  D7FC               	bra	u987
  5150   00269E  2E33               	decfsz	(??_main+1)^0,f,c
  5151   0026A0  D7FA               	bra	u987
  5152   0026A2  D000               	nop2	
  5153   0026A4  EF36  F013         	goto	l2065
  5154   0026A8  EFFE  F0FF         	goto	start
  5155   0026AC                     __end_of_main:
  5156                           	callstack 0
  5157                           
  5158 ;; *************** function _time *****************
  5159 ;; Defined at:
  5160 ;;		line 3 in file "C:\Program Files\Microchip\xc8\v3.10\pic\sources\c99\common\time.c"
  5161 ;; Parameters:    Size  Location     Type
  5162 ;;  t               2    0[COMRAM] PTR unsigned long 
  5163 ;;		 -> NULL(0), 
  5164 ;; Auto vars:     Size  Location     Type
  5165 ;;		None
  5166 ;; Return value:  Size  Location     Type
  5167 ;;                  4    0[COMRAM] unsigned long 
  5168 ;; Registers used:
  5169 ;;		wreg, fsr2l, fsr2h, status,2, status,0
  5170 ;; Tracked objects:
  5171 ;;		On entry : 0/0
  5172 ;;		On exit  : 0/0
  5173 ;;		Unchanged: 0/0
  5174 ;; Data sizes:     COMRAM   BANK0   BANK1   BANK2   BANK3   BANK4   BANK5   BANK6   BANK7   BANK8   BANK9  BANK10  BANK1
      +1  BANK12  BANK13  BANK14  BANK15  BANK16  BANK17  BANK18  BANK19  BANK20  BANK21  BANK22  BANK23  BANK24  BANK25  BANK2
      +6  BANK27  BANK28  BANK29  BANK30  BANK31
  5175 ;;      Params:         4       0       0       0       0       0       0       0       0       0       0       0       
      +0       0       0       0       0       0       0       0       0       0       0       0       0       0       0       
      +0       0       0       0       0       0
  5176 ;;      Locals:         0       0       0       0       0       0       0       0       0       0       0       0       
      +0       0       0       0       0       0       0       0       0       0       0       0       0       0       0       
      +0       0       0       0       0       0
  5177 ;;      Temps:          0       0       0       0       0       0       0       0       0       0       0       0       
      +0       0       0       0       0       0       0       0       0       0       0       0       0       0       0       
      +0       0       0       0       0       0
  5178 ;;      Totals:         4       0       0       0       0       0       0       0       0       0       0       0       
      +0       0       0       0       0       0       0       0       0       0       0       0       0       0       0       
      +0       0       0       0       0       0
  5179 ;;Total ram usage:        4 bytes
  5180 ;; Hardware stack levels used: 1
  5181 ;; This function calls:
  5182 ;;		Nothing
  5183 ;; This function is called by:
  5184 ;;		_main
  5185 ;; This function uses a non-reentrant model
  5186 ;;
  5187                           
  5188                           	psect	text1
  5189   002796                     __ptext1:
  5190                           	callstack 0
  5191   002796                     _time:
  5192                           	callstack 30
  5193   002796  5001               	movf	time@t^0,w,c
  5194   002798  1002               	iorwf	(time@t+1)^0,w,c
  5195   00279A  B4D8               	btfsc	status,2,c
  5196   00279C  EFD2  F013         	goto	u971
  5197   0027A0  EFD4  F013         	goto	u970
  5198   0027A4                     u971:
  5199   0027A4  EFE2  F013         	goto	l2049
  5200   0027A8                     u970:
  5201   0027A8  0060  F007  FFD9   	movff	time@t,fsr2l
  5202   0027AE  0060  F00B  FFDA   	movff	time@t+1,fsr2h
  5203   0027B4  0EFF               	movlw	255
  5204   0027B6  6EDE               	movwf	postinc2,c
  5205   0027B8  0EFF               	movlw	255
  5206   0027BA  6EDE               	movwf	postinc2,c
  5207   0027BC  0EFF               	movlw	255
  5208   0027BE  6EDE               	movwf	postinc2,c
  5209   0027C0  0EFF               	movlw	255
  5210   0027C2  6EDD               	movwf	postdec2,c
  5211   0027C4                     l2049:
  5212   0027C4  6801               	setf	?_time^0,c
  5213   0027C6  6802               	setf	(?_time+1)^0,c
  5214   0027C8  6803               	setf	(?_time+2)^0,c
  5215   0027CA  6804               	setf	(?_time+3)^0,c
  5216   0027CC  0012               	return		;funcret
  5217   0027CE                     __end_of_time:
  5218                           	callstack 0
  5219                           
  5220 ;; *************** function _srand *****************
  5221 ;; Defined at:
  5222 ;;		line 6 in file "C:\Program Files\Microchip\xc8\v3.10\pic\sources\c99\common\rand.c"
  5223 ;; Parameters:    Size  Location     Type
  5224 ;;  s               2    4[COMRAM] unsigned int 
  5225 ;; Auto vars:     Size  Location     Type
  5226 ;;		None
  5227 ;; Return value:  Size  Location     Type
  5228 ;;                  1    wreg      void 
  5229 ;; Registers used:
  5230 ;;		wreg, status,2, status,0
  5231 ;; Tracked objects:
  5232 ;;		On entry : 0/0
  5233 ;;		On exit  : 0/0
  5234 ;;		Unchanged: 0/0
  5235 ;; Data sizes:     COMRAM   BANK0   BANK1   BANK2   BANK3   BANK4   BANK5   BANK6   BANK7   BANK8   BANK9  BANK10  BANK1
      +1  BANK12  BANK13  BANK14  BANK15  BANK16  BANK17  BANK18  BANK19  BANK20  BANK21  BANK22  BANK23  BANK24  BANK25  BANK2
      +6  BANK27  BANK28  BANK29  BANK30  BANK31
  5236 ;;      Params:         2       0       0       0       0       0       0       0       0       0       0       0       
      +0       0       0       0       0       0       0       0       0       0       0       0       0       0       0       
      +0       0       0       0       0       0
  5237 ;;      Locals:         0       0       0       0       0       0       0       0       0       0       0       0       
      +0       0       0       0       0       0       0       0       0       0       0       0       0       0       0       
      +0       0       0       0       0       0
  5238 ;;      Temps:          2       0       0       0       0       0       0       0       0       0       0       0       
      +0       0       0       0       0       0       0       0       0       0       0       0       0       0       0       
      +0       0       0       0       0       0
  5239 ;;      Totals:         4       0       0       0       0       0       0       0       0       0       0       0       
      +0       0       0       0       0       0       0       0       0       0       0       0       0       0       0       
      +0       0       0       0       0       0
  5240 ;;Total ram usage:        4 bytes
  5241 ;; Hardware stack levels used: 1
  5242 ;; This function calls:
  5243 ;;		Nothing
  5244 ;; This function is called by:
  5245 ;;		_main
  5246 ;; This function uses a non-reentrant model
  5247 ;;
  5248                           
  5249                           	psect	text2
  5250   0028CE                     __ptext2:
  5251                           	callstack 0
  5252   0028CE                     _srand:
  5253                           	callstack 30
  5254   0028CE  0EFF               	movlw	255
  5255   0028D0  2405               	addwf	srand@s^0,w,c
  5256   0028D2  6E07               	movwf	??_srand^0,c
  5257   0028D4  0EFF               	movlw	255
  5258   0028D6  2006               	addwfc	(srand@s+1)^0,w,c
  5259   0028D8  6E08               	movwf	(??_srand+1)^0,c
  5260   0028DA  C007  F04D         	movff	??_srand,_seed
  5261   0028DE  C008  F04E         	movff	??_srand+1,_seed+1
  5262   0028E2  6A4F               	clrf	(_seed+2)^0,c
  5263   0028E4  6A50               	clrf	(_seed+3)^0,c
  5264   0028E6  0012               	return		;funcret
  5265   0028E8                     __end_of_srand:
  5266                           	callstack 0
  5267                           
  5268 ;; *************** function _random_number *****************
  5269 ;; Defined at:
  5270 ;;		line 43 in file "main.c"
  5271 ;; Parameters:    Size  Location     Type
  5272 ;;  min_num         2   24[COMRAM] int 
  5273 ;;  max_num         2   26[COMRAM] int 
  5274 ;; Auto vars:     Size  Location     Type
  5275 ;;  low_num         2   33[COMRAM] int 
  5276 ;;  hi_num          2   31[COMRAM] int 
  5277 ;;  result          2   29[COMRAM] int 
  5278 ;; Return value:  Size  Location     Type
  5279 ;;                  2   24[COMRAM] int 
  5280 ;; Registers used:
  5281 ;;		wreg, status,2, status,0, cstack
  5282 ;; Tracked objects:
  5283 ;;		On entry : 0/0
  5284 ;;		On exit  : 0/0
  5285 ;;		Unchanged: 0/0
  5286 ;; Data sizes:     COMRAM   BANK0   BANK1   BANK2   BANK3   BANK4   BANK5   BANK6   BANK7   BANK8   BANK9  BANK10  BANK1
      +1  BANK12  BANK13  BANK14  BANK15  BANK16  BANK17  BANK18  BANK19  BANK20  BANK21  BANK22  BANK23  BANK24  BANK25  BANK2
      +6  BANK27  BANK28  BANK29  BANK30  BANK31
  5287 ;;      Params:         4       0       0       0       0       0       0       0       0       0       0       0       
      +0       0       0       0       0       0       0       0       0       0       0       0       0       0       0       
      +0       0       0       0       0       0
  5288 ;;      Locals:         6       0       0       0       0       0       0       0       0       0       0       0       
      +0       0       0       0       0       0       0       0       0       0       0       0       0       0       0       
      +0       0       0       0       0       0
  5289 ;;      Temps:          1       0       0       0       0       0       0       0       0       0       0       0       
      +0       0       0       0       0       0       0       0       0       0       0       0       0       0       0       
      +0       0       0       0       0       0
  5290 ;;      Totals:        11       0       0       0       0       0       0       0       0       0       0       0       
      +0       0       0       0       0       0       0       0       0       0       0       0       0       0       0       
      +0       0       0       0       0       0
  5291 ;;Total ram usage:       11 bytes
  5292 ;; Hardware stack levels used: 1
  5293 ;; Hardware stack levels required when called: 2
  5294 ;; This function calls:
  5295 ;;		___awmod
  5296 ;;		_rand
  5297 ;; This function is called by:
  5298 ;;		_main
  5299 ;; This function uses a non-reentrant model
  5300 ;;
  5301                           
  5302                           	psect	text3
  5303   00246C                     __ptext3:
  5304                           	callstack 0
  5305   00246C                     _random_number:
  5306                           	callstack 28
  5307   00246C  6A23               	clrf	(random_number@low_num+1)^0,c
  5308   00246E  0E00               	movlw	0
  5309   002470  6E22               	movwf	random_number@low_num^0,c
  5310   002472  6A21               	clrf	(random_number@hi_num+1)^0,c
  5311   002474  0E00               	movlw	0
  5312   002476  6E20               	movwf	random_number@hi_num^0,c
  5313   002478                     
  5314                           ;main.c: 47:     if (min_num < max_num)
  5315   002478  501B               	movf	random_number@max_num^0,w,c
  5316   00247A  5C19               	subwf	random_number@min_num^0,w,c
  5317   00247C  501A               	movf	(random_number@min_num+1)^0,w,c
  5318   00247E  0A80               	xorlw	128
  5319   002480  6E1D               	movwf	??_random_number^0,c
  5320   002482  501C               	movf	(random_number@max_num+1)^0,w,c
  5321   002484  0A80               	xorlw	128
  5322   002486  581D               	subwfb	??_random_number^0,w,c
  5323   002488  B0D8               	btfsc	status,0,c
  5324   00248A  EF49  F012         	goto	u961
  5325   00248E  EF4B  F012         	goto	u960
  5326   002492                     u961:
  5327   002492  EF57  F012         	goto	l2035
  5328   002496                     u960:
  5329   002496                     
  5330                           ;main.c: 48:     {;main.c: 49:         low_num = min_num;
  5331   002496  C019  F022         	movff	random_number@min_num,random_number@low_num
  5332   00249A  C01A  F023         	movff	random_number@min_num+1,random_number@low_num+1
  5333   00249E                     
  5334                           ;main.c: 50:         hi_num = max_num + 1;
  5335   00249E  0E01               	movlw	1
  5336   0024A0  241B               	addwf	random_number@max_num^0,w,c
  5337   0024A2  6E20               	movwf	random_number@hi_num^0,c
  5338   0024A4  0E00               	movlw	0
  5339   0024A6  201C               	addwfc	(random_number@max_num+1)^0,w,c
  5340   0024A8  6E21               	movwf	(random_number@hi_num+1)^0,c
  5341                           
  5342                           ;main.c: 51:     }
  5343   0024AA  EF61  F012         	goto	l2039
  5344   0024AE                     l2035:
  5345                           
  5346                           ;main.c: 53:     {;main.c: 54:         low_num = max_num + 1;
  5347   0024AE  0E01               	movlw	1
  5348   0024B0  241B               	addwf	random_number@max_num^0,w,c
  5349   0024B2  6E22               	movwf	random_number@low_num^0,c
  5350   0024B4  0E00               	movlw	0
  5351   0024B6  201C               	addwfc	(random_number@max_num+1)^0,w,c
  5352   0024B8  6E23               	movwf	(random_number@low_num+1)^0,c
  5353   0024BA                     
  5354                           ;main.c: 55:         hi_num = min_num;
  5355   0024BA  C019  F020         	movff	random_number@min_num,random_number@hi_num
  5356   0024BE  C01A  F021         	movff	random_number@min_num+1,random_number@hi_num+1
  5357   0024C2                     l2039:
  5358                           
  5359                           ;main.c: 58:     result = (rand() % (hi_num - low_num)) + low_num;
  5360   0024C2  ECBB  F012         	call	_rand	;wreg free
  5361   0024C6  C00D  F013         	movff	?_rand,___awmod@dividend
  5362   0024CA  C00E  F014         	movff	?_rand+1,___awmod@dividend+1
  5363   0024CE  5022               	movf	random_number@low_num^0,w,c
  5364   0024D0  5C20               	subwf	random_number@hi_num^0,w,c
  5365   0024D2  6E15               	movwf	___awmod@divisor^0,c
  5366   0024D4  5023               	movf	(random_number@low_num+1)^0,w,c
  5367   0024D6  5821               	subwfb	(random_number@hi_num+1)^0,w,c
  5368   0024D8  6E16               	movwf	(___awmod@divisor+1)^0,c
  5369   0024DA  ECDF  F011         	call	___awmod	;wreg free
  5370   0024DE  5022               	movf	random_number@low_num^0,w,c
  5371   0024E0  2413               	addwf	?___awmod^0,w,c
  5372   0024E2  6E1E               	movwf	random_number@result^0,c
  5373   0024E4  5023               	movf	(random_number@low_num+1)^0,w,c
  5374   0024E6  2014               	addwfc	(?___awmod+1)^0,w,c
  5375   0024E8  6E1F               	movwf	(random_number@result+1)^0,c
  5376   0024EA                     
  5377                           ;main.c: 59:     return result;
  5378   0024EA  C01E  F019         	movff	random_number@result,?_random_number
  5379   0024EE  C01F  F01A         	movff	random_number@result+1,?_random_number+1
  5380   0024F2  0012               	return		;funcret
  5381   0024F4                     __end_of_random_number:
  5382                           	callstack 0
  5383                           
  5384 ;; *************** function _rand *****************
  5385 ;; Defined at:
  5386 ;;		line 11 in file "C:\Program Files\Microchip\xc8\v3.10\pic\sources\c99\common\rand.c"
  5387 ;; Parameters:    Size  Location     Type
  5388 ;;		None
  5389 ;; Auto vars:     Size  Location     Type
  5390 ;;		None
  5391 ;; Return value:  Size  Location     Type
  5392 ;;                  2   12[COMRAM] int 
  5393 ;; Registers used:
  5394 ;;		wreg, status,2, status,0, cstack
  5395 ;; Tracked objects:
  5396 ;;		On entry : 0/0
  5397 ;;		On exit  : 0/0
  5398 ;;		Unchanged: 0/0
  5399 ;; Data sizes:     COMRAM   BANK0   BANK1   BANK2   BANK3   BANK4   BANK5   BANK6   BANK7   BANK8   BANK9  BANK10  BANK1
      +1  BANK12  BANK13  BANK14  BANK15  BANK16  BANK17  BANK18  BANK19  BANK20  BANK21  BANK22  BANK23  BANK24  BANK25  BANK2
      +6  BANK27  BANK28  BANK29  BANK30  BANK31
  5400 ;;      Params:         2       0       0       0       0       0       0       0       0       0       0       0       
      +0       0       0       0       0       0       0       0       0       0       0       0       0       0       0       
      +0       0       0       0       0       0
  5401 ;;      Locals:         0       0       0       0       0       0       0       0       0       0       0       0       
      +0       0       0       0       0       0       0       0       0       0       0       0       0       0       0       
      +0       0       0       0       0       0
  5402 ;;      Temps:          4       0       0       0       0       0       0       0       0       0       0       0       
      +0       0       0       0       0       0       0       0       0       0       0       0       0       0       0       
      +0       0       0       0       0       0
  5403 ;;      Totals:         6       0       0       0       0       0       0       0       0       0       0       0       
      +0       0       0       0       0       0       0       0       0       0       0       0       0       0       0       
      +0       0       0       0       0       0
  5404 ;;Total ram usage:        6 bytes
  5405 ;; Hardware stack levels used: 1
  5406 ;; Hardware stack levels required when called: 1
  5407 ;; This function calls:
  5408 ;;		___lmul
  5409 ;; This function is called by:
  5410 ;;		_random_number
  5411 ;; This function uses a non-reentrant model
  5412 ;;
  5413                           
  5414                           	psect	text4
  5415   002576                     __ptext4:
  5416                           	callstack 0
  5417   002576                     _rand:
  5418                           	callstack 28
  5419   002576  C04D  F001         	movff	_seed,___lmul@multiplier
  5420   00257A  C04E  F002         	movff	_seed+1,___lmul@multiplier+1
  5421   00257E  C04F  F003         	movff	_seed+2,___lmul@multiplier+2
  5422   002582  C050  F004         	movff	_seed+3,___lmul@multiplier+3
  5423   002586  0E2D               	movlw	45
  5424   002588  6E05               	movwf	___lmul@multiplicand^0,c
  5425   00258A  0E7F               	movlw	127
  5426   00258C  6E06               	movwf	(___lmul@multiplicand+1)^0,c
  5427   00258E  0E95               	movlw	149
  5428   002590  6E07               	movwf	(___lmul@multiplicand+2)^0,c
  5429   002592  0E4C               	movlw	76
  5430   002594  6E08               	movwf	(___lmul@multiplicand+3)^0,c
  5431   002596  ECF1  F012         	call	___lmul	;wreg free
  5432   00259A  0E01               	movlw	1
  5433   00259C  2401               	addwf	?___lmul^0,w,c
  5434   00259E  6E4D               	movwf	_seed^0,c
  5435   0025A0  0E00               	movlw	0
  5436   0025A2  2002               	addwfc	(?___lmul+1)^0,w,c
  5437   0025A4  6E4E               	movwf	(_seed+1)^0,c
  5438   0025A6  0E00               	movlw	0
  5439   0025A8  2003               	addwfc	(?___lmul+2)^0,w,c
  5440   0025AA  6E4F               	movwf	(_seed+2)^0,c
  5441   0025AC  0E00               	movlw	0
  5442   0025AE  2004               	addwfc	(?___lmul+3)^0,w,c
  5443   0025B0  6E50               	movwf	(_seed+3)^0,c
  5444   0025B2  C04D  F00F         	movff	_seed,??_rand
  5445   0025B6  C04E  F010         	movff	_seed+1,??_rand+1
  5446   0025BA  C04F  F011         	movff	_seed+2,??_rand+2
  5447   0025BE  C050  F012         	movff	_seed+3,??_rand+3
  5448   0025C2  0E12               	movlw	18
  5449   0025C4  EFE9  F012         	goto	u940
  5450   0025C8                     u945:
  5451   0025C8  90D8               	bcf	status,0,c
  5452   0025CA  3212               	rrcf	(??_rand+3)^0,f,c
  5453   0025CC  3211               	rrcf	(??_rand+2)^0,f,c
  5454   0025CE  3210               	rrcf	(??_rand+1)^0,f,c
  5455   0025D0  320F               	rrcf	??_rand^0,f,c
  5456   0025D2                     u940:
  5457   0025D2  2EE8               	decfsz	wreg,f,c
  5458   0025D4  EFE4  F012         	goto	u945
  5459   0025D8  C00F  F00D         	movff	??_rand,?_rand
  5460   0025DC  C010  F00E         	movff	??_rand+1,?_rand+1
  5461   0025E0  0012               	return		;funcret
  5462   0025E2                     __end_of_rand:
  5463                           	callstack 0
  5464                           
  5465 ;; *************** function ___lmul *****************
  5466 ;; Defined at:
  5467 ;;		line 15 in file "C:\Program Files\Microchip\xc8\v3.10\pic\sources\c99\common\Umul32.c"
  5468 ;; Parameters:    Size  Location     Type
  5469 ;;  multiplier      4    0[COMRAM] unsigned long 
  5470 ;;  multiplicand    4    4[COMRAM] unsigned long 
  5471 ;; Auto vars:     Size  Location     Type
  5472 ;;  product         4    8[COMRAM] unsigned long 
  5473 ;; Return value:  Size  Location     Type
  5474 ;;                  4    0[COMRAM] unsigned long 
  5475 ;; Registers used:
  5476 ;;		wreg, status,2, status,0
  5477 ;; Tracked objects:
  5478 ;;		On entry : 0/0
  5479 ;;		On exit  : 0/0
  5480 ;;		Unchanged: 0/0
  5481 ;; Data sizes:     COMRAM   BANK0   BANK1   BANK2   BANK3   BANK4   BANK5   BANK6   BANK7   BANK8   BANK9  BANK10  BANK1
      +1  BANK12  BANK13  BANK14  BANK15  BANK16  BANK17  BANK18  BANK19  BANK20  BANK21  BANK22  BANK23  BANK24  BANK25  BANK2
      +6  BANK27  BANK28  BANK29  BANK30  BANK31
  5482 ;;      Params:         8       0       0       0       0       0       0       0       0       0       0       0       
      +0       0       0       0       0       0       0       0       0       0       0       0       0       0       0       
      +0       0       0       0       0       0
  5483 ;;      Locals:         4       0       0       0       0       0       0       0       0       0       0       0       
      +0       0       0       0       0       0       0       0       0       0       0       0       0       0       0       
      +0       0       0       0       0       0
  5484 ;;      Temps:          0       0       0       0       0       0       0       0       0       0       0       0       
      +0       0       0       0       0       0       0       0       0       0       0       0       0       0       0       
      +0       0       0       0       0       0
  5485 ;;      Totals:        12       0       0       0       0       0       0       0       0       0       0       0       
      +0       0       0       0       0       0       0       0       0       0       0       0       0       0       0       
      +0       0       0       0       0       0
  5486 ;;Total ram usage:       12 bytes
  5487 ;; Hardware stack levels used: 1
  5488 ;; This function calls:
  5489 ;;		Nothing
  5490 ;; This function is called by:
  5491 ;;		_rand
  5492 ;; This function uses a non-reentrant model
  5493 ;;
  5494                           
  5495                           	psect	text5
  5496   0025E2                     __ptext5:
  5497                           	callstack 0
  5498   0025E2                     ___lmul:
  5499                           	callstack 28
  5500   0025E2  0E00               	movlw	0
  5501   0025E4  6E09               	movwf	___lmul@product^0,c
  5502   0025E6  0E00               	movlw	0
  5503   0025E8  6E0A               	movwf	(___lmul@product+1)^0,c
  5504   0025EA  0E00               	movlw	0
  5505   0025EC  6E0B               	movwf	(___lmul@product+2)^0,c
  5506   0025EE  0E00               	movlw	0
  5507   0025F0  6E0C               	movwf	(___lmul@product+3)^0,c
  5508   0025F2                     l1917:
  5509   0025F2  A001               	btfss	___lmul@multiplier^0,0,c
  5510   0025F4  EFFE  F012         	goto	u821
  5511   0025F8  EF00  F013         	goto	u820
  5512   0025FC                     u821:
  5513   0025FC  EF08  F013         	goto	l1921
  5514   002600                     u820:
  5515   002600  5005               	movf	___lmul@multiplicand^0,w,c
  5516   002602  2609               	addwf	___lmul@product^0,f,c
  5517   002604  5006               	movf	(___lmul@multiplicand+1)^0,w,c
  5518   002606  220A               	addwfc	(___lmul@product+1)^0,f,c
  5519   002608  5007               	movf	(___lmul@multiplicand+2)^0,w,c
  5520   00260A  220B               	addwfc	(___lmul@product+2)^0,f,c
  5521   00260C  5008               	movf	(___lmul@multiplicand+3)^0,w,c
  5522   00260E  220C               	addwfc	(___lmul@product+3)^0,f,c
  5523   002610                     l1921:
  5524   002610  90D8               	bcf	status,0,c
  5525   002612  3605               	rlcf	___lmul@multiplicand^0,f,c
  5526   002614  3606               	rlcf	(___lmul@multiplicand+1)^0,f,c
  5527   002616  3607               	rlcf	(___lmul@multiplicand+2)^0,f,c
  5528   002618  3608               	rlcf	(___lmul@multiplicand+3)^0,f,c
  5529   00261A  90D8               	bcf	status,0,c
  5530   00261C  3204               	rrcf	(___lmul@multiplier+3)^0,f,c
  5531   00261E  3203               	rrcf	(___lmul@multiplier+2)^0,f,c
  5532   002620  3202               	rrcf	(___lmul@multiplier+1)^0,f,c
  5533   002622  3201               	rrcf	___lmul@multiplier^0,f,c
  5534   002624  5001               	movf	___lmul@multiplier^0,w,c
  5535   002626  1002               	iorwf	(___lmul@multiplier+1)^0,w,c
  5536   002628  1003               	iorwf	(___lmul@multiplier+2)^0,w,c
  5537   00262A  1004               	iorwf	(___lmul@multiplier+3)^0,w,c
  5538   00262C  A4D8               	btfss	status,2,c
  5539   00262E  EF1B  F013         	goto	u831
  5540   002632  EF1D  F013         	goto	u830
  5541   002636                     u831:
  5542   002636  EFF9  F012         	goto	l1917
  5543   00263A                     u830:
  5544   00263A  C009  F001         	movff	___lmul@product,?___lmul
  5545   00263E  C00A  F002         	movff	___lmul@product+1,?___lmul+1
  5546   002642  C00B  F003         	movff	___lmul@product+2,?___lmul+2
  5547   002646  C00C  F004         	movff	___lmul@product+3,?___lmul+3
  5548   00264A  0012               	return		;funcret
  5549   00264C                     __end_of___lmul:
  5550                           	callstack 0
  5551                           
  5552 ;; *************** function _printf *****************
  5553 ;; Defined at:
  5554 ;;		line 5 in file "C:\Program Files\Microchip\xc8\v3.10\pic\sources\c99\common\printf.c"
  5555 ;; Parameters:    Size  Location     Type
  5556 ;;  fmt             1   45[COMRAM] PTR const unsigned char 
  5557 ;;		 -> STR_1(5), 
  5558 ;; Auto vars:     Size  Location     Type
  5559 ;;  ret             2    0        int 
  5560 ;;  ap              1   48[COMRAM] PTR void [1]
  5561 ;;		 -> ?_printf(2), 
  5562 ;; Return value:  Size  Location     Type
  5563 ;;                  2   45[COMRAM] int 
  5564 ;; Registers used:
  5565 ;;		wreg, fsr1l, fsr1h, fsr2l, fsr2h, status,2, status,0, tblptrl, tblptrh, tblptru, cstack
  5566 ;; Tracked objects:
  5567 ;;		On entry : 0/0
  5568 ;;		On exit  : 0/0
  5569 ;;		Unchanged: 0/0
  5570 ;; Data sizes:     COMRAM   BANK0   BANK1   BANK2   BANK3   BANK4   BANK5   BANK6   BANK7   BANK8   BANK9  BANK10  BANK1
      +1  BANK12  BANK13  BANK14  BANK15  BANK16  BANK17  BANK18  BANK19  BANK20  BANK21  BANK22  BANK23  BANK24  BANK25  BANK2
      +6  BANK27  BANK28  BANK29  BANK30  BANK31
  5571 ;;      Params:         3       0       0       0       0       0       0       0       0       0       0       0       
      +0       0       0       0       0       0       0       0       0       0       0       0       0       0       0       
      +0       0       0       0       0       0
  5572 ;;      Locals:         1       0       0       0       0       0       0       0       0       0       0       0       
      +0       0       0       0       0       0       0       0       0       0       0       0       0       0       0       
      +0       0       0       0       0       0
  5573 ;;      Temps:          0       0       0       0       0       0       0       0       0       0       0       0       
      +0       0       0       0       0       0       0       0       0       0       0       0       0       0       0       
      +0       0       0       0       0       0
  5574 ;;      Totals:         4       0       0       0       0       0       0       0       0       0       0       0       
      +0       0       0       0       0       0       0       0       0       0       0       0       0       0       0       
      +0       0       0       0       0       0
  5575 ;;Total ram usage:        4 bytes
  5576 ;; Hardware stack levels used: 1
  5577 ;; Hardware stack levels required when called: 5
  5578 ;; This function calls:
  5579 ;;		_vfprintf
  5580 ;; This function is called by:
  5581 ;;		_main
  5582 ;; This function uses a non-reentrant model
  5583 ;;
  5584                           
  5585                           	psect	text6
  5586   0028E8                     __ptext6:
  5587                           	callstack 0
  5588   0028E8                     _printf:
  5589                           	callstack 25
  5590   0028E8  0E2F               	movlw	low (?_printf+1)
  5591   0028EA  6E31               	movwf	printf@ap^0,c
  5592   0028EC  0E00               	movlw	0
  5593   0028EE  6E29               	movwf	vfprintf@fp^0,c
  5594   0028F0  0E00               	movlw	0
  5595   0028F2  6E2A               	movwf	(vfprintf@fp+1)^0,c
  5596   0028F4  C02E  F02B         	movff	printf@fmt,vfprintf@fmt
  5597   0028F8  0E31               	movlw	low printf@ap
  5598   0028FA  6E2C               	movwf	vfprintf@ap^0,c
  5599   0028FC  EC85  F013         	call	_vfprintf	;wreg free
  5600   002900  0012               	return		;funcret
  5601   002902                     __end_of_printf:
  5602                           	callstack 0
  5603                           
  5604 ;; *************** function _vfprintf *****************
  5605 ;; Defined at:
  5606 ;;		line 1817 in file "C:\Program Files\Microchip\xc8\v3.10\pic\sources\c99\common\doprnt.c"
  5607 ;; Parameters:    Size  Location     Type
  5608 ;;  fp              2   40[COMRAM] PTR struct _IO_FILE
  5609 ;;		 -> NULL(0), 
  5610 ;;  fmt             1   42[COMRAM] PTR const unsigned char 
  5611 ;;		 -> STR_1(5), 
  5612 ;;  ap              1   43[COMRAM] PTR PTR void 
  5613 ;;		 -> printf@ap(1), 
  5614 ;; Auto vars:     Size  Location     Type
  5615 ;;  cfmt            1   44[COMRAM] PTR unsigned char 
  5616 ;;		 -> STR_1(5), 
  5617 ;; Return value:  Size  Location     Type
  5618 ;;                  2   40[COMRAM] int 
  5619 ;; Registers used:
  5620 ;;		wreg, fsr1l, fsr1h, fsr2l, fsr2h, status,2, status,0, tblptrl, tblptrh, tblptru, cstack
  5621 ;; Tracked objects:
  5622 ;;		On entry : 0/0
  5623 ;;		On exit  : 0/0
  5624 ;;		Unchanged: 0/0
  5625 ;; Data sizes:     COMRAM   BANK0   BANK1   BANK2   BANK3   BANK4   BANK5   BANK6   BANK7   BANK8   BANK9  BANK10  BANK1
      +1  BANK12  BANK13  BANK14  BANK15  BANK16  BANK17  BANK18  BANK19  BANK20  BANK21  BANK22  BANK23  BANK24  BANK25  BANK2
      +6  BANK27  BANK28  BANK29  BANK30  BANK31
  5626 ;;      Params:         4       0       0       0       0       0       0       0       0       0       0       0       
      +0       0       0       0       0       0       0       0       0       0       0       0       0       0       0       
      +0       0       0       0       0       0
  5627 ;;      Locals:         1       0       0       0       0       0       0       0       0       0       0       0       
      +0       0       0       0       0       0       0       0       0       0       0       0       0       0       0       
      +0       0       0       0       0       0
  5628 ;;      Temps:          0       0       0       0       0       0       0       0       0       0       0       0       
      +0       0       0       0       0       0       0       0       0       0       0       0       0       0       0       
      +0       0       0       0       0       0
  5629 ;;      Totals:         5       0       0       0       0       0       0       0       0       0       0       0       
      +0       0       0       0       0       0       0       0       0       0       0       0       0       0       0       
      +0       0       0       0       0       0
  5630 ;;Total ram usage:        5 bytes
  5631 ;; Hardware stack levels used: 1
  5632 ;; Hardware stack levels required when called: 4
  5633 ;; This function calls:
  5634 ;;		_vfpfcnvrt
  5635 ;; This function is called by:
  5636 ;;		_printf
  5637 ;; This function uses a non-reentrant model
  5638 ;;
  5639                           
  5640                           	psect	text7
  5641   00270A                     __ptext7:
  5642                           	callstack 0
  5643   00270A                     _vfprintf:
  5644                           	callstack 25
  5645   00270A                     
  5646                           ;C:\Program Files\Microchip\xc8\v3.10\pic\sources\c99\common\doprnt.c: 1817: int vfprint
      +                          f(FILE *fp, const char *fmt, va_list ap);C:\Program Files\Microchip\xc8\v3.10\pic\source
      +                          s\c99\common\doprnt.c: 1818: {;C:\Program Files\Microchip\xc8\v3.10\pic\sources\c99\comm
      +                          on\doprnt.c: 1820:     char *cfmt;;C:\Program Files\Microchip\xc8\v3.10\pic\sources\c99\
      +                          common\doprnt.c: 1822:     cfmt = (char *)fmt;
  5647   00270A  C02B  F02D         	movff	vfprintf@fmt,vfprintf@cfmt
  5648                           
  5649                           ;C:\Program Files\Microchip\xc8\v3.10\pic\sources\c99\common\doprnt.c: 1826:     while (
      +                          *cfmt) {
  5650   00270E  EF93  F013         	goto	l2015
  5651   002712                     l2013:
  5652                           
  5653                           ;C:\Program Files\Microchip\xc8\v3.10\pic\sources\c99\common\doprnt.c: 1830:    vfpfcnvr
      +                          t(fp, &cfmt, ap);
  5654   002712  C029  F01D         	movff	vfprintf@fp,vfpfcnvrt@fp
  5655   002716  C02A  F01E         	movff	vfprintf@fp+1,vfpfcnvrt@fp+1
  5656   00271A  0E2D               	movlw	low vfprintf@cfmt
  5657   00271C  6E1F               	movwf	vfpfcnvrt@fmt^0,c
  5658   00271E  C02C  F020         	movff	vfprintf@ap,vfpfcnvrt@ap
  5659   002722  EC28  F010         	call	_vfpfcnvrt	;wreg free
  5660   002726                     l2015:
  5661                           
  5662                           ;C:\Program Files\Microchip\xc8\v3.10\pic\sources\c99\common\doprnt.c: 1826:     while (
      +                          *cfmt) {
  5663   002726  0060  F0B7  FFF6   	movff	vfprintf@cfmt,tblptrl
  5664   00272C                     	if	1	;There is more than 1 active tblptr byte
  5665   00272C  0E20               	movlw	high __smallconst
  5666   00272E  6EF7               	movwf	tblptrh,c
  5667   002730                     	endif
  5668   002730                     	if	0	;tblptru may be non-zero
  5669   002730                     	endif
  5670   002730                     	if	1	;Program memory is > 0xFFFF, there are 3 active tblptr bytes
  5671   002730  0E00               	movlw	low (__smallconst shr (0+16))
  5672   002732  6EF8               	movwf	tblptru,c
  5673   002734                     	endif
  5674   002734  0008               	tblrd		*
  5675   002736  50F5               	movf	tablat,w,c
  5676   002738  0900               	iorlw	0
  5677   00273A  A4D8               	btfss	status,2,c
  5678   00273C  EFA2  F013         	goto	u951
  5679   002740  EFA4  F013         	goto	u950
  5680   002744                     u951:
  5681   002744  EF89  F013         	goto	l2013
  5682   002748                     u950:
  5683   002748                     
  5684                           ;C:\Program Files\Microchip\xc8\v3.10\pic\sources\c99\common\doprnt.c: 1835:  return 0;
  5685   002748  6A2A               	clrf	(?_vfprintf+1)^0,c
  5686   00274A  0E00               	movlw	0
  5687   00274C  6E29               	movwf	?_vfprintf^0,c
  5688   00274E  0012               	return		;funcret
  5689   002750                     __end_of_vfprintf:
  5690                           	callstack 0
  5691                           
  5692 ;; *************** function _vfpfcnvrt *****************
  5693 ;; Defined at:
  5694 ;;		line 1177 in file "C:\Program Files\Microchip\xc8\v3.10\pic\sources\c99\common\doprnt.c"
  5695 ;; Parameters:    Size  Location     Type
  5696 ;;  fp              2   28[COMRAM] PTR struct _IO_FILE
  5697 ;;		 -> NULL(0), 
  5698 ;;  fmt             1   30[COMRAM] PTR PTR unsigned char 
  5699 ;;		 -> vfprintf@cfmt(1), 
  5700 ;;  ap              1   31[COMRAM] PTR PTR void 
  5701 ;;		 -> printf@ap(1), 
  5702 ;; Auto vars:     Size  Location     Type
  5703 ;;  convarg         4   35[COMRAM] struct .
  5704 ;;  c               1   39[COMRAM] unsigned char 
  5705 ;;  cp              1   34[COMRAM] PTR unsigned char 
  5706 ;;		 -> STR_1(5), 
  5707 ;;  done            1   33[COMRAM] _Bool 
  5708 ;; Return value:  Size  Location     Type
  5709 ;;                  1    wreg      void 
  5710 ;; Registers used:
  5711 ;;		wreg, fsr1l, fsr1h, fsr2l, fsr2h, status,2, status,0, tblptrl, tblptrh, tblptru, cstack
  5712 ;; Tracked objects:
  5713 ;;		On entry : 0/0
  5714 ;;		On exit  : 0/0
  5715 ;;		Unchanged: 0/0
  5716 ;; Data sizes:     COMRAM   BANK0   BANK1   BANK2   BANK3   BANK4   BANK5   BANK6   BANK7   BANK8   BANK9  BANK10  BANK1
      +1  BANK12  BANK13  BANK14  BANK15  BANK16  BANK17  BANK18  BANK19  BANK20  BANK21  BANK22  BANK23  BANK24  BANK25  BANK2
      +6  BANK27  BANK28  BANK29  BANK30  BANK31
  5717 ;;      Params:         4       0       0       0       0       0       0       0       0       0       0       0       
      +0       0       0       0       0       0       0       0       0       0       0       0       0       0       0       
      +0       0       0       0       0       0
  5718 ;;      Locals:         7       0       0       0       0       0       0       0       0       0       0       0       
      +0       0       0       0       0       0       0       0       0       0       0       0       0       0       0       
      +0       0       0       0       0       0
  5719 ;;      Temps:          1       0       0       0       0       0       0       0       0       0       0       0       
      +0       0       0       0       0       0       0       0       0       0       0       0       0       0       0       
      +0       0       0       0       0       0
  5720 ;;      Totals:        12       0       0       0       0       0       0       0       0       0       0       0       
      +0       0       0       0       0       0       0       0       0       0       0       0       0       0       0       
      +0       0       0       0       0       0
  5721 ;;Total ram usage:       12 bytes
  5722 ;; Hardware stack levels used: 1
  5723 ;; Hardware stack levels required when called: 3
  5724 ;; This function calls:
  5725 ;;		___awdiv
  5726 ;;		___awmod
  5727 ;;		_abs
  5728 ;;		_fputc
  5729 ;; This function is called by:
  5730 ;;		_vfprintf
  5731 ;; This function uses a non-reentrant model
  5732 ;;
  5733                           
  5734                           	psect	text8
  5735   002050                     __ptext8:
  5736                           	callstack 0
  5737   002050                     _vfpfcnvrt:
  5738                           	callstack 25
  5739   002050                     
  5740                           ;C:\Program Files\Microchip\xc8\v3.10\pic\sources\c99\common\doprnt.c: 1177: vfpfcnvrt(F
      +                          ILE *fp, char *fmt[], va_list ap);C:\Program Files\Microchip\xc8\v3.10\pic\sources\c99\c
      +                          ommon\doprnt.c: 1178: {;C:\Program Files\Microchip\xc8\v3.10\pic\sources\c99\common\dopr
      +                          nt.c: 1179:     char c, *cp;;C:\Program Files\Microchip\xc8\v3.10\pic\sources\c99\common
      +                          \doprnt.c: 1180:     _Bool done;;C:\Program Files\Microchip\xc8\v3.10\pic\sources\c99\co
      +                          mmon\doprnt.c: 1188:  } convarg;;C:\Program Files\Microchip\xc8\v3.10\pic\sources\c99\co
      +                          mmon\doprnt.c: 1201:     if ((*fmt)[0] == '%') {
  5741   002050  501F               	movf	vfpfcnvrt@fmt^0,w,c
  5742   002052  6ED9               	movwf	fsr2l,c
  5743   002054  6ADA               	clrf	fsr2h,c
  5744   002056  006F FF7F FFF6     	movff	indf2,tblptrl
  5745   00205C                     	if	1	;There is more than 1 active tblptr byte
  5746   00205C  0E20               	movlw	high __smallconst
  5747   00205E  6EF7               	movwf	tblptrh,c
  5748   002060                     	endif
  5749   002060                     	if	0	;tblptru may be non-zero
  5750   002060                     	endif
  5751   002060                     	if	1	;Program memory is > 0xFFFF, there are 3 active tblptr bytes
  5752   002060  0E00               	movlw	low (__smallconst shr (0+16))
  5753   002062  6EF8               	movwf	tblptru,c
  5754   002064                     	endif
  5755   002064  0008               	tblrd		*
  5756   002066  50F5               	movf	tablat,w,c
  5757   002068  0A25               	xorlw	37
  5758   00206A  A4D8               	btfss	status,2,c
  5759   00206C  EF3A  F010         	goto	u841
  5760   002070  EF3C  F010         	goto	u840
  5761   002074                     u841:
  5762   002074  EFFC  F010         	goto	l1969
  5763   002078                     u840:
  5764   002078                     
  5765                           ;C:\Program Files\Microchip\xc8\v3.10\pic\sources\c99\common\doprnt.c: 1202:         ++*
      +                          fmt;
  5766   002078  501F               	movf	vfpfcnvrt@fmt^0,w,c
  5767   00207A  6ED9               	movwf	fsr2l,c
  5768   00207C  6ADA               	clrf	fsr2h,c
  5769   00207E  2ADF               	incf	indf2,f,c
  5770   002080                     
  5771                           ;C:\Program Files\Microchip\xc8\v3.10\pic\sources\c99\common\doprnt.c: 1204:         fla
      +                          gs = width = 0;
  5772   002080  6A47               	clrf	(_width+1)^0,c
  5773   002082  0E00               	movlw	0
  5774   002084  6E46               	movwf	_width^0,c
  5775   002086  C046  F04C         	movff	_width,_flags
  5776   00208A                     
  5777                           ;C:\Program Files\Microchip\xc8\v3.10\pic\sources\c99\common\doprnt.c: 1205:         pre
      +                          c = -1;
  5778   00208A  6848               	setf	_prec^0,c
  5779   00208C  6849               	setf	(_prec+1)^0,c
  5780   00208E                     
  5781                           ;C:\Program Files\Microchip\xc8\v3.10\pic\sources\c99\common\doprnt.c: 1291:   cp = *fmt
      +                          ;
  5782   00208E  501F               	movf	vfpfcnvrt@fmt^0,w,c
  5783   002090  6ED9               	movwf	fsr2l,c
  5784   002092  6ADA               	clrf	fsr2h,c
  5785   002094  50DF               	movf	indf2,w,c
  5786   002096  6E23               	movwf	vfpfcnvrt@cp^0,c
  5787   002098                     
  5788                           ;C:\Program Files\Microchip\xc8\v3.10\pic\sources\c99\common\doprnt.c: 1361:   if (*cp =
      +                          = 'd' || *cp == 'i') {
  5789   002098  0060  F08F  FFF6   	movff	vfpfcnvrt@cp,tblptrl
  5790   00209E                     	if	1	;There is more than 1 active tblptr byte
  5791   00209E  0E20               	movlw	high __smallconst
  5792   0020A0  6EF7               	movwf	tblptrh,c
  5793   0020A2                     	endif
  5794   0020A2                     	if	0	;tblptru may be non-zero
  5795   0020A2                     	endif
  5796   0020A2                     	if	1	;Program memory is > 0xFFFF, there are 3 active tblptr bytes
  5797   0020A2  0E00               	movlw	low (__smallconst shr (0+16))
  5798   0020A4  6EF8               	movwf	tblptru,c
  5799   0020A6                     	endif
  5800   0020A6  0008               	tblrd		*
  5801   0020A8  50F5               	movf	tablat,w,c
  5802   0020AA  0A64               	xorlw	100
  5803   0020AC  B4D8               	btfsc	status,2,c
  5804   0020AE  EF5B  F010         	goto	u851
  5805   0020B2  EF5D  F010         	goto	u850
  5806   0020B6                     u851:
  5807   0020B6  EF6E  F010         	goto	l1939
  5808   0020BA                     u850:
  5809   0020BA  0060  F08F  FFF6   	movff	vfpfcnvrt@cp,tblptrl
  5810   0020C0                     	if	1	;There is more than 1 active tblptr byte
  5811   0020C0  0E20               	movlw	high __smallconst
  5812   0020C2  6EF7               	movwf	tblptrh,c
  5813   0020C4                     	endif
  5814   0020C4                     	if	0	;tblptru may be non-zero
  5815   0020C4                     	endif
  5816   0020C4                     	if	1	;Program memory is > 0xFFFF, there are 3 active tblptr bytes
  5817   0020C4  0E00               	movlw	low (__smallconst shr (0+16))
  5818   0020C6  6EF8               	movwf	tblptru,c
  5819   0020C8                     	endif
  5820   0020C8  0008               	tblrd		*
  5821   0020CA  50F5               	movf	tablat,w,c
  5822   0020CC  0A69               	xorlw	105
  5823   0020CE  A4D8               	btfss	status,2,c
  5824   0020D0  EF6C  F010         	goto	u861
  5825   0020D4  EF6E  F010         	goto	u860
  5826   0020D8                     u861:
  5827   0020D8  EFF6  F010         	goto	l1965
  5828   0020DC                     u860:
  5829   0020DC                     l1939:
  5830                           
  5831                           ;C:\Program Files\Microchip\xc8\v3.10\pic\sources\c99\common\doprnt.c: 1404:    convarg.
      +                          sint = (vfpf_sint_t)(int)(*(int *)__va_arg(*(int **)ap, (int)0));
  5832   0020DC  5020               	movf	vfpfcnvrt@ap^0,w,c
  5833   0020DE  6ED9               	movwf	fsr2l,c
  5834   0020E0  6ADA               	clrf	fsr2h,c
  5835   0020E2  0E02               	movlw	2
  5836   0020E4  26DF               	addwf	indf2,f,c
  5837   0020E6  5CDF               	subwf	indf2,w,c
  5838   0020E8  6ED9               	movwf	fsr2l,c
  5839   0020EA  6ADA               	clrf	fsr2h,c
  5840   0020EC  006F FF78  F024    	movff	postinc2,vfpfcnvrt@convarg
  5841   0020F2  006F FF78  F025    	movff	postinc2,vfpfcnvrt@convarg+1
  5842   0020F8                     
  5843                           ;C:\Program Files\Microchip\xc8\v3.10\pic\sources\c99\common\doprnt.c: 1406:    *fmt = c
      +                          p+1;
  5844   0020F8  501F               	movf	vfpfcnvrt@fmt^0,w,c
  5845   0020FA  6ED9               	movwf	fsr2l,c
  5846   0020FC  6ADA               	clrf	fsr2h,c
  5847   0020FE  2823               	incf	vfpfcnvrt@cp^0,w,c
  5848   002100  6EDF               	movwf	indf2,c
  5849   002102                     
  5850                           ;C:\Program Files\Microchip\xc8\v3.10\pic\sources\c99\common\doprnt.c: 1408:    c = size
      +                          of(dbuf);
  5851   002102  0E20               	movlw	32
  5852   002104  6E28               	movwf	vfpfcnvrt@c^0,c
  5853                           
  5854                           ;C:\Program Files\Microchip\xc8\v3.10\pic\sources\c99\common\doprnt.c: 1409:    done = c
      +                          onvarg.sint < 0;
  5855   002106  BE25               	btfsc	(vfpfcnvrt@convarg+1)^0,7,c
  5856   002108  EF88  F010         	goto	u871
  5857   00210C  EF8B  F010         	goto	u870
  5858   002110                     u871:
  5859   002110  0E01               	movlw	1
  5860   002112  EF8C  F010         	goto	u880
  5861   002116                     u870:
  5862   002116  0E00               	movlw	0
  5863   002118                     u880:
  5864   002118  6E22               	movwf	vfpfcnvrt@done^0,c
  5865   00211A                     l1945:
  5866                           
  5867                           ;C:\Program Files\Microchip\xc8\v3.10\pic\sources\c99\common\doprnt.c: 1411:     dbuf[--
      +                          c] = abs(convarg.sint % 10) + '0';
  5868   00211A  0628               	decf	vfpfcnvrt@c^0,f,c
  5869   00211C  5028               	movf	vfpfcnvrt@c^0,w,c
  5870   00211E  0F60               	addlw	low _dbuf
  5871   002120  6ED9               	movwf	fsr2l,c
  5872   002122  6ADA               	clrf	fsr2h,c
  5873   002124  C024  F013         	movff	vfpfcnvrt@convarg,___awmod@dividend
  5874   002128  C025  F014         	movff	vfpfcnvrt@convarg+1,___awmod@dividend+1
  5875   00212C  6A16               	clrf	(___awmod@divisor+1)^0,c
  5876   00212E  0E0A               	movlw	10
  5877   002130  6E15               	movwf	___awmod@divisor^0,c
  5878   002132  ECDF  F011         	call	___awmod	;wreg free
  5879   002136  C013  F019         	movff	?___awmod,abs@a
  5880   00213A  C014  F01A         	movff	?___awmod+1,abs@a+1
  5881   00213E  ECE7  F013         	call	_abs	;wreg free
  5882   002142  5019               	movf	?_abs^0,w,c
  5883   002144  0F30               	addlw	48
  5884   002146  6EDF               	movwf	indf2,c
  5885   002148                     
  5886                           ;C:\Program Files\Microchip\xc8\v3.10\pic\sources\c99\common\doprnt.c: 1412:     convarg
      +                          .sint /= 10;
  5887   002148  C024  F001         	movff	vfpfcnvrt@convarg,___awdiv@dividend
  5888   00214C  C025  F002         	movff	vfpfcnvrt@convarg+1,___awdiv@dividend+1
  5889   002150  6A04               	clrf	(___awdiv@divisor+1)^0,c
  5890   002152  0E0A               	movlw	10
  5891   002154  6E03               	movwf	___awdiv@divisor^0,c
  5892   002156  EC7F  F011         	call	___awdiv	;wreg free
  5893   00215A  C001  F024         	movff	?___awdiv,vfpfcnvrt@convarg
  5894   00215E  C002  F025         	movff	?___awdiv+1,vfpfcnvrt@convarg+1
  5895   002162                     
  5896                           ;C:\Program Files\Microchip\xc8\v3.10\pic\sources\c99\common\doprnt.c: 1416:    } while 
      +                          (convarg.sint != 0 && c != 0);
  5897   002162  5024               	movf	vfpfcnvrt@convarg^0,w,c
  5898   002164  1025               	iorwf	(vfpfcnvrt@convarg+1)^0,w,c
  5899   002166  B4D8               	btfsc	status,2,c
  5900   002168  EFB8  F010         	goto	u891
  5901   00216C  EFBA  F010         	goto	u890
  5902   002170                     u891:
  5903   002170  EFC2  F010         	goto	l1953
  5904   002174                     u890:
  5905   002174  5028               	movf	vfpfcnvrt@c^0,w,c
  5906   002176  A4D8               	btfss	status,2,c
  5907   002178  EFC0  F010         	goto	u901
  5908   00217C  EFC2  F010         	goto	u900
  5909   002180                     u901:
  5910   002180  EF8D  F010         	goto	l1945
  5911   002184                     u900:
  5912   002184                     l1953:
  5913                           
  5914                           ;C:\Program Files\Microchip\xc8\v3.10\pic\sources\c99\common\doprnt.c: 1417:    if (c !=
      +                           0 && done) {
  5915   002184  5028               	movf	vfpfcnvrt@c^0,w,c
  5916   002186  B4D8               	btfsc	status,2,c
  5917   002188  EFC8  F010         	goto	u911
  5918   00218C  EFCA  F010         	goto	u910
  5919   002190                     u911:
  5920   002190  EFEB  F010         	goto	l1963
  5921   002194                     u910:
  5922   002194  5022               	movf	vfpfcnvrt@done^0,w,c
  5923   002196  B4D8               	btfsc	status,2,c
  5924   002198  EFD0  F010         	goto	u921
  5925   00219C  EFD2  F010         	goto	u920
  5926   0021A0                     u921:
  5927   0021A0  EFEB  F010         	goto	l1963
  5928   0021A4                     u920:
  5929   0021A4                     
  5930                           ;C:\Program Files\Microchip\xc8\v3.10\pic\sources\c99\common\doprnt.c: 1418:     dbuf[--
      +                          c] = '-';
  5931   0021A4  0628               	decf	vfpfcnvrt@c^0,f,c
  5932   0021A6  5028               	movf	vfpfcnvrt@c^0,w,c
  5933   0021A8  0F60               	addlw	low _dbuf
  5934   0021AA  6ED9               	movwf	fsr2l,c
  5935   0021AC  6ADA               	clrf	fsr2h,c
  5936   0021AE  0E2D               	movlw	45
  5937   0021B0  6EDF               	movwf	indf2,c
  5938   0021B2  EFEB  F010         	goto	l1963
  5939   0021B6                     l1959:
  5940                           
  5941                           ;C:\Program Files\Microchip\xc8\v3.10\pic\sources\c99\common\doprnt.c: 1424:     fputc(d
      +                          buf[c++], fp);
  5942   0021B6  5028               	movf	vfpfcnvrt@c^0,w,c
  5943   0021B8  0F60               	addlw	low _dbuf
  5944   0021BA  6ED9               	movwf	fsr2l,c
  5945   0021BC  6ADA               	clrf	fsr2h,c
  5946   0021BE  50DF               	movf	indf2,w,c
  5947   0021C0  6E21               	movwf	??_vfpfcnvrt^0,c
  5948   0021C2  5021               	movf	??_vfpfcnvrt^0,w,c
  5949   0021C4  6E03               	movwf	fputc@c^0,c
  5950   0021C6  6A04               	clrf	(fputc@c+1)^0,c
  5951   0021C8  C01D  F005         	movff	vfpfcnvrt@fp,fputc@fp
  5952   0021CC  C01E  F006         	movff	vfpfcnvrt@fp+1,fputc@fp+1
  5953   0021D0  EC13  F011         	call	_fputc	;wreg free
  5954   0021D4  2A28               	incf	vfpfcnvrt@c^0,f,c
  5955   0021D6                     l1963:
  5956                           
  5957                           ;C:\Program Files\Microchip\xc8\v3.10\pic\sources\c99\common\doprnt.c: 1423:    while (c
      +                           != sizeof(dbuf)) {
  5958   0021D6  0E20               	movlw	32
  5959   0021D8  1828               	xorwf	vfpfcnvrt@c^0,w,c
  5960   0021DA  A4D8               	btfss	status,2,c
  5961   0021DC  EFF2  F010         	goto	u931
  5962   0021E0  EFF4  F010         	goto	u930
  5963   0021E4                     u931:
  5964   0021E4  EFDB  F010         	goto	l1959
  5965   0021E8                     u930:
  5966   0021E8  EF12  F011         	goto	l1260
  5967   0021EC                     l1965:
  5968                           
  5969                           ;C:\Program Files\Microchip\xc8\v3.10\pic\sources\c99\common\doprnt.c: 1806:         ++*
      +                          fmt;
  5970   0021EC  501F               	movf	vfpfcnvrt@fmt^0,w,c
  5971   0021EE  6ED9               	movwf	fsr2l,c
  5972   0021F0  6ADA               	clrf	fsr2h,c
  5973   0021F2  2ADF               	incf	indf2,f,c
  5974   0021F4  EF12  F011         	goto	l1260
  5975   0021F8                     l1969:
  5976                           
  5977                           ;C:\Program Files\Microchip\xc8\v3.10\pic\sources\c99\common\doprnt.c: 1811:     fputc((
      +                          int)(*fmt)[0], fp);
  5978   0021F8  501F               	movf	vfpfcnvrt@fmt^0,w,c
  5979   0021FA  6ED9               	movwf	fsr2l,c
  5980   0021FC  6ADA               	clrf	fsr2h,c
  5981   0021FE  006F FF7F FFF6     	movff	indf2,tblptrl
  5982   002204                     	if	1	;There is more than 1 active tblptr byte
  5983   002204  0E20               	movlw	high __smallconst
  5984   002206  6EF7               	movwf	tblptrh,c
  5985   002208                     	endif
  5986   002208                     	if	0	;tblptru may be non-zero
  5987   002208                     	endif
  5988   002208                     	if	1	;Program memory is > 0xFFFF, there are 3 active tblptr bytes
  5989   002208  0E00               	movlw	low (__smallconst shr (0+16))
  5990   00220A  6EF8               	movwf	tblptru,c
  5991   00220C                     	endif
  5992   00220C  0008               	tblrd		*
  5993   00220E  50F5               	movf	tablat,w,c
  5994   002210  6E03               	movwf	fputc@c^0,c
  5995   002212  6A04               	clrf	(fputc@c+1)^0,c
  5996   002214  C01D  F005         	movff	vfpfcnvrt@fp,fputc@fp
  5997   002218  C01E  F006         	movff	vfpfcnvrt@fp+1,fputc@fp+1
  5998   00221C  EC13  F011         	call	_fputc	;wreg free
  5999   002220  EFF6  F010         	goto	l1965
  6000   002224                     l1260:
  6001   002224  0012               	return		;funcret
  6002   002226                     __end_of_vfpfcnvrt:
  6003                           	callstack 0
  6004                           
  6005 ;; *************** function _fputc *****************
  6006 ;; Defined at:
  6007 ;;		line 8 in file "C:\Program Files\Microchip\xc8\v3.10\pic\sources\c99\common\nf_fputc.c"
  6008 ;; Parameters:    Size  Location     Type
  6009 ;;  c               2    2[COMRAM] int 
  6010 ;;  fp              2    4[COMRAM] PTR struct _IO_FILE
  6011 ;;		 -> NULL(0), 
  6012 ;; Auto vars:     Size  Location     Type
  6013 ;;		None
  6014 ;; Return value:  Size  Location     Type
  6015 ;;                  2    2[COMRAM] int 
  6016 ;; Registers used:
  6017 ;;		wreg, fsr1l, fsr1h, fsr2l, fsr2h, status,2, status,0, cstack
  6018 ;; Tracked objects:
  6019 ;;		On entry : 0/0
  6020 ;;		On exit  : 0/0
  6021 ;;		Unchanged: 0/0
  6022 ;; Data sizes:     COMRAM   BANK0   BANK1   BANK2   BANK3   BANK4   BANK5   BANK6   BANK7   BANK8   BANK9  BANK10  BANK1
      +1  BANK12  BANK13  BANK14  BANK15  BANK16  BANK17  BANK18  BANK19  BANK20  BANK21  BANK22  BANK23  BANK24  BANK25  BANK2
      +6  BANK27  BANK28  BANK29  BANK30  BANK31
  6023 ;;      Params:         4       0       0       0       0       0       0       0       0       0       0       0       
      +0       0       0       0       0       0       0       0       0       0       0       0       0       0       0       
      +0       0       0       0       0       0
  6024 ;;      Locals:         0       0       0       0       0       0       0       0       0       0       0       0       
      +0       0       0       0       0       0       0       0       0       0       0       0       0       0       0       
      +0       0       0       0       0       0
  6025 ;;      Temps:          5       0       0       0       0       0       0       0       0       0       0       0       
      +0       0       0       0       0       0       0       0       0       0       0       0       0       0       0       
      +0       0       0       0       0       0
  6026 ;;      Totals:         9       0       0       0       0       0       0       0       0       0       0       0       
      +0       0       0       0       0       0       0       0       0       0       0       0       0       0       0       
      +0       0       0       0       0       0
  6027 ;;Total ram usage:        9 bytes
  6028 ;; Hardware stack levels used: 1
  6029 ;; Hardware stack levels required when called: 2
  6030 ;; This function calls:
  6031 ;;		_putch
  6032 ;; This function is called by:
  6033 ;;		_vfpfcnvrt
  6034 ;; This function uses a non-reentrant model
  6035 ;;
  6036                           
  6037                           	psect	text9
  6038   002226                     __ptext9:
  6039                           	callstack 0
  6040   002226                     _fputc:
  6041                           	callstack 25
  6042   002226  5005               	movf	fputc@fp^0,w,c
  6043   002228  1006               	iorwf	(fputc@fp+1)^0,w,c
  6044   00222A  B4D8               	btfsc	status,2,c
  6045   00222C  EF1A  F011         	goto	u741
  6046   002230  EF1C  F011         	goto	u740
  6047   002234                     u741:
  6048   002234  EF25  F011         	goto	l1883
  6049   002238                     u740:
  6050   002238  5005               	movf	fputc@fp^0,w,c
  6051   00223A  1006               	iorwf	(fputc@fp+1)^0,w,c
  6052   00223C  A4D8               	btfss	status,2,c
  6053   00223E  EF23  F011         	goto	u751
  6054   002242  EF25  F011         	goto	u750
  6055   002246                     u751:
  6056   002246  EF2A  F011         	goto	l1885
  6057   00224A                     u750:
  6058   00224A                     l1883:
  6059   00224A  5003               	movf	fputc@c^0,w,c
  6060   00224C  EC48  F014         	call	_putch
  6061   002250  EF7E  F011         	goto	l1285
  6062   002254                     l1885:
  6063   002254  EE20 F009          	lfsr	2,9
  6064   002258  5005               	movf	fputc@fp^0,w,c
  6065   00225A  26D9               	addwf	fsr2l,f,c
  6066   00225C  5006               	movf	(fputc@fp+1)^0,w,c
  6067   00225E  22DA               	addwfc	fsr2h,f,c
  6068   002260  50DE               	movf	postinc2,w,c
  6069   002262  10DE               	iorwf	postinc2,w,c
  6070   002264  B4D8               	btfsc	status,2,c
  6071   002266  EF37  F011         	goto	u761
  6072   00226A  EF39  F011         	goto	u760
  6073   00226E                     u761:
  6074   00226E  EF54  F011         	goto	l1889
  6075   002272                     u760:
  6076   002272  EE20 F009          	lfsr	2,9
  6077   002276  5005               	movf	fputc@fp^0,w,c
  6078   002278  26D9               	addwf	fsr2l,f,c
  6079   00227A  5006               	movf	(fputc@fp+1)^0,w,c
  6080   00227C  22DA               	addwfc	fsr2h,f,c
  6081   00227E  EE10 F002          	lfsr	1,2
  6082   002282  5005               	movf	fputc@fp^0,w,c
  6083   002284  26E1               	addwf	fsr1l,f,c
  6084   002286  5006               	movf	(fputc@fp+1)^0,w,c
  6085   002288  22E2               	addwfc	fsr1h,f,c
  6086   00228A  50DE               	movf	postinc2,w,c
  6087   00228C  5CE6               	subwf	postinc1,w,c
  6088   00228E  50E6               	movf	postinc1,w,c
  6089   002290  0A80               	xorlw	128
  6090   002292  6E0B               	movwf	(??_fputc+4)^0,c
  6091   002294  50DE               	movf	postinc2,w,c
  6092   002296  0A80               	xorlw	128
  6093   002298  580B               	subwfb	(??_fputc+4)^0,w,c
  6094   00229A  B0D8               	btfsc	status,0,c
  6095   00229C  EF52  F011         	goto	u771
  6096   0022A0  EF54  F011         	goto	u770
  6097   0022A4                     u771:
  6098   0022A4  EF7E  F011         	goto	l1285
  6099   0022A8                     u770:
  6100   0022A8                     l1889:
  6101   0022A8  EE20 F002          	lfsr	2,2
  6102   0022AC  5005               	movf	fputc@fp^0,w,c
  6103   0022AE  26D9               	addwf	fsr2l,f,c
  6104   0022B0  5006               	movf	(fputc@fp+1)^0,w,c
  6105   0022B2  22DA               	addwfc	fsr2h,f,c
  6106   0022B4  006F FF78  F007    	movff	postinc2,??_fputc
  6107   0022BA  006F FF74  F008    	movff	postdec2,??_fputc+1
  6108   0022C0  0060  F017  FFD9   	movff	fputc@fp,fsr2l
  6109   0022C6  0060  F01B  FFDA   	movff	fputc@fp+1,fsr2h
  6110   0022CC  006F FF78  F009    	movff	postinc2,??_fputc+2
  6111   0022D2  006F FF74  F00A    	movff	postdec2,??_fputc+3
  6112   0022D8  5007               	movf	??_fputc^0,w,c
  6113   0022DA  2409               	addwf	(??_fputc+2)^0,w,c
  6114   0022DC  6ED9               	movwf	fsr2l,c
  6115   0022DE  5008               	movf	(??_fputc+1)^0,w,c
  6116   0022E0  200A               	addwfc	(??_fputc+3)^0,w,c
  6117   0022E2  6EDA               	movwf	fsr2h,c
  6118   0022E4  0060  F00F  FFDF   	movff	fputc@c,indf2
  6119   0022EA  EE20 F002          	lfsr	2,2
  6120   0022EE  5005               	movf	fputc@fp^0,w,c
  6121   0022F0  26D9               	addwf	fsr2l,f,c
  6122   0022F2  5006               	movf	(fputc@fp+1)^0,w,c
  6123   0022F4  22DA               	addwfc	fsr2h,f,c
  6124   0022F6  2ADE               	incf	postinc2,f,c
  6125   0022F8  0E00               	movlw	0
  6126   0022FA  22DD               	addwfc	postdec2,f,c
  6127   0022FC                     l1285:
  6128   0022FC  0012               	return		;funcret
  6129   0022FE                     __end_of_fputc:
  6130                           	callstack 0
  6131                           
  6132 ;; *************** function _putch *****************
  6133 ;; Defined at:
  6134 ;;		line 296 in file "mcc_generated_files/uart/src/uart2.c"
  6135 ;; Parameters:    Size  Location     Type
  6136 ;;  txData          1    wreg     unsigned char 
  6137 ;; Auto vars:     Size  Location     Type
  6138 ;;  txData          1    1[COMRAM] unsigned char 
  6139 ;; Return value:  Size  Location     Type
  6140 ;;                  1    wreg      void 
  6141 ;; Registers used:
  6142 ;;		wreg, status,2, cstack
  6143 ;; Tracked objects:
  6144 ;;		On entry : 0/0
  6145 ;;		On exit  : 0/0
  6146 ;;		Unchanged: 0/0
  6147 ;; Data sizes:     COMRAM   BANK0   BANK1   BANK2   BANK3   BANK4   BANK5   BANK6   BANK7   BANK8   BANK9  BANK10  BANK1
      +1  BANK12  BANK13  BANK14  BANK15  BANK16  BANK17  BANK18  BANK19  BANK20  BANK21  BANK22  BANK23  BANK24  BANK25  BANK2
      +6  BANK27  BANK28  BANK29  BANK30  BANK31
  6148 ;;      Params:         0       0       0       0       0       0       0       0       0       0       0       0       
      +0       0       0       0       0       0       0       0       0       0       0       0       0       0       0       
      +0       0       0       0       0       0
  6149 ;;      Locals:         1       0       0       0       0       0       0       0       0       0       0       0       
      +0       0       0       0       0       0       0       0       0       0       0       0       0       0       0       
      +0       0       0       0       0       0
  6150 ;;      Temps:          0       0       0       0       0       0       0       0       0       0       0       0       
      +0       0       0       0       0       0       0       0       0       0       0       0       0       0       0       
      +0       0       0       0       0       0
  6151 ;;      Totals:         1       0       0       0       0       0       0       0       0       0       0       0       
      +0       0       0       0       0       0       0       0       0       0       0       0       0       0       0       
      +0       0       0       0       0       0
  6152 ;;Total ram usage:        1 bytes
  6153 ;; Hardware stack levels used: 1
  6154 ;; Hardware stack levels required when called: 1
  6155 ;; This function calls:
  6156 ;;		_UART2_IsTxReady
  6157 ;;		_UART2_Write
  6158 ;; This function is called by:
  6159 ;;		_fputc
  6160 ;; This function uses a non-reentrant model
  6161 ;;
  6162                           
  6163                           	psect	text10
  6164   002890                     __ptext10:
  6165                           	callstack 0
  6166   002890                     _putch:
  6167                           	callstack 25
  6168                           
  6169                           ;incstack = 0
  6170                           ;putch@txData stored from wreg
  6171   002890  6E02               	movwf	putch@txData^0,c
  6172   002892                     l1793:
  6173                           
  6174                           ;mcc_generated_files/uart/src/uart2.c: 298:     while(!(UART2_IsTxReady()))
  6175   002892  EC01  F014         	call	_UART2_IsTxReady	;wreg free
  6176   002896  0900               	iorlw	0
  6177   002898  B4D8               	btfsc	status,2,c
  6178   00289A  EF51  F014         	goto	u611
  6179   00289E  EF53  F014         	goto	u610
  6180   0028A2                     u611:
  6181   0028A2  EF49  F014         	goto	l1793
  6182   0028A6                     u610:
  6183   0028A6                     
  6184                           ;mcc_generated_files/uart/src/uart2.c: 302:     return UART2_Write(txData);;	Return valu
      +                          e of _putch is never used
  6185   0028A6  C002  F001         	movff	putch@txData,UART2_Write@txData
  6186   0028AA  ECA8  F014         	call	_UART2_Write	;wreg free
  6187   0028AE  0012               	return		;funcret
  6188   0028B0                     __end_of_putch:
  6189                           	callstack 0
  6190                           
  6191 ;; *************** function _UART2_Write *****************
  6192 ;; Defined at:
  6193 ;;		line 281 in file "mcc_generated_files/uart/src/uart2.c"
  6194 ;; Parameters:    Size  Location     Type
  6195 ;;  txData          1    0[COMRAM] unsigned char 
  6196 ;; Auto vars:     Size  Location     Type
  6197 ;;		None
  6198 ;; Return value:  Size  Location     Type
  6199 ;;                  1    wreg      void 
  6200 ;; Registers used:
  6201 ;;		None
  6202 ;; Tracked objects:
  6203 ;;		On entry : 0/0
  6204 ;;		On exit  : 0/0
  6205 ;;		Unchanged: 0/0
  6206 ;; Data sizes:     COMRAM   BANK0   BANK1   BANK2   BANK3   BANK4   BANK5   BANK6   BANK7   BANK8   BANK9  BANK10  BANK1
      +1  BANK12  BANK13  BANK14  BANK15  BANK16  BANK17  BANK18  BANK19  BANK20  BANK21  BANK22  BANK23  BANK24  BANK25  BANK2
      +6  BANK27  BANK28  BANK29  BANK30  BANK31
  6207 ;;      Params:         1       0       0       0       0       0       0       0       0       0       0       0       
      +0       0       0       0       0       0       0       0       0       0       0       0       0       0       0       
      +0       0       0       0       0       0
  6208 ;;      Locals:         0       0       0       0       0       0       0       0       0       0       0       0       
      +0       0       0       0       0       0       0       0       0       0       0       0       0       0       0       
      +0       0       0       0       0       0
  6209 ;;      Temps:          0       0       0       0       0       0       0       0       0       0       0       0       
      +0       0       0       0       0       0       0       0       0       0       0       0       0       0       0       
      +0       0       0       0       0       0
  6210 ;;      Totals:         1       0       0       0       0       0       0       0       0       0       0       0       
      +0       0       0       0       0       0       0       0       0       0       0       0       0       0       0       
      +0       0       0       0       0       0
  6211 ;;Total ram usage:        1 bytes
  6212 ;; Hardware stack levels used: 1
  6213 ;; This function calls:
  6214 ;;		Nothing
  6215 ;; This function is called by:
  6216 ;;		_putch
  6217 ;; This function uses a non-reentrant model
  6218 ;;
  6219                           
  6220                           	psect	text11
  6221   002950                     __ptext11:
  6222                           	callstack 0
  6223   002950                     _UART2_Write:
  6224                           	callstack 25
  6225   002950                     
  6226                           ;mcc_generated_files/uart/src/uart2.c: 281: void UART2_Write(uint8_t txData);mcc_generat
      +                          ed_files/uart/src/uart2.c: 282: {;mcc_generated_files/uart/src/uart2.c: 283:     U2TXB =
      +                           txData;
  6227   002950  0060  F007  FDD2   	movff	UART2_Write@txData,15826	;volatile
  6228   002956  0012               	return		;funcret
  6229   002958                     __end_of_UART2_Write:
  6230                           	callstack 0
  6231                           
  6232 ;; *************** function _UART2_IsTxReady *****************
  6233 ;; Defined at:
  6234 ;;		line 233 in file "mcc_generated_files/uart/src/uart2.c"
  6235 ;; Parameters:    Size  Location     Type
  6236 ;;		None
  6237 ;; Auto vars:     Size  Location     Type
  6238 ;;		None
  6239 ;; Return value:  Size  Location     Type
  6240 ;;                  1    wreg      _Bool 
  6241 ;; Registers used:
  6242 ;;		wreg, status,2
  6243 ;; Tracked objects:
  6244 ;;		On entry : 0/0
  6245 ;;		On exit  : 0/0
  6246 ;;		Unchanged: 0/0
  6247 ;; Data sizes:     COMRAM   BANK0   BANK1   BANK2   BANK3   BANK4   BANK5   BANK6   BANK7   BANK8   BANK9  BANK10  BANK1
      +1  BANK12  BANK13  BANK14  BANK15  BANK16  BANK17  BANK18  BANK19  BANK20  BANK21  BANK22  BANK23  BANK24  BANK25  BANK2
      +6  BANK27  BANK28  BANK29  BANK30  BANK31
  6248 ;;      Params:         0       0       0       0       0       0       0       0       0       0       0       0       
      +0       0       0       0       0       0       0       0       0       0       0       0       0       0       0       
      +0       0       0       0       0       0
  6249 ;;      Locals:         1       0       0       0       0       0       0       0       0       0       0       0       
      +0       0       0       0       0       0       0       0       0       0       0       0       0       0       0       
      +0       0       0       0       0       0
  6250 ;;      Temps:          0       0       0       0       0       0       0       0       0       0       0       0       
      +0       0       0       0       0       0       0       0       0       0       0       0       0       0       0       
      +0       0       0       0       0       0
  6251 ;;      Totals:         1       0       0       0       0       0       0       0       0       0       0       0       
      +0       0       0       0       0       0       0       0       0       0       0       0       0       0       0       
      +0       0       0       0       0       0
  6252 ;;Total ram usage:        1 bytes
  6253 ;; Hardware stack levels used: 1
  6254 ;; This function calls:
  6255 ;;		Nothing
  6256 ;; This function is called by:
  6257 ;;		_putch
  6258 ;; This function uses a non-reentrant model
  6259 ;;
  6260                           
  6261                           	psect	text12
  6262   002802                     __ptext12:
  6263                           	callstack 0
  6264   002802                     _UART2_IsTxReady:
  6265                           	callstack 25
  6266   002802                     
  6267                           ;mcc_generated_files/uart/src/uart2.c: 235:     return (_Bool)(U2FIFObits.TXBE && U2CON0
      +                          bits.TXEN);
  6268   002802  6A01               	clrf	_UART2_IsTxReady$745^0,c
  6269   002804  013D               	movlb	61	; () banked
  6270   002806  ABDF               	btfss	223,5,b	;volatile
  6271   002808  EF08  F014         	goto	u591
  6272   00280C  EF0A  F014         	goto	u590
  6273   002810                     u591:
  6274   002810  EF13  F014         	goto	l225
  6275   002814                     u590:
  6276   002814                     
  6277                           ; BSR set to: 61
  6278   002814  ABDA               	btfss	218,5,b	;volatile
  6279   002816  EF0F  F014         	goto	u601
  6280   00281A  EF11  F014         	goto	u600
  6281   00281E                     u601:
  6282   00281E  EF13  F014         	goto	l225
  6283   002822                     u600:
  6284   002822                     
  6285                           ; BSR set to: 61
  6286   002822  0E01               	movlw	1
  6287   002824  6E01               	movwf	_UART2_IsTxReady$745^0,c
  6288   002826                     l225:
  6289                           
  6290                           ; BSR set to: 61
  6291   002826  5001               	movf	_UART2_IsTxReady$745^0,w,c
  6292   002828                     
  6293                           ; BSR set to: 61
  6294   002828  0012               	return		;funcret
  6295   00282A                     __end_of_UART2_IsTxReady:
  6296                           	callstack 0
  6297                           
  6298 ;; *************** function _abs *****************
  6299 ;; Defined at:
  6300 ;;		line 1 in file "C:\Program Files\Microchip\xc8\v3.10\pic\sources\c99\common\abs.c"
  6301 ;; Parameters:    Size  Location     Type
  6302 ;;  a               2   24[COMRAM] int 
  6303 ;; Auto vars:     Size  Location     Type
  6304 ;;		None
  6305 ;; Return value:  Size  Location     Type
  6306 ;;                  2   24[COMRAM] int 
  6307 ;; Registers used:
  6308 ;;		wreg, status,2, status,0
  6309 ;; Tracked objects:
  6310 ;;		On entry : 0/0
  6311 ;;		On exit  : 0/0
  6312 ;;		Unchanged: 0/0
  6313 ;; Data sizes:     COMRAM   BANK0   BANK1   BANK2   BANK3   BANK4   BANK5   BANK6   BANK7   BANK8   BANK9  BANK10  BANK1
      +1  BANK12  BANK13  BANK14  BANK15  BANK16  BANK17  BANK18  BANK19  BANK20  BANK21  BANK22  BANK23  BANK24  BANK25  BANK2
      +6  BANK27  BANK28  BANK29  BANK30  BANK31
  6314 ;;      Params:         2       0       0       0       0       0       0       0       0       0       0       0       
      +0       0       0       0       0       0       0       0       0       0       0       0       0       0       0       
      +0       0       0       0       0       0
  6315 ;;      Locals:         0       0       0       0       0       0       0       0       0       0       0       0       
      +0       0       0       0       0       0       0       0       0       0       0       0       0       0       0       
      +0       0       0       0       0       0
  6316 ;;      Temps:          2       0       0       0       0       0       0       0       0       0       0       0       
      +0       0       0       0       0       0       0       0       0       0       0       0       0       0       0       
      +0       0       0       0       0       0
  6317 ;;      Totals:         4       0       0       0       0       0       0       0       0       0       0       0       
      +0       0       0       0       0       0       0       0       0       0       0       0       0       0       0       
      +0       0       0       0       0       0
  6318 ;;Total ram usage:        4 bytes
  6319 ;; Hardware stack levels used: 1
  6320 ;; This function calls:
  6321 ;;		Nothing
  6322 ;; This function is called by:
  6323 ;;		_vfpfcnvrt
  6324 ;; This function uses a non-reentrant model
  6325 ;;
  6326                           
  6327                           	psect	text13
  6328   0027CE                     __ptext13:
  6329                           	callstack 0
  6330   0027CE                     _abs:
  6331                           	callstack 27
  6332   0027CE  BE1A               	btfsc	(abs@a+1)^0,7,c
  6333   0027D0  EFEC  F013         	goto	u781
  6334   0027D4  EFEE  F013         	goto	u780
  6335   0027D8                     u781:
  6336   0027D8  EFF4  F013         	goto	l1270
  6337   0027DC                     u780:
  6338   0027DC  C019  F019         	movff	abs@a,?_abs
  6339   0027E0  C01A  F01A         	movff	abs@a+1,?_abs+1
  6340   0027E4  EF00  F014         	goto	l1273
  6341   0027E8                     l1270:
  6342   0027E8  C019  F01B         	movff	abs@a,??_abs
  6343   0027EC  C01A  F01C         	movff	abs@a+1,??_abs+1
  6344   0027F0  1E1B               	comf	??_abs^0,f,c
  6345   0027F2  1E1C               	comf	(??_abs+1)^0,f,c
  6346   0027F4  4A1B               	infsnz	??_abs^0,f,c
  6347   0027F6  2A1C               	incf	(??_abs+1)^0,f,c
  6348   0027F8  C01B  F019         	movff	??_abs,?_abs
  6349   0027FC  C01C  F01A         	movff	??_abs+1,?_abs+1
  6350   002800                     l1273:
  6351   002800  0012               	return		;funcret
  6352   002802                     __end_of_abs:
  6353                           	callstack 0
  6354                           
  6355 ;; *************** function ___awmod *****************
  6356 ;; Defined at:
  6357 ;;		line 7 in file "C:\Program Files\Microchip\xc8\v3.10\pic\sources\c99\common\awmod.c"
  6358 ;; Parameters:    Size  Location     Type
  6359 ;;  dividend        2   18[COMRAM] int 
  6360 ;;  divisor         2   20[COMRAM] int 
  6361 ;; Auto vars:     Size  Location     Type
  6362 ;;  sign            1   23[COMRAM] unsigned char 
  6363 ;;  counter         1   22[COMRAM] unsigned char 
  6364 ;; Return value:  Size  Location     Type
  6365 ;;                  2   18[COMRAM] int 
  6366 ;; Registers used:
  6367 ;;		wreg, status,2, status,0
  6368 ;; Tracked objects:
  6369 ;;		On entry : 0/0
  6370 ;;		On exit  : 0/0
  6371 ;;		Unchanged: 0/0
  6372 ;; Data sizes:     COMRAM   BANK0   BANK1   BANK2   BANK3   BANK4   BANK5   BANK6   BANK7   BANK8   BANK9  BANK10  BANK1
      +1  BANK12  BANK13  BANK14  BANK15  BANK16  BANK17  BANK18  BANK19  BANK20  BANK21  BANK22  BANK23  BANK24  BANK25  BANK2
      +6  BANK27  BANK28  BANK29  BANK30  BANK31
  6373 ;;      Params:         4       0       0       0       0       0       0       0       0       0       0       0       
      +0       0       0       0       0       0       0       0       0       0       0       0       0       0       0       
      +0       0       0       0       0       0
  6374 ;;      Locals:         2       0       0       0       0       0       0       0       0       0       0       0       
      +0       0       0       0       0       0       0       0       0       0       0       0       0       0       0       
      +0       0       0       0       0       0
  6375 ;;      Temps:          0       0       0       0       0       0       0       0       0       0       0       0       
      +0       0       0       0       0       0       0       0       0       0       0       0       0       0       0       
      +0       0       0       0       0       0
  6376 ;;      Totals:         6       0       0       0       0       0       0       0       0       0       0       0       
      +0       0       0       0       0       0       0       0       0       0       0       0       0       0       0       
      +0       0       0       0       0       0
  6377 ;;Total ram usage:        6 bytes
  6378 ;; Hardware stack levels used: 1
  6379 ;; This function calls:
  6380 ;;		Nothing
  6381 ;; This function is called by:
  6382 ;;		_random_number
  6383 ;;		_vfpfcnvrt
  6384 ;; This function uses a non-reentrant model
  6385 ;;
  6386                           
  6387                           	psect	text14
  6388   0023BE                     __ptext14:
  6389                           	callstack 0
  6390   0023BE                     ___awmod:
  6391                           	callstack 27
  6392   0023BE  6A18               	clrf	___awmod@sign^0,c
  6393   0023C0  BE14               	btfsc	(___awmod@dividend+1)^0,7,c
  6394   0023C2  EFE7  F011         	goto	u680
  6395   0023C6  EFE5  F011         	goto	u681
  6396   0023CA                     u681:
  6397   0023CA  EFED  F011         	goto	l1851
  6398   0023CE                     u680:
  6399   0023CE  6C13               	negf	___awmod@dividend^0,c
  6400   0023D0  1E14               	comf	(___awmod@dividend+1)^0,f,c
  6401   0023D2  B0D8               	btfsc	status,0,c
  6402   0023D4  2A14               	incf	(___awmod@dividend+1)^0,f,c
  6403   0023D6  0E01               	movlw	1
  6404   0023D8  6E18               	movwf	___awmod@sign^0,c
  6405   0023DA                     l1851:
  6406   0023DA  BE16               	btfsc	(___awmod@divisor+1)^0,7,c
  6407   0023DC  EFF4  F011         	goto	u690
  6408   0023E0  EFF2  F011         	goto	u691
  6409   0023E4                     u691:
  6410   0023E4  EFF8  F011         	goto	l1855
  6411   0023E8                     u690:
  6412   0023E8  6C15               	negf	___awmod@divisor^0,c
  6413   0023EA  1E16               	comf	(___awmod@divisor+1)^0,f,c
  6414   0023EC  B0D8               	btfsc	status,0,c
  6415   0023EE  2A16               	incf	(___awmod@divisor+1)^0,f,c
  6416   0023F0                     l1855:
  6417   0023F0  5015               	movf	___awmod@divisor^0,w,c
  6418   0023F2  1016               	iorwf	(___awmod@divisor+1)^0,w,c
  6419   0023F4  B4D8               	btfsc	status,2,c
  6420   0023F6  EFFF  F011         	goto	u701
  6421   0023FA  EF01  F012         	goto	u700
  6422   0023FE                     u701:
  6423   0023FE  EF25  F012         	goto	l1871
  6424   002402                     u700:
  6425   002402  0E01               	movlw	1
  6426   002404  6E17               	movwf	___awmod@counter^0,c
  6427   002406  EF09  F012         	goto	l1861
  6428   00240A                     l1859:
  6429   00240A  90D8               	bcf	status,0,c
  6430   00240C  3615               	rlcf	___awmod@divisor^0,f,c
  6431   00240E  3616               	rlcf	(___awmod@divisor+1)^0,f,c
  6432   002410  2A17               	incf	___awmod@counter^0,f,c
  6433   002412                     l1861:
  6434   002412  AE16               	btfss	(___awmod@divisor+1)^0,7,c
  6435   002414  EF0E  F012         	goto	u711
  6436   002418  EF10  F012         	goto	u710
  6437   00241C                     u711:
  6438   00241C  EF05  F012         	goto	l1859
  6439   002420                     u710:
  6440   002420                     l1863:
  6441   002420  5015               	movf	___awmod@divisor^0,w,c
  6442   002422  5C13               	subwf	___awmod@dividend^0,w,c
  6443   002424  5016               	movf	(___awmod@divisor+1)^0,w,c
  6444   002426  5814               	subwfb	(___awmod@dividend+1)^0,w,c
  6445   002428  A0D8               	btfss	status,0,c
  6446   00242A  EF19  F012         	goto	u721
  6447   00242E  EF1B  F012         	goto	u720
  6448   002432                     u721:
  6449   002432  EF1F  F012         	goto	l1867
  6450   002436                     u720:
  6451   002436  5015               	movf	___awmod@divisor^0,w,c
  6452   002438  5E13               	subwf	___awmod@dividend^0,f,c
  6453   00243A  5016               	movf	(___awmod@divisor+1)^0,w,c
  6454   00243C  5A14               	subwfb	(___awmod@dividend+1)^0,f,c
  6455   00243E                     l1867:
  6456   00243E  90D8               	bcf	status,0,c
  6457   002440  3216               	rrcf	(___awmod@divisor+1)^0,f,c
  6458   002442  3215               	rrcf	___awmod@divisor^0,f,c
  6459   002444  2E17               	decfsz	___awmod@counter^0,f,c
  6460   002446  EF10  F012         	goto	l1863
  6461   00244A                     l1871:
  6462   00244A  5018               	movf	___awmod@sign^0,w,c
  6463   00244C  B4D8               	btfsc	status,2,c
  6464   00244E  EF2B  F012         	goto	u731
  6465   002452  EF2D  F012         	goto	u730
  6466   002456                     u731:
  6467   002456  EF31  F012         	goto	l1875
  6468   00245A                     u730:
  6469   00245A  6C13               	negf	___awmod@dividend^0,c
  6470   00245C  1E14               	comf	(___awmod@dividend+1)^0,f,c
  6471   00245E  B0D8               	btfsc	status,0,c
  6472   002460  2A14               	incf	(___awmod@dividend+1)^0,f,c
  6473   002462                     l1875:
  6474   002462  C013  F013         	movff	___awmod@dividend,?___awmod
  6475   002466  C014  F014         	movff	___awmod@dividend+1,?___awmod+1
  6476   00246A  0012               	return		;funcret
  6477   00246C                     __end_of___awmod:
  6478                           	callstack 0
  6479                           
  6480 ;; *************** function ___awdiv *****************
  6481 ;; Defined at:
  6482 ;;		line 7 in file "C:\Program Files\Microchip\xc8\v3.10\pic\sources\c99\common\awdiv.c"
  6483 ;; Parameters:    Size  Location     Type
  6484 ;;  dividend        2    0[COMRAM] int 
  6485 ;;  divisor         2    2[COMRAM] int 
  6486 ;; Auto vars:     Size  Location     Type
  6487 ;;  quotient        2    6[COMRAM] int 
  6488 ;;  sign            1    5[COMRAM] unsigned char 
  6489 ;;  counter         1    4[COMRAM] unsigned char 
  6490 ;; Return value:  Size  Location     Type
  6491 ;;                  2    0[COMRAM] int 
  6492 ;; Registers used:
  6493 ;;		wreg, status,2, status,0
  6494 ;; Tracked objects:
  6495 ;;		On entry : 0/0
  6496 ;;		On exit  : 0/0
  6497 ;;		Unchanged: 0/0
  6498 ;; Data sizes:     COMRAM   BANK0   BANK1   BANK2   BANK3   BANK4   BANK5   BANK6   BANK7   BANK8   BANK9  BANK10  BANK1
      +1  BANK12  BANK13  BANK14  BANK15  BANK16  BANK17  BANK18  BANK19  BANK20  BANK21  BANK22  BANK23  BANK24  BANK25  BANK2
      +6  BANK27  BANK28  BANK29  BANK30  BANK31
  6499 ;;      Params:         4       0       0       0       0       0       0       0       0       0       0       0       
      +0       0       0       0       0       0       0       0       0       0       0       0       0       0       0       
      +0       0       0       0       0       0
  6500 ;;      Locals:         4       0       0       0       0       0       0       0       0       0       0       0       
      +0       0       0       0       0       0       0       0       0       0       0       0       0       0       0       
      +0       0       0       0       0       0
  6501 ;;      Temps:          0       0       0       0       0       0       0       0       0       0       0       0       
      +0       0       0       0       0       0       0       0       0       0       0       0       0       0       0       
      +0       0       0       0       0       0
  6502 ;;      Totals:         8       0       0       0       0       0       0       0       0       0       0       0       
      +0       0       0       0       0       0       0       0       0       0       0       0       0       0       0       
      +0       0       0       0       0       0
  6503 ;;Total ram usage:        8 bytes
  6504 ;; Hardware stack levels used: 1
  6505 ;; This function calls:
  6506 ;;		Nothing
  6507 ;; This function is called by:
  6508 ;;		_vfpfcnvrt
  6509 ;; This function uses a non-reentrant model
  6510 ;;
  6511                           
  6512                           	psect	text15
  6513   0022FE                     __ptext15:
  6514                           	callstack 0
  6515   0022FE                     ___awdiv:
  6516                           	callstack 27
  6517   0022FE  6A06               	clrf	___awdiv@sign^0,c
  6518   002300  BE04               	btfsc	(___awdiv@divisor+1)^0,7,c
  6519   002302  EF87  F011         	goto	u620
  6520   002306  EF85  F011         	goto	u621
  6521   00230A                     u621:
  6522   00230A  EF8D  F011         	goto	l1807
  6523   00230E                     u620:
  6524   00230E  6C03               	negf	___awdiv@divisor^0,c
  6525   002310  1E04               	comf	(___awdiv@divisor+1)^0,f,c
  6526   002312  B0D8               	btfsc	status,0,c
  6527   002314  2A04               	incf	(___awdiv@divisor+1)^0,f,c
  6528   002316  0E01               	movlw	1
  6529   002318  6E06               	movwf	___awdiv@sign^0,c
  6530   00231A                     l1807:
  6531   00231A  BE02               	btfsc	(___awdiv@dividend+1)^0,7,c
  6532   00231C  EF94  F011         	goto	u630
  6533   002320  EF92  F011         	goto	u631
  6534   002324                     u631:
  6535   002324  EF9A  F011         	goto	l1813
  6536   002328                     u630:
  6537   002328  6C01               	negf	___awdiv@dividend^0,c
  6538   00232A  1E02               	comf	(___awdiv@dividend+1)^0,f,c
  6539   00232C  B0D8               	btfsc	status,0,c
  6540   00232E  2A02               	incf	(___awdiv@dividend+1)^0,f,c
  6541   002330  0E01               	movlw	1
  6542   002332  1A06               	xorwf	___awdiv@sign^0,f,c
  6543   002334                     l1813:
  6544   002334  6A08               	clrf	(___awdiv@quotient+1)^0,c
  6545   002336  0E00               	movlw	0
  6546   002338  6E07               	movwf	___awdiv@quotient^0,c
  6547   00233A  5003               	movf	___awdiv@divisor^0,w,c
  6548   00233C  1004               	iorwf	(___awdiv@divisor+1)^0,w,c
  6549   00233E  B4D8               	btfsc	status,2,c
  6550   002340  EFA4  F011         	goto	u641
  6551   002344  EFA6  F011         	goto	u640
  6552   002348                     u641:
  6553   002348  EFCE  F011         	goto	l1835
  6554   00234C                     u640:
  6555   00234C  0E01               	movlw	1
  6556   00234E  6E05               	movwf	___awdiv@counter^0,c
  6557   002350  EFAE  F011         	goto	l1821
  6558   002354                     l1819:
  6559   002354  90D8               	bcf	status,0,c
  6560   002356  3603               	rlcf	___awdiv@divisor^0,f,c
  6561   002358  3604               	rlcf	(___awdiv@divisor+1)^0,f,c
  6562   00235A  2A05               	incf	___awdiv@counter^0,f,c
  6563   00235C                     l1821:
  6564   00235C  AE04               	btfss	(___awdiv@divisor+1)^0,7,c
  6565   00235E  EFB3  F011         	goto	u651
  6566   002362  EFB5  F011         	goto	u650
  6567   002366                     u651:
  6568   002366  EFAA  F011         	goto	l1819
  6569   00236A                     u650:
  6570   00236A                     l1823:
  6571   00236A  90D8               	bcf	status,0,c
  6572   00236C  3607               	rlcf	___awdiv@quotient^0,f,c
  6573   00236E  3608               	rlcf	(___awdiv@quotient+1)^0,f,c
  6574   002370  5003               	movf	___awdiv@divisor^0,w,c
  6575   002372  5C01               	subwf	___awdiv@dividend^0,w,c
  6576   002374  5004               	movf	(___awdiv@divisor+1)^0,w,c
  6577   002376  5802               	subwfb	(___awdiv@dividend+1)^0,w,c
  6578   002378  A0D8               	btfss	status,0,c
  6579   00237A  EFC1  F011         	goto	u661
  6580   00237E  EFC3  F011         	goto	u660
  6581   002382                     u661:
  6582   002382  EFC8  F011         	goto	l1831
  6583   002386                     u660:
  6584   002386  5003               	movf	___awdiv@divisor^0,w,c
  6585   002388  5E01               	subwf	___awdiv@dividend^0,f,c
  6586   00238A  5004               	movf	(___awdiv@divisor+1)^0,w,c
  6587   00238C  5A02               	subwfb	(___awdiv@dividend+1)^0,f,c
  6588   00238E  8007               	bsf	___awdiv@quotient^0,0,c
  6589   002390                     l1831:
  6590   002390  90D8               	bcf	status,0,c
  6591   002392  3204               	rrcf	(___awdiv@divisor+1)^0,f,c
  6592   002394  3203               	rrcf	___awdiv@divisor^0,f,c
  6593   002396  2E05               	decfsz	___awdiv@counter^0,f,c
  6594   002398  EFB5  F011         	goto	l1823
  6595   00239C                     l1835:
  6596   00239C  5006               	movf	___awdiv@sign^0,w,c
  6597   00239E  B4D8               	btfsc	status,2,c
  6598   0023A0  EFD4  F011         	goto	u671
  6599   0023A4  EFD6  F011         	goto	u670
  6600   0023A8                     u671:
  6601   0023A8  EFDA  F011         	goto	l1839
  6602   0023AC                     u670:
  6603   0023AC  6C07               	negf	___awdiv@quotient^0,c
  6604   0023AE  1E08               	comf	(___awdiv@quotient+1)^0,f,c
  6605   0023B0  B0D8               	btfsc	status,0,c
  6606   0023B2  2A08               	incf	(___awdiv@quotient+1)^0,f,c
  6607   0023B4                     l1839:
  6608   0023B4  C007  F001         	movff	___awdiv@quotient,?___awdiv
  6609   0023B8  C008  F002         	movff	___awdiv@quotient+1,?___awdiv+1
  6610   0023BC  0012               	return		;funcret
  6611   0023BE                     __end_of___awdiv:
  6612                           	callstack 0
  6613                           
  6614 ;; *************** function _SYSTEM_Initialize *****************
  6615 ;; Defined at:
  6616 ;;		line 40 in file "mcc_generated_files/system/src/system.c"
  6617 ;; Parameters:    Size  Location     Type
  6618 ;;		None
  6619 ;; Auto vars:     Size  Location     Type
  6620 ;;		None
  6621 ;; Return value:  Size  Location     Type
  6622 ;;                  1    wreg      void 
  6623 ;; Registers used:
  6624 ;;		wreg, status,2, status,0, cstack
  6625 ;; Tracked objects:
  6626 ;;		On entry : 0/0
  6627 ;;		On exit  : 0/0
  6628 ;;		Unchanged: 0/0
  6629 ;; Data sizes:     COMRAM   BANK0   BANK1   BANK2   BANK3   BANK4   BANK5   BANK6   BANK7   BANK8   BANK9  BANK10  BANK1
      +1  BANK12  BANK13  BANK14  BANK15  BANK16  BANK17  BANK18  BANK19  BANK20  BANK21  BANK22  BANK23  BANK24  BANK25  BANK2
      +6  BANK27  BANK28  BANK29  BANK30  BANK31
  6630 ;;      Params:         0       0       0       0       0       0       0       0       0       0       0       0       
      +0       0       0       0       0       0       0       0       0       0       0       0       0       0       0       
      +0       0       0       0       0       0
  6631 ;;      Locals:         0       0       0       0       0       0       0       0       0       0       0       0       
      +0       0       0       0       0       0       0       0       0       0       0       0       0       0       0       
      +0       0       0       0       0       0
  6632 ;;      Temps:          0       0       0       0       0       0       0       0       0       0       0       0       
      +0       0       0       0       0       0       0       0       0       0       0       0       0       0       0       
      +0       0       0       0       0       0
  6633 ;;      Totals:         0       0       0       0       0       0       0       0       0       0       0       0       
      +0       0       0       0       0       0       0       0       0       0       0       0       0       0       0       
      +0       0       0       0       0       0
  6634 ;;Total ram usage:        0 bytes
  6635 ;; Hardware stack levels used: 1
  6636 ;; Hardware stack levels required when called: 2
  6637 ;; This function calls:
  6638 ;;		_CLOCK_Initialize
  6639 ;;		_INTERRUPT_Initialize
  6640 ;;		_PIN_MANAGER_Initialize
  6641 ;;		_UART2_Initialize
  6642 ;; This function is called by:
  6643 ;;		_main
  6644 ;; This function uses a non-reentrant model
  6645 ;;
  6646                           
  6647                           	psect	text16
  6648   002902                     __ptext16:
  6649                           	callstack 0
  6650   002902                     _SYSTEM_Initialize:
  6651                           	callstack 28
  6652   002902                     
  6653                           ;mcc_generated_files/system/src/system.c: 42:     CLOCK_Initialize();
  6654   002902  EC8A  F014         	call	_CLOCK_Initialize	;wreg free
  6655                           
  6656                           ;mcc_generated_files/system/src/system.c: 43:     PIN_MANAGER_Initialize();
  6657   002906  EC7A  F012         	call	_PIN_MANAGER_Initialize	;wreg free
  6658   00290A                     
  6659                           ;mcc_generated_files/system/src/system.c: 44:     UART2_Initialize();
  6660   00290A  EC56  F013         	call	_UART2_Initialize	;wreg free
  6661   00290E                     
  6662                           ;mcc_generated_files/system/src/system.c: 45:     INTERRUPT_Initialize();
  6663   00290E  ECA8  F013         	call	_INTERRUPT_Initialize	;wreg free
  6664   002912  0012               	return		;funcret
  6665   002914                     __end_of_SYSTEM_Initialize:
  6666                           	callstack 0
  6667                           
  6668 ;; *************** function _UART2_Initialize *****************
  6669 ;; Defined at:
  6670 ;;		line 100 in file "mcc_generated_files/uart/src/uart2.c"
  6671 ;; Parameters:    Size  Location     Type
  6672 ;;		None
  6673 ;; Auto vars:     Size  Location     Type
  6674 ;;		None
  6675 ;; Return value:  Size  Location     Type
  6676 ;;                  1    wreg      void 
  6677 ;; Registers used:
  6678 ;;		wreg, status,2, status,0, cstack
  6679 ;; Tracked objects:
  6680 ;;		On entry : 0/0
  6681 ;;		On exit  : 0/0
  6682 ;;		Unchanged: 0/0
  6683 ;; Data sizes:     COMRAM   BANK0   BANK1   BANK2   BANK3   BANK4   BANK5   BANK6   BANK7   BANK8   BANK9  BANK10  BANK1
      +1  BANK12  BANK13  BANK14  BANK15  BANK16  BANK17  BANK18  BANK19  BANK20  BANK21  BANK22  BANK23  BANK24  BANK25  BANK2
      +6  BANK27  BANK28  BANK29  BANK30  BANK31
  6684 ;;      Params:         0       0       0       0       0       0       0       0       0       0       0       0       
      +0       0       0       0       0       0       0       0       0       0       0       0       0       0       0       
      +0       0       0       0       0       0
  6685 ;;      Locals:         0       0       0       0       0       0       0       0       0       0       0       0       
      +0       0       0       0       0       0       0       0       0       0       0       0       0       0       0       
      +0       0       0       0       0       0
  6686 ;;      Temps:          0       0       0       0       0       0       0       0       0       0       0       0       
      +0       0       0       0       0       0       0       0       0       0       0       0       0       0       0       
      +0       0       0       0       0       0
  6687 ;;      Totals:         0       0       0       0       0       0       0       0       0       0       0       0       
      +0       0       0       0       0       0       0       0       0       0       0       0       0       0       0       
      +0       0       0       0       0       0
  6688 ;;Total ram usage:        0 bytes
  6689 ;; Hardware stack levels used: 1
  6690 ;; This function calls:
  6691 ;;		_UART2_FramingErrorCallbackRegister
  6692 ;;		_UART2_OverrunErrorCallbackRegister
  6693 ;;		_UART2_ParityErrorCallbackRegister
  6694 ;; This function is called by:
  6695 ;;		_SYSTEM_Initialize
  6696 ;;		_main
  6697 ;; This function uses a non-reentrant model
  6698 ;;
  6699                           
  6700                           	psect	text17
  6701   0026AC                     __ptext17:
  6702                           	callstack 0
  6703   0026AC                     _UART2_Initialize:
  6704                           	callstack 29
  6705   0026AC                     
  6706                           ;mcc_generated_files/uart/src/uart2.c: 106:     U2P1L = 0x0;
  6707   0026AC  013D               	movlb	61	; () banked
  6708   0026AE  6BD4               	clrf	212,b	;volatile
  6709                           
  6710                           ;mcc_generated_files/uart/src/uart2.c: 108:     U2P2L = 0x0;
  6711   0026B0  6BD6               	clrf	214,b	;volatile
  6712                           
  6713                           ;mcc_generated_files/uart/src/uart2.c: 110:     U2P3L = 0x0;
  6714   0026B2  6BD8               	clrf	216,b	;volatile
  6715   0026B4                     
  6716                           ; BSR set to: 61
  6717                           ;mcc_generated_files/uart/src/uart2.c: 112:     U2CON0 = 0xB0;
  6718   0026B4  0EB0               	movlw	176
  6719   0026B6  6FDA               	movwf	218,b	;volatile
  6720                           
  6721                           ;mcc_generated_files/uart/src/uart2.c: 114:     U2CON1 = 0x80;
  6722   0026B8  0E80               	movlw	128
  6723   0026BA  6FDB               	movwf	219,b	;volatile
  6724   0026BC                     
  6725                           ; BSR set to: 61
  6726                           ;mcc_generated_files/uart/src/uart2.c: 116:     U2CON2 = 0x0;
  6727   0026BC  6BDC               	clrf	220,b	;volatile
  6728                           
  6729                           ;mcc_generated_files/uart/src/uart2.c: 118:     U2BRGL = 0x82;
  6730   0026BE  0E82               	movlw	130
  6731   0026C0  6FDD               	movwf	221,b	;volatile
  6732                           
  6733                           ;mcc_generated_files/uart/src/uart2.c: 120:     U2BRGH = 0x6;
  6734   0026C2  0E06               	movlw	6
  6735   0026C4  6FDE               	movwf	222,b	;volatile
  6736                           
  6737                           ;mcc_generated_files/uart/src/uart2.c: 122:     U2FIFO = 0x2E;
  6738   0026C6  0E2E               	movlw	46
  6739   0026C8  6FDF               	movwf	223,b	;volatile
  6740   0026CA                     
  6741                           ; BSR set to: 61
  6742                           ;mcc_generated_files/uart/src/uart2.c: 124:     U2UIR = 0x0;
  6743   0026CA  6BE0               	clrf	224,b	;volatile
  6744                           
  6745                           ;mcc_generated_files/uart/src/uart2.c: 126:     U2ERRIR = 0x80;
  6746   0026CC  0E80               	movlw	128
  6747   0026CE  6FE1               	movwf	225,b	;volatile
  6748   0026D0                     
  6749                           ; BSR set to: 61
  6750                           ;mcc_generated_files/uart/src/uart2.c: 128:     U2ERRIE = 0x0;
  6751   0026D0  6BE2               	clrf	226,b	;volatile
  6752   0026D2                     
  6753                           ; BSR set to: 61
  6754                           ;mcc_generated_files/uart/src/uart2.c: 130:     UART2_FramingErrorCallbackRegister(UART2
      +                          _DefaultFramingErrorCallback);
  6755   0026D2  0E00               	movlw	0
  6756   0026D4  6E01               	movwf	UART2_FramingErrorCallbackRegister@callbackHandler^0,c
  6757   0026D6  0E00               	movlw	0
  6758   0026D8  6E02               	movwf	(UART2_FramingErrorCallbackRegister@callbackHandler+1)^0,c
  6759   0026DA  0E00               	movlw	0
  6760   0026DC  6E03               	movwf	(UART2_FramingErrorCallbackRegister@callbackHandler+2)^0,c
  6761   0026DE  EC37  F014         	call	_UART2_FramingErrorCallbackRegister	;wreg free
  6762   0026E2                     
  6763                           ;mcc_generated_files/uart/src/uart2.c: 131:     UART2_OverrunErrorCallbackRegister(UART2
      +                          _DefaultOverrunErrorCallback);
  6764   0026E2  0E00               	movlw	0
  6765   0026E4  6E01               	movwf	UART2_OverrunErrorCallbackRegister@callbackHandler^0,c
  6766   0026E6  0E00               	movlw	0
  6767   0026E8  6E02               	movwf	(UART2_OverrunErrorCallbackRegister@callbackHandler+1)^0,c
  6768   0026EA  0E00               	movlw	0
  6769   0026EC  6E03               	movwf	(UART2_OverrunErrorCallbackRegister@callbackHandler+2)^0,c
  6770   0026EE  EC26  F014         	call	_UART2_OverrunErrorCallbackRegister	;wreg free
  6771   0026F2                     
  6772                           ;mcc_generated_files/uart/src/uart2.c: 132:     UART2_ParityErrorCallbackRegister(UART2_
      +                          DefaultParityErrorCallback);
  6773   0026F2  0E00               	movlw	0
  6774   0026F4  6E01               	movwf	UART2_ParityErrorCallbackRegister@callbackHandler^0,c
  6775   0026F6  0E00               	movlw	0
  6776   0026F8  6E02               	movwf	(UART2_ParityErrorCallbackRegister@callbackHandler+1)^0,c
  6777   0026FA  0E00               	movlw	0
  6778   0026FC  6E03               	movwf	(UART2_ParityErrorCallbackRegister@callbackHandler+2)^0,c
  6779   0026FE  EC15  F014         	call	_UART2_ParityErrorCallbackRegister	;wreg free
  6780   002702                     
  6781                           ;mcc_generated_files/uart/src/uart2.c: 134:     uart2RxLastError.status = 0;
  6782   002702  6A4B               	clrf	(_uart2RxLastError+1)^0,c	;volatile
  6783   002704  0E00               	movlw	0
  6784   002706  6E4A               	movwf	_uart2RxLastError^0,c	;volatile
  6785   002708  0012               	return		;funcret
  6786   00270A                     __end_of_UART2_Initialize:
  6787                           	callstack 0
  6788                           
  6789 ;; *************** function _UART2_ParityErrorCallbackRegister *****************
  6790 ;; Defined at:
  6791 ;;		line 340 in file "mcc_generated_files/uart/src/uart2.c"
  6792 ;; Parameters:    Size  Location     Type
  6793 ;;  callbackHand    3    0[COMRAM] PTR FTN()void 
  6794 ;;		 -> UART2_DefaultParityErrorCallback(1), 
  6795 ;; Auto vars:     Size  Location     Type
  6796 ;;		None
  6797 ;; Return value:  Size  Location     Type
  6798 ;;                  1    wreg      void 
  6799 ;; Registers used:
  6800 ;;		wreg, status,2, status,0
  6801 ;; Tracked objects:
  6802 ;;		On entry : 0/0
  6803 ;;		On exit  : 0/0
  6804 ;;		Unchanged: 0/0
  6805 ;; Data sizes:     COMRAM   BANK0   BANK1   BANK2   BANK3   BANK4   BANK5   BANK6   BANK7   BANK8   BANK9  BANK10  BANK1
      +1  BANK12  BANK13  BANK14  BANK15  BANK16  BANK17  BANK18  BANK19  BANK20  BANK21  BANK22  BANK23  BANK24  BANK25  BANK2
      +6  BANK27  BANK28  BANK29  BANK30  BANK31
  6806 ;;      Params:         3       0       0       0       0       0       0       0       0       0       0       0       
      +0       0       0       0       0       0       0       0       0       0       0       0       0       0       0       
      +0       0       0       0       0       0
  6807 ;;      Locals:         0       0       0       0       0       0       0       0       0       0       0       0       
      +0       0       0       0       0       0       0       0       0       0       0       0       0       0       0       
      +0       0       0       0       0       0
  6808 ;;      Temps:          0       0       0       0       0       0       0       0       0       0       0       0       
      +0       0       0       0       0       0       0       0       0       0       0       0       0       0       0       
      +0       0       0       0       0       0
  6809 ;;      Totals:         3       0       0       0       0       0       0       0       0       0       0       0       
      +0       0       0       0       0       0       0       0       0       0       0       0       0       0       0       
      +0       0       0       0       0       0
  6810 ;;Total ram usage:        3 bytes
  6811 ;; Hardware stack levels used: 1
  6812 ;; This function calls:
  6813 ;;		Nothing
  6814 ;; This function is called by:
  6815 ;;		_UART2_Initialize
  6816 ;; This function uses a non-reentrant model
  6817 ;;
  6818                           
  6819                           	psect	text18
  6820   00282A                     __ptext18:
  6821                           	callstack 0
  6822   00282A                     _UART2_ParityErrorCallbackRegister:
  6823                           	callstack 28
  6824   00282A                     
  6825                           ;mcc_generated_files/uart/src/uart2.c: 340: void UART2_ParityErrorCallbackRegister(void 
      +                          (* callbackHandler)(void));mcc_generated_files/uart/src/uart2.c: 341: {;mcc_generated_fi
      +                          les/uart/src/uart2.c: 342:     if(((void*)0) != callbackHandler)
  6826   00282A  5001               	movf	UART2_ParityErrorCallbackRegister@callbackHandler^0,w,c
  6827   00282C  1002               	iorwf	(UART2_ParityErrorCallbackRegister@callbackHandler+1)^0,w,c
  6828   00282E  1003               	iorwf	(UART2_ParityErrorCallbackRegister@callbackHandler+2)^0,w,c
  6829   002830  B4D8               	btfsc	status,2,c
  6830   002832  EF1D  F014         	goto	u811
  6831   002836  EF1F  F014         	goto	u810
  6832   00283A                     u811:
  6833   00283A  EF25  F014         	goto	l277
  6834   00283E                     u810:
  6835   00283E                     
  6836                           ;mcc_generated_files/uart/src/uart2.c: 343:     {;mcc_generated_files/uart/src/uart2.c: 
      +                          344:         UART2_ParityErrorHandler = callbackHandler;
  6837   00283E  C001  F034         	movff	UART2_ParityErrorCallbackRegister@callbackHandler,_UART2_ParityErrorHandler
  6838   002842  C002  F035         	movff	UART2_ParityErrorCallbackRegister@callbackHandler+1,_UART2_ParityErrorHandler+1
  6839   002846  C003  F036         	movff	UART2_ParityErrorCallbackRegister@callbackHandler+2,_UART2_ParityErrorHandler+2
  6840   00284A                     l277:
  6841   00284A  0012               	return		;funcret
  6842   00284C                     __end_of_UART2_ParityErrorCallbackRegister:
  6843                           	callstack 0
  6844                           
  6845 ;; *************** function _UART2_OverrunErrorCallbackRegister *****************
  6846 ;; Defined at:
  6847 ;;		line 332 in file "mcc_generated_files/uart/src/uart2.c"
  6848 ;; Parameters:    Size  Location     Type
  6849 ;;  callbackHand    3    0[COMRAM] PTR FTN()void 
  6850 ;;		 -> UART2_DefaultOverrunErrorCallback(1), 
  6851 ;; Auto vars:     Size  Location     Type
  6852 ;;		None
  6853 ;; Return value:  Size  Location     Type
  6854 ;;                  1    wreg      void 
  6855 ;; Registers used:
  6856 ;;		wreg, status,2, status,0
  6857 ;; Tracked objects:
  6858 ;;		On entry : 0/0
  6859 ;;		On exit  : 0/0
  6860 ;;		Unchanged: 0/0
  6861 ;; Data sizes:     COMRAM   BANK0   BANK1   BANK2   BANK3   BANK4   BANK5   BANK6   BANK7   BANK8   BANK9  BANK10  BANK1
      +1  BANK12  BANK13  BANK14  BANK15  BANK16  BANK17  BANK18  BANK19  BANK20  BANK21  BANK22  BANK23  BANK24  BANK25  BANK2
      +6  BANK27  BANK28  BANK29  BANK30  BANK31
  6862 ;;      Params:         3       0       0       0       0       0       0       0       0       0       0       0       
      +0       0       0       0       0       0       0       0       0       0       0       0       0       0       0       
      +0       0       0       0       0       0
  6863 ;;      Locals:         0       0       0       0       0       0       0       0       0       0       0       0       
      +0       0       0       0       0       0       0       0       0       0       0       0       0       0       0       
      +0       0       0       0       0       0
  6864 ;;      Temps:          0       0       0       0       0       0       0       0       0       0       0       0       
      +0       0       0       0       0       0       0       0       0       0       0       0       0       0       0       
      +0       0       0       0       0       0
  6865 ;;      Totals:         3       0       0       0       0       0       0       0       0       0       0       0       
      +0       0       0       0       0       0       0       0       0       0       0       0       0       0       0       
      +0       0       0       0       0       0
  6866 ;;Total ram usage:        3 bytes
  6867 ;; Hardware stack levels used: 1
  6868 ;; This function calls:
  6869 ;;		Nothing
  6870 ;; This function is called by:
  6871 ;;		_UART2_Initialize
  6872 ;; This function uses a non-reentrant model
  6873 ;;
  6874                           
  6875                           	psect	text19
  6876   00284C                     __ptext19:
  6877                           	callstack 0
  6878   00284C                     _UART2_OverrunErrorCallbackRegister:
  6879                           	callstack 28
  6880   00284C                     
  6881                           ;mcc_generated_files/uart/src/uart2.c: 332: void UART2_OverrunErrorCallbackRegister(void
      +                           (* callbackHandler)(void));mcc_generated_files/uart/src/uart2.c: 333: {;mcc_generated_f
      +                          iles/uart/src/uart2.c: 334:     if(((void*)0) != callbackHandler)
  6882   00284C  5001               	movf	UART2_OverrunErrorCallbackRegister@callbackHandler^0,w,c
  6883   00284E  1002               	iorwf	(UART2_OverrunErrorCallbackRegister@callbackHandler+1)^0,w,c
  6884   002850  1003               	iorwf	(UART2_OverrunErrorCallbackRegister@callbackHandler+2)^0,w,c
  6885   002852  B4D8               	btfsc	status,2,c
  6886   002854  EF2E  F014         	goto	u801
  6887   002858  EF30  F014         	goto	u800
  6888   00285C                     u801:
  6889   00285C  EF36  F014         	goto	l273
  6890   002860                     u800:
  6891   002860                     
  6892                           ;mcc_generated_files/uart/src/uart2.c: 335:     {;mcc_generated_files/uart/src/uart2.c: 
      +                          336:         UART2_OverrunErrorHandler = callbackHandler;
  6893   002860  C001  F037         	movff	UART2_OverrunErrorCallbackRegister@callbackHandler,_UART2_OverrunErrorHandler
  6894   002864  C002  F038         	movff	UART2_OverrunErrorCallbackRegister@callbackHandler+1,_UART2_OverrunErrorHandler+1
  6895   002868  C003  F039         	movff	UART2_OverrunErrorCallbackRegister@callbackHandler+2,_UART2_OverrunErrorHandler+2
  6896   00286C                     l273:
  6897   00286C  0012               	return		;funcret
  6898   00286E                     __end_of_UART2_OverrunErrorCallbackRegister:
  6899                           	callstack 0
  6900                           
  6901 ;; *************** function _UART2_FramingErrorCallbackRegister *****************
  6902 ;; Defined at:
  6903 ;;		line 324 in file "mcc_generated_files/uart/src/uart2.c"
  6904 ;; Parameters:    Size  Location     Type
  6905 ;;  callbackHand    3    0[COMRAM] PTR FTN()void 
  6906 ;;		 -> UART2_DefaultFramingErrorCallback(1), 
  6907 ;; Auto vars:     Size  Location     Type
  6908 ;;		None
  6909 ;; Return value:  Size  Location     Type
  6910 ;;                  1    wreg      void 
  6911 ;; Registers used:
  6912 ;;		wreg, status,2, status,0
  6913 ;; Tracked objects:
  6914 ;;		On entry : 0/0
  6915 ;;		On exit  : 0/0
  6916 ;;		Unchanged: 0/0
  6917 ;; Data sizes:     COMRAM   BANK0   BANK1   BANK2   BANK3   BANK4   BANK5   BANK6   BANK7   BANK8   BANK9  BANK10  BANK1
      +1  BANK12  BANK13  BANK14  BANK15  BANK16  BANK17  BANK18  BANK19  BANK20  BANK21  BANK22  BANK23  BANK24  BANK25  BANK2
      +6  BANK27  BANK28  BANK29  BANK30  BANK31
  6918 ;;      Params:         3       0       0       0       0       0       0       0       0       0       0       0       
      +0       0       0       0       0       0       0       0       0       0       0       0       0       0       0       
      +0       0       0       0       0       0
  6919 ;;      Locals:         0       0       0       0       0       0       0       0       0       0       0       0       
      +0       0       0       0       0       0       0       0       0       0       0       0       0       0       0       
      +0       0       0       0       0       0
  6920 ;;      Temps:          0       0       0       0       0       0       0       0       0       0       0       0       
      +0       0       0       0       0       0       0       0       0       0       0       0       0       0       0       
      +0       0       0       0       0       0
  6921 ;;      Totals:         3       0       0       0       0       0       0       0       0       0       0       0       
      +0       0       0       0       0       0       0       0       0       0       0       0       0       0       0       
      +0       0       0       0       0       0
  6922 ;;Total ram usage:        3 bytes
  6923 ;; Hardware stack levels used: 1
  6924 ;; This function calls:
  6925 ;;		Nothing
  6926 ;; This function is called by:
  6927 ;;		_UART2_Initialize
  6928 ;; This function uses a non-reentrant model
  6929 ;;
  6930                           
  6931                           	psect	text20
  6932   00286E                     __ptext20:
  6933                           	callstack 0
  6934   00286E                     _UART2_FramingErrorCallbackRegister:
  6935                           	callstack 28
  6936   00286E                     
  6937                           ;mcc_generated_files/uart/src/uart2.c: 324: void UART2_FramingErrorCallbackRegister(void
      +                           (* callbackHandler)(void));mcc_generated_files/uart/src/uart2.c: 325: {;mcc_generated_f
      +                          iles/uart/src/uart2.c: 326:     if(((void*)0) != callbackHandler)
  6938   00286E  5001               	movf	UART2_FramingErrorCallbackRegister@callbackHandler^0,w,c
  6939   002870  1002               	iorwf	(UART2_FramingErrorCallbackRegister@callbackHandler+1)^0,w,c
  6940   002872  1003               	iorwf	(UART2_FramingErrorCallbackRegister@callbackHandler+2)^0,w,c
  6941   002874  B4D8               	btfsc	status,2,c
  6942   002876  EF3F  F014         	goto	u791
  6943   00287A  EF41  F014         	goto	u790
  6944   00287E                     u791:
  6945   00287E  EF47  F014         	goto	l269
  6946   002882                     u790:
  6947   002882                     
  6948                           ;mcc_generated_files/uart/src/uart2.c: 327:     {;mcc_generated_files/uart/src/uart2.c: 
      +                          328:         UART2_FramingErrorHandler = callbackHandler;
  6949   002882  C001  F03A         	movff	UART2_FramingErrorCallbackRegister@callbackHandler,_UART2_FramingErrorHandler
  6950   002886  C002  F03B         	movff	UART2_FramingErrorCallbackRegister@callbackHandler+1,_UART2_FramingErrorHandler+1
  6951   00288A  C003  F03C         	movff	UART2_FramingErrorCallbackRegister@callbackHandler+2,_UART2_FramingErrorHandler+2
  6952   00288E                     l269:
  6953   00288E  0012               	return		;funcret
  6954   002890                     __end_of_UART2_FramingErrorCallbackRegister:
  6955                           	callstack 0
  6956                           
  6957 ;; *************** function _PIN_MANAGER_Initialize *****************
  6958 ;; Defined at:
  6959 ;;		line 38 in file "mcc_generated_files/system/src/pins.c"
  6960 ;; Parameters:    Size  Location     Type
  6961 ;;		None
  6962 ;; Auto vars:     Size  Location     Type
  6963 ;;		None
  6964 ;; Return value:  Size  Location     Type
  6965 ;;                  1    wreg      void 
  6966 ;; Registers used:
  6967 ;;		wreg, status,2
  6968 ;; Tracked objects:
  6969 ;;		On entry : 0/0
  6970 ;;		On exit  : 0/0
  6971 ;;		Unchanged: 0/0
  6972 ;; Data sizes:     COMRAM   BANK0   BANK1   BANK2   BANK3   BANK4   BANK5   BANK6   BANK7   BANK8   BANK9  BANK10  BANK1
      +1  BANK12  BANK13  BANK14  BANK15  BANK16  BANK17  BANK18  BANK19  BANK20  BANK21  BANK22  BANK23  BANK24  BANK25  BANK2
      +6  BANK27  BANK28  BANK29  BANK30  BANK31
  6973 ;;      Params:         0       0       0       0       0       0       0       0       0       0       0       0       
      +0       0       0       0       0       0       0       0       0       0       0       0       0       0       0       
      +0       0       0       0       0       0
  6974 ;;      Locals:         0       0       0       0       0       0       0       0       0       0       0       0       
      +0       0       0       0       0       0       0       0       0       0       0       0       0       0       0       
      +0       0       0       0       0       0
  6975 ;;      Temps:          0       0       0       0       0       0       0       0       0       0       0       0       
      +0       0       0       0       0       0       0       0       0       0       0       0       0       0       0       
      +0       0       0       0       0       0
  6976 ;;      Totals:         0       0       0       0       0       0       0       0       0       0       0       0       
      +0       0       0       0       0       0       0       0       0       0       0       0       0       0       0       
      +0       0       0       0       0       0
  6977 ;;Total ram usage:        0 bytes
  6978 ;; Hardware stack levels used: 1
  6979 ;; This function calls:
  6980 ;;		Nothing
  6981 ;; This function is called by:
  6982 ;;		_SYSTEM_Initialize
  6983 ;; This function uses a non-reentrant model
  6984 ;;
  6985                           
  6986                           	psect	text21
  6987   0024F4                     __ptext21:
  6988                           	callstack 0
  6989   0024F4                     _PIN_MANAGER_Initialize:
  6990                           	callstack 29
  6991   0024F4                     
  6992                           ;mcc_generated_files/system/src/pins.c: 43:     LATA = 0x0;
  6993   0024F4  6ABA               	clrf	186,c	;volatile
  6994                           
  6995                           ;mcc_generated_files/system/src/pins.c: 44:     LATB = 0x0;
  6996   0024F6  6ABB               	clrf	187,c	;volatile
  6997                           
  6998                           ;mcc_generated_files/system/src/pins.c: 45:     LATC = 0x0;
  6999   0024F8  6ABC               	clrf	188,c	;volatile
  7000                           
  7001                           ;mcc_generated_files/system/src/pins.c: 46:     LATD = 0x0;
  7002   0024FA  6ABD               	clrf	189,c	;volatile
  7003                           
  7004                           ;mcc_generated_files/system/src/pins.c: 47:     LATE = 0x0;
  7005   0024FC  6ABE               	clrf	190,c	;volatile
  7006                           
  7007                           ;mcc_generated_files/system/src/pins.c: 51:     ODCONA = 0x0;
  7008   0024FE  013A               	movlb	58	; () banked
  7009   002500  6B42               	clrf	66,b	;volatile
  7010                           
  7011                           ;mcc_generated_files/system/src/pins.c: 52:     ODCONB = 0x0;
  7012   002502  6B52               	clrf	82,b	;volatile
  7013                           
  7014                           ;mcc_generated_files/system/src/pins.c: 53:     ODCONC = 0x0;
  7015   002504  6B62               	clrf	98,b	;volatile
  7016                           
  7017                           ;mcc_generated_files/system/src/pins.c: 54:     ODCOND = 0x0;
  7018   002506  6B72               	clrf	114,b	;volatile
  7019                           
  7020                           ;mcc_generated_files/system/src/pins.c: 55:     ODCONE = 0x0;
  7021   002508  6B82               	clrf	130,b	;volatile
  7022                           
  7023                           ;mcc_generated_files/system/src/pins.c: 60:     TRISA = 0xFF;
  7024   00250A  68C2               	setf	194,c	;volatile
  7025                           
  7026                           ;mcc_generated_files/system/src/pins.c: 61:     TRISB = 0xFF;
  7027   00250C  68C3               	setf	195,c	;volatile
  7028                           
  7029                           ;mcc_generated_files/system/src/pins.c: 62:     TRISC = 0xFF;
  7030   00250E  68C4               	setf	196,c	;volatile
  7031   002510                     
  7032                           ; BSR set to: 58
  7033                           ;mcc_generated_files/system/src/pins.c: 63:     TRISD = 0xFE;
  7034   002510  0EFE               	movlw	254
  7035   002512  6EC5               	movwf	197,c	;volatile
  7036                           
  7037                           ;mcc_generated_files/system/src/pins.c: 64:     TRISE = 0x7;
  7038   002514  0E07               	movlw	7
  7039   002516  6EC6               	movwf	198,c	;volatile
  7040   002518                     
  7041                           ; BSR set to: 58
  7042                           ;mcc_generated_files/system/src/pins.c: 69:     ANSELA = 0xFF;
  7043   002518  6940               	setf	64,b	;volatile
  7044   00251A                     
  7045                           ; BSR set to: 58
  7046                           ;mcc_generated_files/system/src/pins.c: 70:     ANSELB = 0xFF;
  7047   00251A  6950               	setf	80,b	;volatile
  7048   00251C                     
  7049                           ; BSR set to: 58
  7050                           ;mcc_generated_files/system/src/pins.c: 71:     ANSELC = 0xFF;
  7051   00251C  6960               	setf	96,b	;volatile
  7052                           
  7053                           ;mcc_generated_files/system/src/pins.c: 72:     ANSELD = 0xFC;
  7054   00251E  0EFC               	movlw	252
  7055   002520  6F70               	movwf	112,b	;volatile
  7056                           
  7057                           ;mcc_generated_files/system/src/pins.c: 73:     ANSELE = 0x7;
  7058   002522  0E07               	movlw	7
  7059   002524  6F80               	movwf	128,b	;volatile
  7060   002526                     
  7061                           ; BSR set to: 58
  7062                           ;mcc_generated_files/system/src/pins.c: 78:     WPUA = 0x0;
  7063   002526  6B41               	clrf	65,b	;volatile
  7064   002528                     
  7065                           ; BSR set to: 58
  7066                           ;mcc_generated_files/system/src/pins.c: 79:     WPUB = 0x0;
  7067   002528  6B51               	clrf	81,b	;volatile
  7068   00252A                     
  7069                           ; BSR set to: 58
  7070                           ;mcc_generated_files/system/src/pins.c: 80:     WPUC = 0x0;
  7071   00252A  6B61               	clrf	97,b	;volatile
  7072   00252C                     
  7073                           ; BSR set to: 58
  7074                           ;mcc_generated_files/system/src/pins.c: 81:     WPUD = 0x0;
  7075   00252C  6B71               	clrf	113,b	;volatile
  7076   00252E                     
  7077                           ; BSR set to: 58
  7078                           ;mcc_generated_files/system/src/pins.c: 82:     WPUE = 0x0;
  7079   00252E  6B81               	clrf	129,b	;volatile
  7080   002530                     
  7081                           ; BSR set to: 58
  7082                           ;mcc_generated_files/system/src/pins.c: 88:     SLRCONA = 0xFF;
  7083   002530  6943               	setf	67,b	;volatile
  7084   002532                     
  7085                           ; BSR set to: 58
  7086                           ;mcc_generated_files/system/src/pins.c: 89:     SLRCONB = 0xFF;
  7087   002532  6953               	setf	83,b	;volatile
  7088   002534                     
  7089                           ; BSR set to: 58
  7090                           ;mcc_generated_files/system/src/pins.c: 90:     SLRCONC = 0xFF;
  7091   002534  6963               	setf	99,b	;volatile
  7092   002536                     
  7093                           ; BSR set to: 58
  7094                           ;mcc_generated_files/system/src/pins.c: 91:     SLRCOND = 0xFF;
  7095   002536  6973               	setf	115,b	;volatile
  7096                           
  7097                           ;mcc_generated_files/system/src/pins.c: 92:     SLRCONE = 0x7;
  7098   002538  0E07               	movlw	7
  7099   00253A  6F83               	movwf	131,b	;volatile
  7100   00253C                     
  7101                           ; BSR set to: 58
  7102                           ;mcc_generated_files/system/src/pins.c: 97:     INLVLA = 0xFF;
  7103   00253C  6944               	setf	68,b	;volatile
  7104   00253E                     
  7105                           ; BSR set to: 58
  7106                           ;mcc_generated_files/system/src/pins.c: 98:     INLVLB = 0xFF;
  7107   00253E  6954               	setf	84,b	;volatile
  7108   002540                     
  7109                           ; BSR set to: 58
  7110                           ;mcc_generated_files/system/src/pins.c: 99:     INLVLC = 0xFF;
  7111   002540  6964               	setf	100,b	;volatile
  7112   002542                     
  7113                           ; BSR set to: 58
  7114                           ;mcc_generated_files/system/src/pins.c: 100:     INLVLD = 0xFF;
  7115   002542  6974               	setf	116,b	;volatile
  7116                           
  7117                           ;mcc_generated_files/system/src/pins.c: 101:     INLVLE = 0xF;
  7118   002544  0E0F               	movlw	15
  7119   002546  6F84               	movwf	132,b	;volatile
  7120   002548                     
  7121                           ; BSR set to: 58
  7122                           ;mcc_generated_files/system/src/pins.c: 106:     RB1I2C = 0x0;
  7123   002548  6B5A               	clrf	90,b	;volatile
  7124   00254A                     
  7125                           ; BSR set to: 58
  7126                           ;mcc_generated_files/system/src/pins.c: 107:     RB2I2C = 0x0;
  7127   00254A  6B5B               	clrf	91,b	;volatile
  7128   00254C                     
  7129                           ; BSR set to: 58
  7130                           ;mcc_generated_files/system/src/pins.c: 108:     RC3I2C = 0x0;
  7131   00254C  6B6A               	clrf	106,b	;volatile
  7132   00254E                     
  7133                           ; BSR set to: 58
  7134                           ;mcc_generated_files/system/src/pins.c: 109:     RC4I2C = 0x0;
  7135   00254E  6B6B               	clrf	107,b	;volatile
  7136   002550                     
  7137                           ; BSR set to: 58
  7138                           ;mcc_generated_files/system/src/pins.c: 110:     RD0I2C = 0x0;
  7139   002550  6B7A               	clrf	122,b	;volatile
  7140   002552                     
  7141                           ; BSR set to: 58
  7142                           ;mcc_generated_files/system/src/pins.c: 111:     RD1I2C = 0x0;
  7143   002552  6B7B               	clrf	123,b	;volatile
  7144                           
  7145                           ;mcc_generated_files/system/src/pins.c: 115:     U2RXPPS = 0x19;
  7146   002554  0E19               	movlw	25
  7147   002556  6FE8               	movwf	232,b	;volatile
  7148                           
  7149                           ;mcc_generated_files/system/src/pins.c: 116:     RD0PPS = 0x16;
  7150   002558  0E16               	movlw	22
  7151   00255A  6F18               	movwf	24,b	;volatile
  7152   00255C                     
  7153                           ; BSR set to: 58
  7154                           ;mcc_generated_files/system/src/pins.c: 121:     IOCAP = 0x0;
  7155   00255C  6B45               	clrf	69,b	;volatile
  7156   00255E                     
  7157                           ; BSR set to: 58
  7158                           ;mcc_generated_files/system/src/pins.c: 122:     IOCAN = 0x0;
  7159   00255E  6B46               	clrf	70,b	;volatile
  7160   002560                     
  7161                           ; BSR set to: 58
  7162                           ;mcc_generated_files/system/src/pins.c: 123:     IOCAF = 0x0;
  7163   002560  6B47               	clrf	71,b	;volatile
  7164   002562                     
  7165                           ; BSR set to: 58
  7166                           ;mcc_generated_files/system/src/pins.c: 124:     IOCBP = 0x0;
  7167   002562  6B55               	clrf	85,b	;volatile
  7168   002564                     
  7169                           ; BSR set to: 58
  7170                           ;mcc_generated_files/system/src/pins.c: 125:     IOCBN = 0x0;
  7171   002564  6B56               	clrf	86,b	;volatile
  7172   002566                     
  7173                           ; BSR set to: 58
  7174                           ;mcc_generated_files/system/src/pins.c: 126:     IOCBF = 0x0;
  7175   002566  6B57               	clrf	87,b	;volatile
  7176   002568                     
  7177                           ; BSR set to: 58
  7178                           ;mcc_generated_files/system/src/pins.c: 127:     IOCCP = 0x0;
  7179   002568  6B65               	clrf	101,b	;volatile
  7180   00256A                     
  7181                           ; BSR set to: 58
  7182                           ;mcc_generated_files/system/src/pins.c: 128:     IOCCN = 0x0;
  7183   00256A  6B66               	clrf	102,b	;volatile
  7184   00256C                     
  7185                           ; BSR set to: 58
  7186                           ;mcc_generated_files/system/src/pins.c: 129:     IOCCF = 0x0;
  7187   00256C  6B67               	clrf	103,b	;volatile
  7188   00256E                     
  7189                           ; BSR set to: 58
  7190                           ;mcc_generated_files/system/src/pins.c: 130:     IOCEP = 0x0;
  7191   00256E  6B85               	clrf	133,b	;volatile
  7192   002570                     
  7193                           ; BSR set to: 58
  7194                           ;mcc_generated_files/system/src/pins.c: 131:     IOCEN = 0x0;
  7195   002570  6B86               	clrf	134,b	;volatile
  7196   002572                     
  7197                           ; BSR set to: 58
  7198                           ;mcc_generated_files/system/src/pins.c: 132:     IOCEF = 0x0;
  7199   002572  6B87               	clrf	135,b	;volatile
  7200   002574                     
  7201                           ; BSR set to: 58
  7202   002574  0012               	return		;funcret
  7203   002576                     __end_of_PIN_MANAGER_Initialize:
  7204                           	callstack 0
  7205                           
  7206 ;; *************** function _INTERRUPT_Initialize *****************
  7207 ;; Defined at:
  7208 ;;		line 42 in file "mcc_generated_files/system/src/interrupt.c"
  7209 ;; Parameters:    Size  Location     Type
  7210 ;;		None
  7211 ;; Auto vars:     Size  Location     Type
  7212 ;;		None
  7213 ;; Return value:  Size  Location     Type
  7214 ;;                  1    wreg      void 
  7215 ;; Registers used:
  7216 ;;		wreg, status,2, status,0, cstack
  7217 ;; Tracked objects:
  7218 ;;		On entry : 0/0
  7219 ;;		On exit  : 0/0
  7220 ;;		Unchanged: 0/0
  7221 ;; Data sizes:     COMRAM   BANK0   BANK1   BANK2   BANK3   BANK4   BANK5   BANK6   BANK7   BANK8   BANK9  BANK10  BANK1
      +1  BANK12  BANK13  BANK14  BANK15  BANK16  BANK17  BANK18  BANK19  BANK20  BANK21  BANK22  BANK23  BANK24  BANK25  BANK2
      +6  BANK27  BANK28  BANK29  BANK30  BANK31
  7222 ;;      Params:         0       0       0       0       0       0       0       0       0       0       0       0       
      +0       0       0       0       0       0       0       0       0       0       0       0       0       0       0       
      +0       0       0       0       0       0
  7223 ;;      Locals:         0       0       0       0       0       0       0       0       0       0       0       0       
      +0       0       0       0       0       0       0       0       0       0       0       0       0       0       0       
      +0       0       0       0       0       0
  7224 ;;      Temps:          0       0       0       0       0       0       0       0       0       0       0       0       
      +0       0       0       0       0       0       0       0       0       0       0       0       0       0       0       
      +0       0       0       0       0       0
  7225 ;;      Totals:         0       0       0       0       0       0       0       0       0       0       0       0       
      +0       0       0       0       0       0       0       0       0       0       0       0       0       0       0       
      +0       0       0       0       0       0
  7226 ;;Total ram usage:        0 bytes
  7227 ;; Hardware stack levels used: 1
  7228 ;; Hardware stack levels required when called: 1
  7229 ;; This function calls:
  7230 ;;		_INT0_SetInterruptHandler
  7231 ;;		_INT1_SetInterruptHandler
  7232 ;;		_INT2_SetInterruptHandler
  7233 ;; This function is called by:
  7234 ;;		_SYSTEM_Initialize
  7235 ;; This function uses a non-reentrant model
  7236 ;;
  7237                           
  7238                           	psect	text22
  7239   002750                     __ptext22:
  7240                           	callstack 0
  7241   002750                     _INTERRUPT_Initialize:
  7242                           	callstack 28
  7243   002750                     
  7244                           ;mcc_generated_files/system/src/interrupt.c: 45:     INTCON0bits.IPEN = 0;
  7245   002750  9AD2               	bcf	210,5,c	;volatile
  7246                           
  7247                           ;mcc_generated_files/system/src/interrupt.c: 49:     (PIR1bits.INT0IF = 0);
  7248   002752  0139               	movlb	57	; () banked
  7249   002754  91A1               	bcf	161,0,b	;volatile
  7250                           
  7251                           ;mcc_generated_files/system/src/interrupt.c: 50:     (INTCON0bits.INT0EDG = 1);
  7252   002756  80D2               	bsf	210,0,c	;volatile
  7253   002758                     
  7254                           ; BSR set to: 57
  7255                           ;mcc_generated_files/system/src/interrupt.c: 52:     INT0_SetInterruptHandler(INT0_Defau
      +                          ltInterruptHandler);
  7256   002758  0E00               	movlw	0
  7257   00275A  6E01               	movwf	INT0_SetInterruptHandler@InterruptHandler^0,c
  7258   00275C  0E00               	movlw	0
  7259   00275E  6E02               	movwf	(INT0_SetInterruptHandler@InterruptHandler+1)^0,c
  7260   002760  0E00               	movlw	0
  7261   002762  6E03               	movwf	(INT0_SetInterruptHandler@InterruptHandler+2)^0,c
  7262   002764  ECA1  F014         	call	_INT0_SetInterruptHandler	;wreg free
  7263   002768                     
  7264                           ;mcc_generated_files/system/src/interrupt.c: 57:     (PIR5bits.INT1IF = 0);
  7265   002768  0139               	movlb	57	; () banked
  7266   00276A  91A5               	bcf	165,0,b	;volatile
  7267   00276C                     
  7268                           ; BSR set to: 57
  7269                           ;mcc_generated_files/system/src/interrupt.c: 58:     (INTCON0bits.INT1EDG = 1);
  7270   00276C  82D2               	bsf	210,1,c	;volatile
  7271                           
  7272                           ;mcc_generated_files/system/src/interrupt.c: 60:     INT1_SetInterruptHandler(INT1_Defau
      +                          ltInterruptHandler);
  7273   00276E  0E00               	movlw	0
  7274   002770  6E01               	movwf	INT1_SetInterruptHandler@InterruptHandler^0,c
  7275   002772  0E00               	movlw	0
  7276   002774  6E02               	movwf	(INT1_SetInterruptHandler@InterruptHandler+1)^0,c
  7277   002776  0E00               	movlw	0
  7278   002778  6E03               	movwf	(INT1_SetInterruptHandler@InterruptHandler+2)^0,c
  7279   00277A  EC9A  F014         	call	_INT1_SetInterruptHandler	;wreg free
  7280   00277E                     
  7281                           ;mcc_generated_files/system/src/interrupt.c: 65:     (PIR7bits.INT2IF = 0);
  7282   00277E  0139               	movlb	57	; () banked
  7283   002780  9BA7               	bcf	167,5,b	;volatile
  7284   002782                     
  7285                           ; BSR set to: 57
  7286                           ;mcc_generated_files/system/src/interrupt.c: 66:     (INTCON0bits.INT2EDG = 1);
  7287   002782  84D2               	bsf	210,2,c	;volatile
  7288                           
  7289                           ;mcc_generated_files/system/src/interrupt.c: 68:     INT2_SetInterruptHandler(INT2_Defau
      +                          ltInterruptHandler);
  7290   002784  0E00               	movlw	0
  7291   002786  6E01               	movwf	INT2_SetInterruptHandler@InterruptHandler^0,c
  7292   002788  0E00               	movlw	0
  7293   00278A  6E02               	movwf	(INT2_SetInterruptHandler@InterruptHandler+1)^0,c
  7294   00278C  0E00               	movlw	0
  7295   00278E  6E03               	movwf	(INT2_SetInterruptHandler@InterruptHandler+2)^0,c
  7296   002790  EC93  F014         	call	_INT2_SetInterruptHandler	;wreg free
  7297   002794  0012               	return		;funcret
  7298   002796                     __end_of_INTERRUPT_Initialize:
  7299                           	callstack 0
  7300                           
  7301 ;; *************** function _INT2_SetInterruptHandler *****************
  7302 ;; Defined at:
  7303 ;;		line 144 in file "mcc_generated_files/system/src/interrupt.c"
  7304 ;; Parameters:    Size  Location     Type
  7305 ;;  InterruptHan    3    0[COMRAM] PTR FTN()void 
  7306 ;;		 -> INT2_DefaultInterruptHandler(1), 
  7307 ;; Auto vars:     Size  Location     Type
  7308 ;;		None
  7309 ;; Return value:  Size  Location     Type
  7310 ;;                  1    wreg      void 
  7311 ;; Registers used:
  7312 ;;		wreg, status,2, status,0
  7313 ;; Tracked objects:
  7314 ;;		On entry : 0/0
  7315 ;;		On exit  : 0/0
  7316 ;;		Unchanged: 0/0
  7317 ;; Data sizes:     COMRAM   BANK0   BANK1   BANK2   BANK3   BANK4   BANK5   BANK6   BANK7   BANK8   BANK9  BANK10  BANK1
      +1  BANK12  BANK13  BANK14  BANK15  BANK16  BANK17  BANK18  BANK19  BANK20  BANK21  BANK22  BANK23  BANK24  BANK25  BANK2
      +6  BANK27  BANK28  BANK29  BANK30  BANK31
  7318 ;;      Params:         3       0       0       0       0       0       0       0       0       0       0       0       
      +0       0       0       0       0       0       0       0       0       0       0       0       0       0       0       
      +0       0       0       0       0       0
  7319 ;;      Locals:         0       0       0       0       0       0       0       0       0       0       0       0       
      +0       0       0       0       0       0       0       0       0       0       0       0       0       0       0       
      +0       0       0       0       0       0
  7320 ;;      Temps:          0       0       0       0       0       0       0       0       0       0       0       0       
      +0       0       0       0       0       0       0       0       0       0       0       0       0       0       0       
      +0       0       0       0       0       0
  7321 ;;      Totals:         3       0       0       0       0       0       0       0       0       0       0       0       
      +0       0       0       0       0       0       0       0       0       0       0       0       0       0       0       
      +0       0       0       0       0       0
  7322 ;;Total ram usage:        3 bytes
  7323 ;; Hardware stack levels used: 1
  7324 ;; This function calls:
  7325 ;;		Nothing
  7326 ;; This function is called by:
  7327 ;;		_INTERRUPT_Initialize
  7328 ;; This function uses a non-reentrant model
  7329 ;;
  7330                           
  7331                           	psect	text23
  7332   002926                     __ptext23:
  7333                           	callstack 0
  7334   002926                     _INT2_SetInterruptHandler:
  7335                           	callstack 28
  7336   002926                     
  7337                           ;mcc_generated_files/system/src/interrupt.c: 145:     INT2_InterruptHandler = InterruptH
      +                          andler;
  7338   002926  C001  F03D         	movff	INT2_SetInterruptHandler@InterruptHandler,_INT2_InterruptHandler
  7339   00292A  C002  F03E         	movff	INT2_SetInterruptHandler@InterruptHandler+1,_INT2_InterruptHandler+1
  7340   00292E  C003  F03F         	movff	INT2_SetInterruptHandler@InterruptHandler+2,_INT2_InterruptHandler+2
  7341   002932  0012               	return		;funcret
  7342   002934                     __end_of_INT2_SetInterruptHandler:
  7343                           	callstack 0
  7344                           
  7345 ;; *************** function _INT1_SetInterruptHandler *****************
  7346 ;; Defined at:
  7347 ;;		line 118 in file "mcc_generated_files/system/src/interrupt.c"
  7348 ;; Parameters:    Size  Location     Type
  7349 ;;  InterruptHan    3    0[COMRAM] PTR FTN()void 
  7350 ;;		 -> INT1_DefaultInterruptHandler(1), 
  7351 ;; Auto vars:     Size  Location     Type
  7352 ;;		None
  7353 ;; Return value:  Size  Location     Type
  7354 ;;                  1    wreg      void 
  7355 ;; Registers used:
  7356 ;;		wreg, status,2, status,0
  7357 ;; Tracked objects:
  7358 ;;		On entry : 0/0
  7359 ;;		On exit  : 0/0
  7360 ;;		Unchanged: 0/0
  7361 ;; Data sizes:     COMRAM   BANK0   BANK1   BANK2   BANK3   BANK4   BANK5   BANK6   BANK7   BANK8   BANK9  BANK10  BANK1
      +1  BANK12  BANK13  BANK14  BANK15  BANK16  BANK17  BANK18  BANK19  BANK20  BANK21  BANK22  BANK23  BANK24  BANK25  BANK2
      +6  BANK27  BANK28  BANK29  BANK30  BANK31
  7362 ;;      Params:         3       0       0       0       0       0       0       0       0       0       0       0       
      +0       0       0       0       0       0       0       0       0       0       0       0       0       0       0       
      +0       0       0       0       0       0
  7363 ;;      Locals:         0       0       0       0       0       0       0       0       0       0       0       0       
      +0       0       0       0       0       0       0       0       0       0       0       0       0       0       0       
      +0       0       0       0       0       0
  7364 ;;      Temps:          0       0       0       0       0       0       0       0       0       0       0       0       
      +0       0       0       0       0       0       0       0       0       0       0       0       0       0       0       
      +0       0       0       0       0       0
  7365 ;;      Totals:         3       0       0       0       0       0       0       0       0       0       0       0       
      +0       0       0       0       0       0       0       0       0       0       0       0       0       0       0       
      +0       0       0       0       0       0
  7366 ;;Total ram usage:        3 bytes
  7367 ;; Hardware stack levels used: 1
  7368 ;; This function calls:
  7369 ;;		Nothing
  7370 ;; This function is called by:
  7371 ;;		_INTERRUPT_Initialize
  7372 ;; This function uses a non-reentrant model
  7373 ;;
  7374                           
  7375                           	psect	text24
  7376   002934                     __ptext24:
  7377                           	callstack 0
  7378   002934                     _INT1_SetInterruptHandler:
  7379                           	callstack 28
  7380   002934                     
  7381                           ;mcc_generated_files/system/src/interrupt.c: 119:     INT1_InterruptHandler = InterruptH
      +                          andler;
  7382   002934  C001  F040         	movff	INT1_SetInterruptHandler@InterruptHandler,_INT1_InterruptHandler
  7383   002938  C002  F041         	movff	INT1_SetInterruptHandler@InterruptHandler+1,_INT1_InterruptHandler+1
  7384   00293C  C003  F042         	movff	INT1_SetInterruptHandler@InterruptHandler+2,_INT1_InterruptHandler+2
  7385   002940  0012               	return		;funcret
  7386   002942                     __end_of_INT1_SetInterruptHandler:
  7387                           	callstack 0
  7388                           
  7389 ;; *************** function _INT0_SetInterruptHandler *****************
  7390 ;; Defined at:
  7391 ;;		line 92 in file "mcc_generated_files/system/src/interrupt.c"
  7392 ;; Parameters:    Size  Location     Type
  7393 ;;  InterruptHan    3    0[COMRAM] PTR FTN()void 
  7394 ;;		 -> INT0_DefaultInterruptHandler(1), 
  7395 ;; Auto vars:     Size  Location     Type
  7396 ;;		None
  7397 ;; Return value:  Size  Location     Type
  7398 ;;                  1    wreg      void 
  7399 ;; Registers used:
  7400 ;;		wreg, status,2, status,0
  7401 ;; Tracked objects:
  7402 ;;		On entry : 0/0
  7403 ;;		On exit  : 0/0
  7404 ;;		Unchanged: 0/0
  7405 ;; Data sizes:     COMRAM   BANK0   BANK1   BANK2   BANK3   BANK4   BANK5   BANK6   BANK7   BANK8   BANK9  BANK10  BANK1
      +1  BANK12  BANK13  BANK14  BANK15  BANK16  BANK17  BANK18  BANK19  BANK20  BANK21  BANK22  BANK23  BANK24  BANK25  BANK2
      +6  BANK27  BANK28  BANK29  BANK30  BANK31
  7406 ;;      Params:         3       0       0       0       0       0       0       0       0       0       0       0       
      +0       0       0       0       0       0       0       0       0       0       0       0       0       0       0       
      +0       0       0       0       0       0
  7407 ;;      Locals:         0       0       0       0       0       0       0       0       0       0       0       0       
      +0       0       0       0       0       0       0       0       0       0       0       0       0       0       0       
      +0       0       0       0       0       0
  7408 ;;      Temps:          0       0       0       0       0       0       0       0       0       0       0       0       
      +0       0       0       0       0       0       0       0       0       0       0       0       0       0       0       
      +0       0       0       0       0       0
  7409 ;;      Totals:         3       0       0       0       0       0       0       0       0       0       0       0       
      +0       0       0       0       0       0       0       0       0       0       0       0       0       0       0       
      +0       0       0       0       0       0
  7410 ;;Total ram usage:        3 bytes
  7411 ;; Hardware stack levels used: 1
  7412 ;; This function calls:
  7413 ;;		Nothing
  7414 ;; This function is called by:
  7415 ;;		_INTERRUPT_Initialize
  7416 ;; This function uses a non-reentrant model
  7417 ;;
  7418                           
  7419                           	psect	text25
  7420   002942                     __ptext25:
  7421                           	callstack 0
  7422   002942                     _INT0_SetInterruptHandler:
  7423                           	callstack 28
  7424   002942                     
  7425                           ;mcc_generated_files/system/src/interrupt.c: 93:     INT0_InterruptHandler = InterruptHa
      +                          ndler;
  7426   002942  C001  F043         	movff	INT0_SetInterruptHandler@InterruptHandler,_INT0_InterruptHandler
  7427   002946  C002  F044         	movff	INT0_SetInterruptHandler@InterruptHandler+1,_INT0_InterruptHandler+1
  7428   00294A  C003  F045         	movff	INT0_SetInterruptHandler@InterruptHandler+2,_INT0_InterruptHandler+2
  7429   00294E  0012               	return		;funcret
  7430   002950                     __end_of_INT0_SetInterruptHandler:
  7431                           	callstack 0
  7432                           
  7433 ;; *************** function _CLOCK_Initialize *****************
  7434 ;; Defined at:
  7435 ;;		line 39 in file "mcc_generated_files/system/src/clock.c"
  7436 ;; Parameters:    Size  Location     Type
  7437 ;;		None
  7438 ;; Auto vars:     Size  Location     Type
  7439 ;;		None
  7440 ;; Return value:  Size  Location     Type
  7441 ;;                  1    wreg      void 
  7442 ;; Registers used:
  7443 ;;		wreg, status,2
  7444 ;; Tracked objects:
  7445 ;;		On entry : 0/0
  7446 ;;		On exit  : 0/0
  7447 ;;		Unchanged: 0/0
  7448 ;; Data sizes:     COMRAM   BANK0   BANK1   BANK2   BANK3   BANK4   BANK5   BANK6   BANK7   BANK8   BANK9  BANK10  BANK1
      +1  BANK12  BANK13  BANK14  BANK15  BANK16  BANK17  BANK18  BANK19  BANK20  BANK21  BANK22  BANK23  BANK24  BANK25  BANK2
      +6  BANK27  BANK28  BANK29  BANK30  BANK31
  7449 ;;      Params:         0       0       0       0       0       0       0       0       0       0       0       0       
      +0       0       0       0       0       0       0       0       0       0       0       0       0       0       0       
      +0       0       0       0       0       0
  7450 ;;      Locals:         0       0       0       0       0       0       0       0       0       0       0       0       
      +0       0       0       0       0       0       0       0       0       0       0       0       0       0       0       
      +0       0       0       0       0       0
  7451 ;;      Temps:          0       0       0       0       0       0       0       0       0       0       0       0       
      +0       0       0       0       0       0       0       0       0       0       0       0       0       0       0       
      +0       0       0       0       0       0
  7452 ;;      Totals:         0       0       0       0       0       0       0       0       0       0       0       0       
      +0       0       0       0       0       0       0       0       0       0       0       0       0       0       0       
      +0       0       0       0       0       0
  7453 ;;Total ram usage:        0 bytes
  7454 ;; Hardware stack levels used: 1
  7455 ;; This function calls:
  7456 ;;		Nothing
  7457 ;; This function is called by:
  7458 ;;		_SYSTEM_Initialize
  7459 ;; This function uses a non-reentrant model
  7460 ;;
  7461                           
  7462                           	psect	text26
  7463   002914                     __ptext26:
  7464                           	callstack 0
  7465   002914                     _CLOCK_Initialize:
  7466                           	callstack 29
  7467   002914                     
  7468                           ;mcc_generated_files/system/src/clock.c: 42:     OSCCON1 = (0 << 0x0)
  7469   002914  0E60               	movlw	96
  7470   002916  0139               	movlb	57	; () banked
  7471   002918  6FD9               	movwf	217,b	;volatile
  7472   00291A                     
  7473                           ; BSR set to: 57
  7474                           ;mcc_generated_files/system/src/clock.c: 44:     OSCCON3 = (0 << 0x6)
  7475   00291A  6BDB               	clrf	219,b	;volatile
  7476   00291C                     
  7477                           ; BSR set to: 57
  7478                           ;mcc_generated_files/system/src/clock.c: 46:     OSCEN = (0 << 0x7)
  7479   00291C  6BDD               	clrf	221,b	;volatile
  7480                           
  7481                           ;mcc_generated_files/system/src/clock.c: 52:     OSCFRQ = (8 << 0x0);
  7482   00291E  0E08               	movlw	8
  7483   002920  6FDF               	movwf	223,b	;volatile
  7484   002922                     
  7485                           ; BSR set to: 57
  7486                           ;mcc_generated_files/system/src/clock.c: 53:     OSCTUNE = (0 << 0x0);
  7487   002922  6BDE               	clrf	222,b	;volatile
  7488   002924                     
  7489                           ; BSR set to: 57
  7490   002924  0012               	return		;funcret
  7491   002926                     __end_of_CLOCK_Initialize:
  7492                           	callstack 0
  7493                           
  7494                           	psect	rparam
  7495   000001                     ___rparam_used  equ	1
  7496   000000                     ___param_bank   equ	0
  7497   000000                     __Lparam        equ	__Lrparam
  7498   000000                     __Hparam        equ	__Hrparam
  7499                           
  7500                           	psect	config
  7501                           
  7502                           ;Config register CONFIG1L @ 0x300000
  7503                           ;	External Oscillator Selection
  7504                           ;	FEXTOSC = ECH, EC (external clock) above 8 MHz; PFM set to high power
  7505                           ;	Reset Oscillator Selection
  7506                           ;	RSTOSC = HFINTOSC_64MHZ, HFINTOSC with HFFRQ = 64 MHz and CDIV = 1:1
  7507   300000                     	org	3145728
  7508   300000  8F                 	db	143
  7509                           
  7510                           ;Config register CONFIG1H @ 0x300001
  7511                           ;	Clock out Enable bit
  7512                           ;	CLKOUTEN = OFF, CLKOUT function is disabled
  7513                           ;	PRLOCKED One-Way Set Enable bit
  7514                           ;	PR1WAY = ON, PRLOCK bit can be cleared and set only once
  7515                           ;	Clock Switch Enable bit
  7516                           ;	CSWEN = ON, Writing to NOSC and NDIV is allowed
  7517                           ;	Fail-Safe Clock Monitor Enable bit
  7518                           ;	FCMEN = ON, Fail-Safe Clock Monitor enabled
  7519   300001                     	org	3145729
  7520   300001  FF                 	db	255
  7521                           
  7522                           ;Config register CONFIG2L @ 0x300002
  7523                           ;	MCLR Enable bit
  7524                           ;	MCLRE = EXTMCLR, If LVP = 0, MCLR pin is MCLR; If LVP = 1, RE3 pin function is MCLR
  7525                           ;	Power-up timer selection bits
  7526                           ;	PWRTS = PWRT_OFF, PWRT is disabled
  7527                           ;	Multi-vector enable bit
  7528                           ;	MVECEN = OFF, Interrupt contoller does not use vector table to prioritze interrupts
  7529                           ;	IVTLOCK bit One-way set enable bit
  7530                           ;	IVT1WAY = ON, IVTLOCK bit can be cleared and set only once
  7531                           ;	Low Power BOR Enable bit
  7532                           ;	LPBOREN = OFF, ULPBOR disabled
  7533                           ;	Brown-out Reset Enable bits
  7534                           ;	BOREN = SBORDIS, Brown-out Reset enabled , SBOREN bit is ignored
  7535   300002                     	org	3145730
  7536   300002  F7                 	db	247
  7537                           
  7538                           ;Config register CONFIG2H @ 0x300003
  7539                           ;	Brown-out Reset Voltage Selection bits
  7540                           ;	BORV = VBOR_2P45, Brown-out Reset Voltage (VBOR) set to 2.45V
  7541                           ;	ZCD Disable bit
  7542                           ;	ZCD = OFF, ZCD disabled. ZCD can be enabled by setting the ZCDSEN bit of ZCDCON
  7543                           ;	PPSLOCK bit One-Way Set Enable bit
  7544                           ;	PPS1WAY = ON, PPSLOCK bit can be cleared and set only once; PPS registers remain locke
      +                          d after one clear/set cycle
  7545                           ;	Stack Full/Underflow Reset Enable bit
  7546                           ;	STVREN = ON, Stack full/underflow will cause Reset
  7547                           ;	Debugger Enable bit
  7548                           ;	DEBUG = 0x1, unprogrammed default
  7549                           ;	Extended Instruction Set Enable bit
  7550                           ;	XINST = OFF, Extended Instruction Set and Indexed Addressing Mode disabled
  7551   300003                     	org	3145731
  7552   300003  FF                 	db	255
  7553                           
  7554                           ;Config register CONFIG3L @ 0x300004
  7555                           ;	WDT Period selection bits
  7556                           ;	WDTCPS = WDTCPS_31, Divider ratio 1:65536; software control of WDTPS
  7557                           ;	WDT operating mode
  7558                           ;	WDTE = OFF, WDT Disabled; SWDTEN is ignored
  7559   300004                     	org	3145732
  7560   300004  9F                 	db	159
  7561                           
  7562                           ;Config register CONFIG3H @ 0x300005
  7563                           ;	WDT Window Select bits
  7564                           ;	WDTCWS = WDTCWS_7, window always open (100%); software control; keyed access not requi
      +                          red
  7565                           ;	WDT input clock selector
  7566                           ;	WDTCCS = SC, Software Control
  7567   300005                     	org	3145733
  7568   300005  FF                 	db	255
  7569                           
  7570                           ;Config register CONFIG4L @ 0x300006
  7571                           ;	Boot Block Size selection bits
  7572                           ;	BBSIZE = BBSIZE_512, Boot Block size is 512 words
  7573                           ;	Boot Block enable bit
  7574                           ;	BBEN = OFF, Boot block disabled
  7575                           ;	Storage Area Flash enable bit
  7576                           ;	SAFEN = OFF, SAF disabled
  7577                           ;	Application Block write protection bit
  7578                           ;	WRTAPP = OFF, Application Block not write protected
  7579   300006                     	org	3145734
  7580   300006  FF                 	db	255
  7581                           
  7582                           ;Config register CONFIG4H @ 0x300007
  7583                           ;	Boot Block Write Protection bit
  7584                           ;	WRTB = OFF, Boot Block not write-protected
  7585                           ;	Configuration Register Write Protection bit
  7586                           ;	WRTC = OFF, Configuration registers not write-protected
  7587                           ;	Data EEPROM Write Protection bit
  7588                           ;	WRTD = OFF, Data EEPROM not write-protected
  7589                           ;	SAF Write protection bit
  7590                           ;	WRTSAF = OFF, SAF not Write Protected
  7591                           ;	Low Voltage Programming Enable bit
  7592                           ;	LVP = ON, Low voltage programming enabled. MCLR/VPP pin function is MCLR. MCLRE config
      +                          uration bit is ignored
  7593   300007                     	org	3145735
  7594   300007  FF                 	db	255
  7595                           
  7596                           ;Config register CONFIG5L @ 0x300008
  7597                           ;	PFM and Data EEPROM Code Protection bit
  7598                           ;	CP = OFF, PFM and Data EEPROM code protection disabled
  7599   300008                     	org	3145736
  7600   300008  FF                 	db	255
  7601                           
  7602                           ;Config register CONFIG5H @ 0x300009
  7603                           ;	unspecified, using default values
  7604   300009                     	org	3145737
  7605   300009  FF                 	db	255
  7606                           tosu	equ	0x3FFF
  7607                           tosh	equ	0x3FFE
  7608                           tosl	equ	0x3FFD
  7609                           stkptr	equ	0x3FFC
  7610                           pclatu	equ	0x3FFB
  7611                           pclath	equ	0x3FFA
  7612                           pcl	equ	0x3FF9
  7613                           tblptru	equ	0x3FF8
  7614                           tblptrh	equ	0x3FF7
  7615                           tblptrl	equ	0x3FF6
  7616                           tablat	equ	0x3FF5
  7617                           prodh	equ	0x3FF4
  7618                           prodl	equ	0x3FF3
  7619                           indf0	equ	0x3FEF
  7620                           postinc0	equ	0x3FEE
  7621                           postdec0	equ	0x3FED
  7622                           preinc0	equ	0x3FEC
  7623                           plusw0	equ	0x3FEB
  7624                           fsr0h	equ	0x3FEA
  7625                           fsr0l	equ	0x3FE9
  7626                           wreg	equ	0x3FE8
  7627                           indf1	equ	0x3FE7
  7628                           postinc1	equ	0x3FE6
  7629                           postdec1	equ	0x3FE5
  7630                           preinc1	equ	0x3FE4
  7631                           plusw1	equ	0x3FE3
  7632                           fsr1h	equ	0x3FE2
  7633                           fsr1l	equ	0x3FE1
  7634                           bsr	equ	0x3FE0
  7635                           indf2	equ	0x3FDF
  7636                           postinc2	equ	0x3FDE
  7637                           postdec2	equ	0x3FDD
  7638                           preinc2	equ	0x3FDC
  7639                           plusw2	equ	0x3FDB
  7640                           fsr2h	equ	0x3FDA
  7641                           fsr2l	equ	0x3FD9
  7642                           status	equ	0x3FD8

Data Sizes:
    Strings     5
    Constant    72
    Data        0
    BSS         61
    Persistent  0
    Stack       0

Auto Spaces:
    Space          Size  Autos    Used
    COMRAM           95     51      80
    BANK0           160      0      32
    BANK1           256      0       0
    BANK2           256      0       0
    BANK3           256      0       0
    BANK4           256      0       0
    BANK5           256      0       0
    BANK6           256      0       0
    BANK7           256      0       0
    BANK8           256      0       0
    BANK9           256      0       0
    BANK10          256      0       0
    BANK11          256      0       0
    BANK12          256      0       0
    BANK13          256      0       0
    BANK14          256      0       0
    BANK15          256      0       0
    BANK16          256      0       0
    BANK17          256      0       0
    BANK18          256      0       0
    BANK19          256      0       0
    BANK20          256      0       0
    BANK21          256      0       0
    BANK22          256      0       0
    BANK23          256      0       0
    BANK24          256      0       0
    BANK25          256      0       0
    BANK26          256      0       0
    BANK27          256      0       0
    BANK28          256      0       0
    BANK29          256      0       0
    BANK30          256      0       0
    BANK31          256      0       0

Pointer List with Targets:

    fputc@fp	PTR struct _IO_FILE size(2) Largest target is 0
		 -> NULL(NULL[0]), 

    fputc@fp$.$buffer	PTR unsigned char  size(2) Largest target is 0

    fputc@fp$.$source	PTR const unsigned char  size(2) Largest target is 0

    INT0_InterruptHandler	PTR FTN()void  size(3) Largest target is 1
		 -> INT0_DefaultInterruptHandler(), NULL(), 

    INT0_SetInterruptHandler@InterruptHandler	PTR FTN()void  size(3) Largest target is 1
		 -> INT0_DefaultInterruptHandler(), 

    INT1_InterruptHandler	PTR FTN()void  size(3) Largest target is 1
		 -> INT1_DefaultInterruptHandler(), NULL(), 

    INT1_SetInterruptHandler@InterruptHandler	PTR FTN()void  size(3) Largest target is 1
		 -> INT1_DefaultInterruptHandler(), 

    INT2_InterruptHandler	PTR FTN()void  size(3) Largest target is 1
		 -> INT2_DefaultInterruptHandler(), NULL(), 

    INT2_SetInterruptHandler@InterruptHandler	PTR FTN()void  size(3) Largest target is 1
		 -> INT2_DefaultInterruptHandler(), 

    printf@ap	PTR void [1] size(1) Largest target is 2
		 -> ?_printf(COMRAM[2]), 

    printf@fmt	PTR const unsigned char  size(1) Largest target is 5
		 -> STR_1(CODE[5]), 

    S1469$buffer	PTR unsigned char  size(2) Largest target is 0

    S1469$source	PTR const unsigned char  size(2) Largest target is 0

    S255$20$0	PTR FTN()void  size(3) Largest target is 1
		 -> UART2_DefaultFramingErrorCallback(), 

    S255$21$0	PTR FTN()void  size(3) Largest target is 1
		 -> UART2_DefaultOverrunErrorCallback(), 

    S255$22$0	PTR FTN()void  size(3) Largest target is 1
		 -> UART2_DefaultParityErrorCallback(), 

    S255$AutoBaudEventEnableGet	PTR FTN()_Bool  size(3) Largest target is 1
		 -> NULL(), 

    S255$AutoBaudQuery	PTR FTN()_Bool  size(3) Largest target is 1
		 -> UART2_AutoBaudQuery(), 

    S255$AutoBaudSet	PTR FTN(_Bool ,)void  size(3) Largest target is 1
		 -> UART2_AutoBaudSet(), 

    S255$BaudRateGet	PTR FTN()unsigned long  size(3) Largest target is 1
		 -> NULL(), 

    S255$BaudRateSet	PTR FTN(unsigned long ,)void  size(3) Largest target is 1
		 -> NULL(), 

    S255$BRGCountGet	PTR FTN()unsigned long  size(3) Largest target is 1
		 -> NULL(), 

    S255$BRGCountSet	PTR FTN(unsigned long ,)void  size(3) Largest target is 1
		 -> NULL(), 

    S255$Deinitialize	PTR FTN()void  size(3) Largest target is 1
		 -> UART2_Deinitialize(), 

    S255$ErrorGet	PTR FTN()unsigned int  size(3) Largest target is 2
		 -> UART2_ErrorGet(), 

    S255$EventCallbackRegister	PTR FTN(PTR FTN()void ,)void  size(3) Largest target is 1
		 -> NULL(), 

    S255$FramingErrorCallbackRegister	PTR FTN(PTR FTN()void ,)void  size(3) Largest target is 1
		 -> UART2_FramingErrorCallbackRegister(), 

    S255$Initialize	PTR FTN()void  size(3) Largest target is 1
		 -> UART2_Initialize(), 

    S255$IsRxReady	PTR FTN()_Bool  size(3) Largest target is 1
		 -> UART2_IsRxReady(), 

    S255$IsTxDone	PTR FTN()_Bool  size(3) Largest target is 1
		 -> UART2_IsTxDone(), 

    S255$IsTxReady	PTR FTN()_Bool  size(3) Largest target is 1
		 -> UART2_IsTxReady(), 

    S255$OverrunErrorCallbackRegister	PTR FTN(PTR FTN()void ,)void  size(3) Largest target is 1
		 -> UART2_OverrunErrorCallbackRegister(), 

    S255$ParityErrorCallbackRegister	PTR FTN(PTR FTN()void ,)void  size(3) Largest target is 1
		 -> UART2_ParityErrorCallbackRegister(), 

    S255$Read	PTR FTN()unsigned char  size(3) Largest target is 1
		 -> UART2_Read(), 

    S255$RxCompleteCallbackRegister	PTR FTN(PTR FTN()void ,)void  size(3) Largest target is 1
		 -> NULL(), 

    S255$TransmitDisable	PTR FTN()void  size(3) Largest target is 1
		 -> UART2_TransmitDisable(), 

    S255$TransmitEnable	PTR FTN()void  size(3) Largest target is 1
		 -> UART2_TransmitEnable(), 

    S255$TxCollisionCallbackRegister	PTR FTN(PTR FTN()void ,)void  size(3) Largest target is 1
		 -> NULL(), 

    S255$TxCompleteCallbackRegister	PTR FTN(PTR FTN()void ,)void  size(3) Largest target is 1
		 -> NULL(), 

    S255$Write	PTR FTN(unsigned char ,)void  size(3) Largest target is 1
		 -> UART2_Write(), 

    time@t	PTR unsigned long  size(2) Largest target is 0
		 -> NULL(NULL[0]), 

    UART2$AutoBaudEventEnableGet	PTR FTN()_Bool  size(3) Largest target is 1
		 -> NULL(), 

    UART2$AutoBaudQuery	PTR FTN()_Bool  size(3) Largest target is 1
		 -> UART2_AutoBaudQuery(), 

    UART2$AutoBaudSet	PTR FTN(_Bool ,)void  size(3) Largest target is 1
		 -> UART2_AutoBaudSet(), 

    UART2$BaudRateGet	PTR FTN()unsigned long  size(3) Largest target is 1
		 -> NULL(), 

    UART2$BaudRateSet	PTR FTN(unsigned long ,)void  size(3) Largest target is 1
		 -> NULL(), 

    UART2$BRGCountGet	PTR FTN()unsigned long  size(3) Largest target is 1
		 -> NULL(), 

    UART2$BRGCountSet	PTR FTN(unsigned long ,)void  size(3) Largest target is 1
		 -> NULL(), 

    UART2$Deinitialize	PTR FTN()void  size(3) Largest target is 1
		 -> UART2_Deinitialize(), 

    UART2$ErrorGet	PTR FTN()unsigned int  size(3) Largest target is 2
		 -> UART2_ErrorGet(), 

    UART2$EventCallbackRegister	PTR FTN(PTR FTN()void ,)void  size(3) Largest target is 1
		 -> NULL(), 

    UART2$FramingErrorCallbackRegister	PTR FTN(PTR FTN()void ,)void  size(3) Largest target is 1
		 -> UART2_FramingErrorCallbackRegister(), 

    UART2$Initialize	PTR FTN()void  size(3) Largest target is 1
		 -> UART2_Initialize(), 

    UART2$IsRxReady	PTR FTN()_Bool  size(3) Largest target is 1
		 -> UART2_IsRxReady(), 

    UART2$IsTxDone	PTR FTN()_Bool  size(3) Largest target is 1
		 -> UART2_IsTxDone(), 

    UART2$IsTxReady	PTR FTN()_Bool  size(3) Largest target is 1
		 -> UART2_IsTxReady(), 

    UART2$OverrunErrorCallbackRegister	PTR FTN(PTR FTN()void ,)void  size(3) Largest target is 1
		 -> UART2_OverrunErrorCallbackRegister(), 

    UART2$ParityErrorCallbackRegister	PTR FTN(PTR FTN()void ,)void  size(3) Largest target is 1
		 -> UART2_ParityErrorCallbackRegister(), 

    UART2$Read	PTR FTN()unsigned char  size(3) Largest target is 1
		 -> UART2_Read(), 

    UART2$RxCompleteCallbackRegister	PTR FTN(PTR FTN()void ,)void  size(3) Largest target is 1
		 -> NULL(), 

    UART2$TransmitDisable	PTR FTN()void  size(3) Largest target is 1
		 -> UART2_TransmitDisable(), 

    UART2$TransmitEnable	PTR FTN()void  size(3) Largest target is 1
		 -> UART2_TransmitEnable(), 

    UART2$TxCollisionCallbackRegister	PTR FTN(PTR FTN()void ,)void  size(3) Largest target is 1
		 -> NULL(), 

    UART2$TxCompleteCallbackRegister	PTR FTN(PTR FTN()void ,)void  size(3) Largest target is 1
		 -> NULL(), 

    UART2$Write	PTR FTN(unsigned char ,)void  size(3) Largest target is 1
		 -> UART2_Write(), 

    UART2_FramingErrorCallbackRegister@callbackHandler	PTR FTN()void  size(3) Largest target is 1
		 -> UART2_DefaultFramingErrorCallback(), 

    UART2_FramingErrorHandler	PTR FTN()void  size(3) Largest target is 1
		 -> UART2_DefaultFramingErrorCallback(), NULL(), 

    UART2_OverrunErrorCallbackRegister@callbackHandler	PTR FTN()void  size(3) Largest target is 1
		 -> UART2_DefaultOverrunErrorCallback(), 

    UART2_OverrunErrorHandler	PTR FTN()void  size(3) Largest target is 1
		 -> UART2_DefaultOverrunErrorCallback(), NULL(), 

    UART2_ParityErrorCallbackRegister@callbackHandler	PTR FTN()void  size(3) Largest target is 1
		 -> UART2_DefaultParityErrorCallback(), 

    UART2_ParityErrorHandler	PTR FTN()void  size(3) Largest target is 1
		 -> UART2_DefaultParityErrorCallback(), NULL(), 

    vfpfcnvrt@ap	PTR PTR void  size(1) Largest target is 1
		 -> printf@ap(COMRAM[1]), 

    vfpfcnvrt@cp	PTR unsigned char  size(1) Largest target is 5
		 -> STR_1(CODE[5]), 

    vfpfcnvrt@fmt	PTR PTR unsigned char  size(1) Largest target is 1
		 -> vfprintf@cfmt(COMRAM[1]), 

    vfpfcnvrt@fp	PTR struct _IO_FILE size(2) Largest target is 0
		 -> NULL(NULL[0]), 

    vfprintf@ap	PTR PTR void  size(1) Largest target is 1
		 -> printf@ap(COMRAM[1]), 

    vfprintf@cfmt	PTR unsigned char  size(1) Largest target is 5
		 -> STR_1(CODE[5]), 

    vfprintf@fmt	PTR const unsigned char  size(1) Largest target is 5
		 -> STR_1(CODE[5]), 

    vfprintf@fp	PTR struct _IO_FILE size(2) Largest target is 0
		 -> NULL(NULL[0]), 


Critical Paths under _main in COMRAM

    _main->_printf
    _srand->_time
    _random_number->___awmod
    _rand->___lmul
    _printf->_vfprintf
    _vfprintf->_vfpfcnvrt
    _vfpfcnvrt->_abs
    _fputc->_putch
    _putch->_UART2_IsTxReady
    _putch->_UART2_Write
    _abs->___awmod
    ___awmod->_rand
    _UART2_Initialize->_UART2_FramingErrorCallbackRegister
    _UART2_Initialize->_UART2_OverrunErrorCallbackRegister
    _UART2_Initialize->_UART2_ParityErrorCallbackRegister
    _INTERRUPT_Initialize->_INT0_SetInterruptHandler
    _INTERRUPT_Initialize->_INT1_SetInterruptHandler
    _INTERRUPT_Initialize->_INT2_SetInterruptHandler

Critical Paths under _main in BANK0

    None.

Critical Paths under _main in BANK1

    None.

Critical Paths under _main in BANK2

    None.

Critical Paths under _main in BANK3

    None.

Critical Paths under _main in BANK4

    None.

Critical Paths under _main in BANK5

    None.

Critical Paths under _main in BANK6

    None.

Critical Paths under _main in BANK7

    None.

Critical Paths under _main in BANK8

    None.

Critical Paths under _main in BANK9

    None.

Critical Paths under _main in BANK10

    None.

Critical Paths under _main in BANK11

    None.

Critical Paths under _main in BANK12

    None.

Critical Paths under _main in BANK13

    None.

Critical Paths under _main in BANK14

    None.

Critical Paths under _main in BANK15

    None.

Critical Paths under _main in BANK16

    None.

Critical Paths under _main in BANK17

    None.

Critical Paths under _main in BANK18

    None.

Critical Paths under _main in BANK19

    None.

Critical Paths under _main in BANK20

    None.

Critical Paths under _main in BANK21

    None.

Critical Paths under _main in BANK22

    None.

Critical Paths under _main in BANK23

    None.

Critical Paths under _main in BANK24

    None.

Critical Paths under _main in BANK25

    None.

Critical Paths under _main in BANK26

    None.

Critical Paths under _main in BANK27

    None.

Critical Paths under _main in BANK28

    None.

Critical Paths under _main in BANK29

    None.

Critical Paths under _main in BANK30

    None.

Critical Paths under _main in BANK31

    None.

Call Graph Tables:

 ---------------------------------------------------------------------------------
 (Depth) Function   	        Calls       Base Space   Used Autos Params    Refs
 ---------------------------------------------------------------------------------
 (0) _main                                                 2     2      0    2723
                                             49 COMRAM     2     2      0
                  _SYSTEM_Initialize
                   _UART2_Initialize
                             _printf
                      _random_number
                              _srand
                               _time
 ---------------------------------------------------------------------------------
 (1) _time                                                 4     0      4      45
                                              0 COMRAM     4     0      4
 ---------------------------------------------------------------------------------
 (1) _srand                                                4     2      2      23
                                              4 COMRAM     4     2      2
                               _time (ARG)
 ---------------------------------------------------------------------------------
 (1) _random_number                                       11     7      4     624
                                             24 COMRAM    11     7      4
                            ___awmod
                               _rand
 ---------------------------------------------------------------------------------
 (2) _rand                                                 6     4      2      94
                                             12 COMRAM     6     4      2
                             ___lmul
 ---------------------------------------------------------------------------------
 (3) ___lmul                                              12     4      8      94
                                              0 COMRAM    12     4      8
 ---------------------------------------------------------------------------------
 (1) _printf                                               6     3      3    1692
                                             45 COMRAM     4     1      3
                      _random_number (ARG)
                           _vfprintf
 ---------------------------------------------------------------------------------
 (2) _vfprintf                                             5     1      4    1637
                                             40 COMRAM     5     1      4
                          _vfpfcnvrt
 ---------------------------------------------------------------------------------
 (3) _vfpfcnvrt                                           12     8      4    1512
                                             28 COMRAM    12     8      4
                            ___awdiv
                            ___awmod
                                _abs
                              _fputc
 ---------------------------------------------------------------------------------
 (4) _fputc                                                9     5      4     306
                                              2 COMRAM     9     5      4
                              _putch
 ---------------------------------------------------------------------------------
 (5) _putch                                                1     1      0      76
                                              1 COMRAM     1     1      0
                    _UART2_IsTxReady
                        _UART2_Write
 ---------------------------------------------------------------------------------
 (6) _UART2_Write                                          1     0      1      23
                                              0 COMRAM     1     0      1
 ---------------------------------------------------------------------------------
 (6) _UART2_IsTxReady                                      1     1      0      24
                                              0 COMRAM     1     1      0
 ---------------------------------------------------------------------------------
 (4) _abs                                                  4     2      2      67
                                             24 COMRAM     4     2      2
                            ___awmod (ARG)
 ---------------------------------------------------------------------------------
 (4) ___awmod                                              6     2      4     300
                                             18 COMRAM     6     2      4
                               _rand (ARG)
 ---------------------------------------------------------------------------------
 (4) ___awdiv                                              8     4      4     302
                                              0 COMRAM     8     4      4
 ---------------------------------------------------------------------------------
 (1) _SYSTEM_Initialize                                    0     0      0     204
                   _CLOCK_Initialize
               _INTERRUPT_Initialize
             _PIN_MANAGER_Initialize
                   _UART2_Initialize
 ---------------------------------------------------------------------------------
 (2) _UART2_Initialize                                     0     0      0     135
 _UART2_FramingErrorCallbackRegister
 _UART2_OverrunErrorCallbackRegister
  _UART2_ParityErrorCallbackRegister
 ---------------------------------------------------------------------------------
 (3) _UART2_ParityErrorCallbackRegister                    3     0      3      45
                                              0 COMRAM     3     0      3
 ---------------------------------------------------------------------------------
 (3) _UART2_OverrunErrorCallbackRegister                   3     0      3      45
                                              0 COMRAM     3     0      3
 ---------------------------------------------------------------------------------
 (3) _UART2_FramingErrorCallbackRegister                   3     0      3      45
                                              0 COMRAM     3     0      3
 ---------------------------------------------------------------------------------
 (2) _PIN_MANAGER_Initialize                               0     0      0       0
 ---------------------------------------------------------------------------------
 (2) _INTERRUPT_Initialize                                 0     0      0      69
           _INT0_SetInterruptHandler
           _INT1_SetInterruptHandler
           _INT2_SetInterruptHandler
 ---------------------------------------------------------------------------------
 (3) _INT2_SetInterruptHandler                             3     0      3      23
                                              0 COMRAM     3     0      3
 ---------------------------------------------------------------------------------
 (3) _INT1_SetInterruptHandler                             3     0      3      23
                                              0 COMRAM     3     0      3
 ---------------------------------------------------------------------------------
 (3) _INT0_SetInterruptHandler                             3     0      3      23
                                              0 COMRAM     3     0      3
 ---------------------------------------------------------------------------------
 (2) _CLOCK_Initialize                                     0     0      0       0
 ---------------------------------------------------------------------------------
 Estimated maximum stack depth 6
 ---------------------------------------------------------------------------------

 Call Graph Graphs:

 _main (ROOT)
   _SYSTEM_Initialize
     _CLOCK_Initialize
     _INTERRUPT_Initialize
       _INT0_SetInterruptHandler
       _INT1_SetInterruptHandler
       _INT2_SetInterruptHandler
     _PIN_MANAGER_Initialize
     _UART2_Initialize
       _UART2_FramingErrorCallbackRegister
       _UART2_OverrunErrorCallbackRegister
       _UART2_ParityErrorCallbackRegister
   _UART2_Initialize
   _printf
     _random_number (ARG)
       ___awmod
         _rand (ARG)
           ___lmul
       _rand
     _vfprintf (ARG)
       _vfpfcnvrt
         ___awdiv
         ___awmod
         _abs
           ___awmod (ARG)
         _fputc
           _putch
             _UART2_IsTxReady
             _UART2_Write
   _random_number
   _srand
     _time (ARG)
   _time

Address spaces:
Name               Size   Autos  Total    Usage
BIGRAM            8191      0       0      0.0%
BITBIGSFRllh      1070      0       0      0.0%
BITBIGSFRh         549      0       0      0.0%
BITBIGSFRllll      417      0       0      0.0%
BITBANK31          256      0       0      0.0%
BANK31             256      0       0      0.0%
BITBANK30          256      0       0      0.0%
BANK30             256      0       0      0.0%
BITBANK29          256      0       0      0.0%
BANK29             256      0       0      0.0%
BITBANK28          256      0       0      0.0%
BANK28             256      0       0      0.0%
BITBANK27          256      0       0      0.0%
BANK27             256      0       0      0.0%
BITBANK26          256      0       0      0.0%
BANK26             256      0       0      0.0%
BITBANK25          256      0       0      0.0%
BANK25             256      0       0      0.0%
BITBANK24          256      0       0      0.0%
BANK24             256      0       0      0.0%
BITBANK23          256      0       0      0.0%
BANK23             256      0       0      0.0%
BITBANK22          256      0       0      0.0%
BANK22             256      0       0      0.0%
BITBANK21          256      0       0      0.0%
BANK21             256      0       0      0.0%
BITBANK20          256      0       0      0.0%
BANK20             256      0       0      0.0%
BITBANK19          256      0       0      0.0%
BANK19             256      0       0      0.0%
BITBANK18          256      0       0      0.0%
BANK18             256      0       0      0.0%
BITBANK17          256      0       0      0.0%
BANK17             256      0       0      0.0%
BITBANK16          256      0       0      0.0%
BANK16             256      0       0      0.0%
BITBANK15          256      0       0      0.0%
BANK15             256      0       0      0.0%
BITBANK14          256      0       0      0.0%
BANK14             256      0       0      0.0%
BITBANK13          256      0       0      0.0%
BANK13             256      0       0      0.0%
BITBANK12          256      0       0      0.0%
BANK12             256      0       0      0.0%
BITBANK11          256      0       0      0.0%
BANK11             256      0       0      0.0%
BITBANK10          256      0       0      0.0%
BANK10             256      0       0      0.0%
BITBANK9           256      0       0      0.0%
BANK9              256      0       0      0.0%
BITBANK8           256      0       0      0.0%
BANK8              256      0       0      0.0%
BITBANK7           256      0       0      0.0%
BANK7              256      0       0      0.0%
BITBANK6           256      0       0      0.0%
BANK6              256      0       0      0.0%
BITBANK5           256      0       0      0.0%
BANK5              256      0       0      0.0%
BITBANK4           256      0       0      0.0%
BANK4              256      0       0      0.0%
BITBANK3           256      0       0      0.0%
BANK3              256      0       0      0.0%
BITBANK2           256      0       0      0.0%
BANK2              256      0       0      0.0%
BITBANK1           256      0       0      0.0%
BANK1              256      0       0      0.0%
BITBANK0           160      0       0      0.0%
BANK0              160      0      32     20.0%
BITCOMRAM           95      0       0      0.0%
COMRAM              95     51      80     84.2%
BITBIGSFRlh          5      0       0      0.0%
BITBIGSFRlllh        3      0       0      0.0%
STACK                0      0       0      0.0%
DATA                 0      0     112      0.0%


Microchip Technology PIC18 Macro Assembler V3.10 build 20250813170317 
Symbol Table                                                                                   Sat May  9 19:36:29 2026

                                               l13 2924                                                 l71 2940  
                                               l48 2794                                                 l58 294E  
                                               l84 2932                                       ___awdiv@sign 0006  
                                              l225 2826                                                l226 2828  
                                              l307 24F2                                                l244 2956  
                                              l174 2708                                                l256 28AE  
                                              l273 286C                                                l428 2574  
                                              l269 288E                                                l277 284A  
                                              l445 263A                                                l446 264A  
                                              l288 2912                                                l775 23BC  
                                              l788 246A                                                u600 2822  
                                              u601 281E                                                u610 28A6  
                                              u611 28A2                                                u620 230E  
                                              u700 2402                                                u621 230A  
                                              u701 23FE                                                u630 2328  
                                              u710 2420                                                u631 2324  
                                              u711 241C                                                u800 2860  
                                              u640 234C                                                u720 2436  
                                              u801 285C                                                u641 2348  
                                              u721 2432                                                u810 283E  
                                              u650 236A                                                u730 245A  
                                              u811 283A                                                u651 2366  
                                              u731 2456                                                u660 2386  
                                              u740 2238                                                u900 2184  
                                              u820 2600                                                u661 2382  
                                              u741 2234                                                u901 2180  
                                              u821 25FC                                                u670 23AC  
                                              u590 2814                                                u750 224A  
                                              u910 2194                                                u830 263A  
                                              u671 23A8                                                u591 2810  
                                              u751 2246                                                u911 2190  
                                              u831 2636                                                u680 23CE  
                                              u760 2272                                                u920 21A4  
                                              u840 2078                                                u681 23CA  
                                              u761 226E                                                u921 21A0  
                                              u841 2074                              __end_of_random_number 24F4  
                                              u690 23E8                                                u770 22A8  
                                              u930 21E8                                                u850 20BA  
                                              u691 23E4                                                u771 22A4  
                                              u931 21E4                                                u851 20B6  
                                              u780 27DC                                                u860 20DC  
                                              u940 25D2                                                u781 27D8  
                                              u861 20D8                                                u790 2882  
                                              u870 2116                                                u950 2748  
                                              u791 287E                                                u871 2110  
                                              u951 2744                                                u880 2118  
                                              u960 2496                                                u945 25C8  
                                              u961 2492                                                u890 2174  
                                              u970 27A8                                                u891 2170  
                                              u971 27A4                                                u987 2696  
                       ??_INT0_SetInterruptHandler 0004                                                _abs 27CE  
       __end_of_UART2_FramingErrorCallbackRegister 2890               ??_UART2_FramingErrorCallbackRegister 0004  
              ?_UART2_FramingErrorCallbackRegister 0001                 _UART2_FramingErrorCallbackRegister 286E  
                                     ___awmod@sign 0018                                                wreg 3FE8  
                                   _UART2_IsTxDone 0000                                               l2001 26F2  
                                             l2003 2702                                               l2011 270A  
                                             ?_abs 0019                                               l2021 2902  
                                             l2013 2712                                               l1301 25E0  
                                             l2005 2576                                               l1222 2900  
                                             l2023 290A                                               l2015 2726  
                                             l2007 25B2                                               l2031 2496  
                                             l2025 290E                                               l2017 2748  
                                             l2041 24EA                                               l2033 249E  
                                             l1305 27CC                                               l2035 24AE  
                                             l2027 246C                                               l1260 2224  
                                             l1501 2914                                               l2037 24BA  
                                             l2029 2478                                               l2053 28CE  
                                             l2045 2796                                               l2061 264C  
                                             l1270 27E8                                               l1503 291A  
                                             l2055 28E8                                               l2039 24C2  
                                             l2047 27A8                                               l2063 2654  
                                             l1505 291C                                               l1601 256A  
                                             l1273 2800                                               l2057 28EC  
                                             l2049 27C4                                               l2065 266C  
                                             l1266 274E                                               l1507 2922  
                                             l1603 256C                                               l2067 268C  
                                             l1605 256E                                               l1541 2510  
                                             l1285 22FC                                               l1607 2570  
                                             l1551 2528                                               l1543 2518  
                                             l1609 2572                                               l1561 2532  
                                             l1553 252A                                               l1545 251A  
                                             l1801 2300                                               l1298 28E6  
                                             l1571 2540                                               l1563 2534  
                                             l1555 252C                                               l1547 251C  
                                             l1539 24F4                                               l1811 2330  
                                             l1803 230E                                               l1901 2926  
                                             l1581 254E                                               l1573 2542  
                                             l1565 2536                                               l1557 252E  
                                             l1549 2526                                               l1821 235C  
                                             l1813 2334                                               l1805 2316  
                                             l1591 2560                                               l1583 2550  
                                             l1575 2548                                               l1567 253C  
                                             l1559 2530                                               l1903 286E  
                                             l1911 282A                                               l1831 2390  
                                             l1823 236A                                               l1815 233A  
                                             l1807 231A                                               l1593 2562  
                                             l1585 2552                                               l1577 254A  
                                             l1569 253E                                               l1905 2882  
                                             l1913 283E                                               l1833 2396  
                                             l1825 2370                                               l1817 234C  
                                             l1809 2328                                               l1921 2610  
                                             l1595 2564                                               l1587 255C  
                                             l1579 254C                                               l1907 284C  
                                             l1827 2386                                               l1819 2354  
                                             l1835 239C                                               l1851 23DA  
                                             l1843 23BE                                               l1931 208A  
                                             l1923 261A                                               l1915 25E2  
                                             l1597 2566                                               l1589 255E  
                                             l1909 2860                                               l1837 23AC  
                                             l1829 238E                                               l1861 2412  
                                             l1853 23E8                                               l1845 23C0  
                                             l1781 2802                                               l1941 20F8  
                                             l1933 208E                                               l1925 2050  
                                             l1917 25F2                                               l1599 2568  
                                             l1839 23B4                                               l1863 2420  
                                             l1871 244A                                               l1855 23F0  
                                             l1847 23CE                                               l1783 2814  
                                             l1791 2892                                               l1951 2174  
                                             l1943 2102                                               l1935 2098  
                                             l1927 2078                                               l1919 2600  
                                             l1873 245A                                               l1865 2436  
                                             l1857 2402                                               l1849 23D6  
                                             l1785 2822                                               l1793 2892  
                                             l1881 2238                                               l1961 21D4  
                                             l1953 2184                                               l1945 211A  
                                             l1937 20BA                                               l1929 2080  
                                             l1875 2462                                               l1867 243E  
                                             l1859 240A                                               l1795 28A6  
                                             l1883 224A                                               l1955 2194  
                                             l1963 21D6                                               l1947 2148  
                                             l1939 20DC                                               l1981 276C  
                                             l1869 2444                                               l1893 27CE  
                                             l1789 2950                                               l1885 2254  
                                             l1957 21A4                                               l1949 2162  
                                             l1965 21EC                                               l1983 277E  
                                             l1975 2750                                               l1991 26BC  
                                             l1799 22FE                                               l1895 27DC  
                                             l1887 2272                                               l1879 2226  
                                             l1959 21B6                                               l1897 2942  
                                             l1985 2782                                               l1977 2758  
                                             l1993 26CA                                               l1889 22A8  
                                             l1969 21F8                                               l1899 2934  
                                             l1979 2768                                               l1995 26D0  
                                             l1987 26AC                                               l1997 26D2  
                                             l1989 26B4                                               l1999 26E2  
                                             STR_1 2049                                               _LATA 3FBA  
                                             _LATB 3FBB                                               _LATC 3FBC  
                                             _LATD 3FBD                                               _LATE 3FBE  
                                             _WPUA 3A41                                               _WPUB 3A51  
                                             _WPUC 3A61                                               _WPUD 3A71  
                                             _WPUE 3A81                                     _UART2_ErrorGet 0000  
                                             abs@a 0019                                               _dbuf 0060  
                                             _main 264C                                               _rand 2576  
                                             _seed 004D                                               _prec 0048  
                                             _time 2796                                               fsr1h 3FE2  
                                             fsr2h 3FDA                                               indf2 3FDF  
                                             fsr1l 3FE1                                               fsr2l 3FD9  
                        ?_INT2_SetInterruptHandler 0001                                               start FFFC  
                                     ___param_bank 0000                                              ??_abs 001B  
                                  _UART2_IsRxReady 0000                                    _UART2_IsTxReady 2802  
                                            ?_main 0001                                              ?_rand 000D  
                                  __end_of___awdiv 23BE                                    __end_of___awmod 246C  
                                            ?_time 0001                                    ___awdiv@divisor 0003  
                                            _U2P1L 3DD4                                              _U2P2L 3DD6  
                                            _U2P3L 3DD8                                              _IOCAF 3A47  
                                            _IOCBF 3A57                                              _IOCCF 3A67  
                                            _IOCAN 3A46                                              _IOCEF 3A87  
                                            _IOCAP 3A45                                              _IOCBN 3A56  
                                            _IOCBP 3A55                                              _IOCCN 3A66  
                                            _IOCCP 3A65                                              _IOCEN 3A86  
                                            _IOCEP 3A85                                              _U2UIR 3DE0  
                                            _U2RXB 3DD0                                              _U2TXB 3DD2  
                                  ___awdiv@counter 0005                                              _OSCEN 39DD  
                                            _UART2 2001                                       vfpfcnvrt@fmt 001F  
                                            _TRISA 3FC2                                              _TRISB 3FC3  
                                            _TRISC 3FC4                                              _TRISD 3FC5  
                                            _TRISE 3FC6                                ___lmul@multiplicand 0005  
                                            _flags 004C                                              _fputc 2226  
                                            _srand 28CE                                              _width 0046  
                                            _putch 2890                           _INT1_SetInterruptHandler 2934  
                                            tablat 3FF5                                              time@t 0001  
                                            status 3FD8                                    __initialization 28B0  
                                     __end_of_main 26AC                                       __end_of_rand 25E2  
                                     __end_of_time 27CE                                       ?_UART2_Write 0001  
                                           ??_main 0032                                             ??_rand 000F  
                                           ??_time 0005                                      __activetblptr 0003  
       __end_of_UART2_OverrunErrorCallbackRegister 286E               ??_UART2_OverrunErrorCallbackRegister 0004  
              ?_UART2_OverrunErrorCallbackRegister 0001                 _UART2_OverrunErrorCallbackRegister 284C  
 UART2_ParityErrorCallbackRegister@callbackHandler 0001  UART2_OverrunErrorCallbackRegister@callbackHandler 0001  
UART2_FramingErrorCallbackRegister@callbackHandler 0001                                             ?_fputc 0003  
                                 ___awdiv@dividend 0001                                             ?_srand 0005  
                                           _ANSELA 3A40                                             ?_putch 0001  
                                           _ANSELB 3A50                                             _ANSELC 3A60  
                                           _ANSELD 3A70                                             _ANSELE 3A80  
                                           _RB1I2C 3A5A                                             _RB2I2C 3A5B  
                                           _RD0I2C 3A7A                                             _RC3I2C 3A6A  
                                           _RD1I2C 3A7B                                             _RC4I2C 3A6B  
                                           _U2CON0 3DDA                                             _U2CON1 3DDB  
                                           _U2CON2 3DDC                                             _U2BRGH 3DDE  
                                           _U2FIFO 3DDF                                             _U2BRGL 3DDD  
                                           _RD0PPS 3A18                                             _ODCONA 3A42  
                                           _ODCONB 3A52                                             _ODCONC 3A62  
                                           _ODCOND 3A72                                             _ODCONE 3A82  
                                           _INLVLA 3A44                                             _INLVLB 3A54  
                                           _INLVLC 3A64                                             _INLVLD 3A74  
                                           _INLVLE 3A84                                             _OSCFRQ 39DF  
                                    vfpfcnvrt@done 0022                                   _UART2_Initialize 26AC  
                          __end_of_UART2_IsTxReady 282A                          _UART2_OverrunErrorHandler 0037  
                                     vfprintf@cfmt 002D                                             ___lmul 25E2  
                                        ??___awdiv 0005                                          ??___awmod 0017  
                                           clear_0 28B6                                             clear_1 28C2  
                 _UART2_DefaultParityErrorCallback 0000                                   ___awdiv@quotient 0007  
                                  ___awmod@divisor 0015                                             isa$std 0001  
                                  ___awmod@counter 0017                                             _printf 28E8  
                                ?_CLOCK_Initialize 0001                                             fputc@c 0003  
                     _INT2_DefaultInterruptHandler 0000                                 ??_CLOCK_Initialize 0001  
                                     __mediumconst 2000                                             tblptrh 3FF7  
                                           tblptrl 3FF6                                             tblptru 3FF8  
                                           srand@s 0005                                   __end_of_vfprintf 2750  
         INT2_SetInterruptHandler@InterruptHandler 0001           INT1_SetInterruptHandler@InterruptHandler 0001  
         INT0_SetInterruptHandler@InterruptHandler 0001                                  _SYSTEM_Initialize 2902  
                                       __accesstop 0060                            __end_of__initialization 28C8  
                               ?_SYSTEM_Initialize 0001                                      ___rparam_used 0001  
                              _UART2_AutoBaudQuery 0000                                      __end_of_UART2 2049  
                                   __pcstackCOMRAM 0001                                ??_SYSTEM_Initialize 0004  
                                    __end_of_fputc 22FE                                      __end_of_srand 28E8  
                                    __end_of_putch 28B0                  _UART2_DefaultFramingErrorCallback 0000  
                 __end_of_INT2_SetInterruptHandler 2934                                            ??_fputc 0007  
                        __end_of_SYSTEM_Initialize 2914                                            ??_srand 0007  
                                          ??_putch 0002                                         __pbssBANK0 0060  
                                _UART2_AutoBaudSet 0000                                _UART2_IsTxReady$745 0001  
                            _INT0_InterruptHandler 0043                                   ?_UART2_IsTxReady 0001  
                                          ?___lmul 0001                                     ___lmul@product 0009  
                                          ?_printf 002E                              _UART2_TransmitDisable 0000  
                                          _U2ERRIE 3DE2                                            _U2ERRIR 3DE1  
                       ??_INT1_SetInterruptHandler 0004                                            _U2RXPPS 3AE8  
                                          _OSCCON1 39D9                                            _OSCCON3 39DB  
                                          _OSCTUNE 39DE                                            _SLRCONA 3A43  
                                          _SLRCONB 3A53                                            _SLRCONC 3A63  
                                          _SLRCOND 3A73                                            _SLRCONE 3A83  
                        ?_INT0_SetInterruptHandler 0001                                            __Hparam 0000  
                                          __Lparam 0000                                            ___awdiv 22FE  
                                          ___awmod 23BE                                          ?_vfprintf 0029  
                                     __psmallconst 2000                                            __pcinit 28B0  
                                          __ramtop 2000                                            __ptext0 264C  
                                          __ptext1 2796                                            __ptext2 28CE  
                                          __ptext3 246C                                            __ptext4 2576  
                                          __ptext5 25E2                                            __ptext6 28E8  
                                          __ptext7 270A                                            __ptext8 2050  
                                          __ptext9 2226                  _UART2_DefaultOverrunErrorCallback 0000  
                                 ___awmod@dividend 0013                           ??_PIN_MANAGER_Initialize 0001  
                         __end_of_UART2_Initialize 270A                               end_of_initialization 28C8  
                         _INT2_SetInterruptHandler 2926                                          _U2UIRbits 3DE0  
        __end_of_UART2_ParityErrorCallbackRegister 284C                ??_UART2_ParityErrorCallbackRegister 0004  
               ?_UART2_ParityErrorCallbackRegister 0001                  _UART2_ParityErrorCallbackRegister 282A  
                                          fputc@fp 0005                                 _UART2_Deinitialize 0000  
                                __end_of_vfpfcnvrt 2226                                            postdec2 3FDD  
                                          postinc0 3FEE                                            postinc1 3FE6  
                                          postinc2 3FDE                                   vfpfcnvrt@convarg 0024  
                                       ??_vfprintf 002D                              _INT1_InterruptHandler 0040  
                                    _random_number 246C                                random_number@hi_num 0020  
                              random_number@result 001E                       __end_of_INTERRUPT_Initialize 2796  
                     _INT0_DefaultInterruptHandler 0000                                     __end_of___lmul 264C  
                                      vfpfcnvrt@ap 0020                                        vfpfcnvrt@cp 0023  
                                      vfpfcnvrt@fp 001D                                     ?_random_number 0019  
                                   __end_of_printf 2902                                start_initialization 28B0  
                                      __end_of_abs 2802                                        putch@txData 0002  
                                      vfprintf@fmt 002B                                           ??___lmul 0009  
                                UART2_Write@txData 0001                                           ??_printf 0031  
                                      __pbssCOMRAM 0034                   __end_of_INT0_SetInterruptHandler 2950  
                        _UART2_FramingErrorHandler 003A                              _INT2_InterruptHandler 003D  
                           _PIN_MANAGER_Initialize 24F4                                           ?___awdiv 0001  
                                         ?___awmod 0013                               _UART2_TransmitEnable 0000  
                                    ??_UART2_Write 0002                                    ??_random_number 001D  
                                      __smallconst 2000                         ??_INT2_SetInterruptHandler 0004  
                                ?_UART2_Initialize 0001                           _UART2_ParityErrorHandler 0034  
                               ??_UART2_Initialize 0004                               _INTERRUPT_Initialize 2750  
                                 _uart2RxLastError 004A                                   _CLOCK_Initialize 2914  
                                      _U2ERRIRbits 3DE1                          ?_INT1_SetInterruptHandler 0001  
                                         _PIR1bits 39A1                                           _PIR5bits 39A5  
                                         _PIR7bits 39A7                                          _vfpfcnvrt 2050  
                              __end_of_UART2_Write 2958                                         vfpfcnvrt@c 0028  
                                      _INTCON0bits 3FD2                                  ___lmul@multiplier 0001  
                            ?_INTERRUPT_Initialize 0001                           _INT0_SetInterruptHandler 2942  
                                         __Hrparam 0000                                         vfprintf@ap 002C  
                                         __Lrparam 0000                                         vfprintf@fp 0029  
                                       ?_vfpfcnvrt 001D                                           __ptext10 2890  
                                         __ptext11 2950                                           __ptext20 286E  
                                         __ptext12 2802                                           __ptext21 24F4  
                                         __ptext13 27CE                                           __ptext22 2750  
                                         __ptext14 23BE                                           __ptext23 2926  
                                         __ptext15 22FE                                           __ptext24 2934  
                                         __ptext16 2902                                           __ptext25 2942  
                                         __ptext17 26AC                                           __ptext26 2914  
                                         __ptext18 282A                                           __ptext19 284C  
                                ??_UART2_IsTxReady 0001                                         _U2CON0bits 3DDA  
                                       _U2CON1bits 3DDB                                         _U2FIFObits 3DDF  
                                         isa$xinst 0000                                           _vfprintf 270A  
                                        printf@fmt 002E                       _INT1_DefaultInterruptHandler 0000  
                                      _UART2_Write 2950                             ??_INTERRUPT_Initialize 0004  
                          ?_PIN_MANAGER_Initialize 0001                                           printf@ap 0031  
                                       _UART2_Read 0000                                        ??_vfpfcnvrt 0021  
                         __end_of_CLOCK_Initialize 2926                   __end_of_INT1_SetInterruptHandler 2942  
                   __end_of_PIN_MANAGER_Initialize 2576                               random_number@max_num 001B  
                             random_number@min_num 0019                               random_number@low_num 0022  
