

Microchip MPLAB XC8 Assembler V3.10 build 20250813170317 
                                                                                               Sat May  9 19:50:04 2026

Microchip MPLAB XC8 C Compiler v3.10 (Free license) build 20250813170317 Og1 
     1                           	processor	18F47K42
     2                           	fnconf	rparam,??,?,0
     3                           	pagewidth 120
     4                           	opt	flic
     5                           	psect	idataCOMRAM,global,class=CODE,space=0,delta=1,noexec
     6                           	psect	cinit,global,reloc=2,class=CODE,space=0,delta=1
     7                           	psect	bssCOMRAM,global,class=COMRAM,space=1,delta=1,lowdata,noexec
     8                           	psect	dataCOMRAM,global,class=COMRAM,space=1,delta=1,lowdata,noexec
     9                           	psect	cstackCOMRAM,global,class=COMRAM,space=1,delta=1,lowdata,noexec
    10                           	psect	text0,global,reloc=2,class=CODE,space=0,delta=1
    11                           	psect	text1,global,reloc=2,class=CODE,space=0,delta=1,group=1
    12                           	psect	text2,global,reloc=2,class=CODE,space=0,delta=1,group=1
    13                           	psect	text3,global,reloc=2,class=CODE,space=0,delta=1
    14                           	psect	text4,global,reloc=2,class=CODE,space=0,delta=1
    15                           	psect	text5,global,reloc=2,class=CODE,space=0,delta=1
    16                           	psect	text6,global,reloc=2,class=CODE,space=0,delta=1
    17                           	psect	text7,global,reloc=2,class=CODE,space=0,delta=1
    18                           	psect	text8,global,reloc=2,class=CODE,space=0,delta=1
    19                           	psect	text9,global,reloc=2,class=CODE,space=0,delta=1
    20                           	psect	smallconst,global,reloc=2,class=SMALLCONST,space=0,delta=1,noexec
    21                           	psect	intsave_regs,global,class=BIGRAM,space=1,delta=1,noexec
    22                           	psect	rparam,global,class=COMRAM,space=1,delta=1,noexec
    23                           	psect	config,global,abs,ovrld,class=CONFIG,space=4,delta=1,noexec
    24   000000                     
    25                           ; Generated 22/04/2026 GMT
    26                           ; 
    27                           ; Copyright (c) 2026 Microchip Technology Inc. and its subsidiaries.
    28                           ; 
    29                           ; Licensed under the Apache License, Version 2.0 (the "License");
    30                           ; you may not use this file except in compliance with the License.
    31                           ; You may obtain a copy of the License at
    32                           ; 
    33                           ;   http://www.apache.org/licenses/LICENSE-2.0
    34                           ; 
    35                           ; Unless required by applicable law or agreed to in writing, software
    36                           ; distributed under the License is distributed on an "AS IS" BASIS,
    37                           ; WITHOUT WARRANTIES OR CONDITIONS OF ANY KIND, either express or implied.
    38                           ; See the License for the specific language governing permissions and
    39                           ; limitations under the License.
    40                           ; 
    41                           ; 
    42                           ; Code-generator required, PIC18F47K42 Definitions
    43                           ; 
    44                           ; SFR Addresses
    45   003FE0                     bsr             equ	16352
    46   003FE9                     fsr0            equ	16361
    47   003FEA                     fsr0h           equ	16362
    48   003FE9                     fsr0l           equ	16361
    49   003FE1                     fsr1            equ	16353
    50   003FE2                     fsr1h           equ	16354
    51   003FE1                     fsr1l           equ	16353
    52   003FD9                     fsr2            equ	16345
    53   003FDA                     fsr2h           equ	16346
    54   003FD9                     fsr2l           equ	16345
    55   003FEF                     indf0           equ	16367
    56   003FE7                     indf1           equ	16359
    57   003FDF                     indf2           equ	16351
    58   003FD2                     intcon          equ	16338
    59   0039E5                     nvmcon          equ	14821
    60   003FF9                     pcl             equ	16377
    61   003FFA                     pclath          equ	16378
    62   003FFB                     pclatu          equ	16379
    63   003FEB                     plusw0          equ	16363
    64   003FE3                     plusw1          equ	16355
    65   003FDB                     plusw2          equ	16347
    66   003FED                     postdec0        equ	16365
    67   003FE5                     postdec1        equ	16357
    68   003FDD                     postdec2        equ	16349
    69   003FEE                     postinc0        equ	16366
    70   003FE6                     postinc1        equ	16358
    71   003FDE                     postinc2        equ	16350
    72   003FEC                     preinc0         equ	16364
    73   003FE4                     preinc1         equ	16356
    74   003FDC                     preinc2         equ	16348
    75   003FF3                     prod            equ	16371
    76   003FF4                     prodh           equ	16372
    77   003FF3                     prodl           equ	16371
    78   003FD8                     status          equ	16344
    79   003FF5                     tablat          equ	16373
    80   003FF6                     tblptr          equ	16374
    81   003FF7                     tblptrh         equ	16375
    82   003FF6                     tblptrl         equ	16374
    83   003FF8                     tblptru         equ	16376
    84   003FFD                     tosl            equ	16381
    85   003FE8                     wreg            equ	16360
    86   003880                     STATUS_CSHAD    equ	14464	;# 
    87   003881                     WREG_CSHAD      equ	14465	;# 
    88   003882                     BSR_CSHAD       equ	14466	;# 
    89   003883                     SHADCON         equ	14467	;# 
    90   003884                     STATUS_SHAD     equ	14468	;# 
    91   003885                     WREG_SHAD       equ	14469	;# 
    92   003886                     BSR_SHAD        equ	14470	;# 
    93   003887                     PCLATH_SHAD     equ	14471	;# 
    94   003888                     PCLATU_SHAD     equ	14472	;# 
    95   003889                     FSR0SH          equ	14473	;# 
    96   003889                     FSR0L_SHAD      equ	14473	;# 
    97   00388A                     FSR0H_SHAD      equ	14474	;# 
    98   00388B                     FSR1SH          equ	14475	;# 
    99   00388B                     FSR1L_SHAD      equ	14475	;# 
   100   00388C                     FSR1H_SHAD      equ	14476	;# 
   101   00388D                     FSR2SH          equ	14477	;# 
   102   00388D                     FSR2L_SHAD      equ	14477	;# 
   103   00388E                     FSR2H_SHAD      equ	14478	;# 
   104   00388F                     PRODSH          equ	14479	;# 
   105   00388F                     PRODL_SHAD      equ	14479	;# 
   106   003890                     PRODH_SHAD      equ	14480	;# 
   107   00389D                     IVTADL          equ	14493	;# 
   108   00389E                     IVTADH          equ	14494	;# 
   109   00389F                     IVTADU          equ	14495	;# 
   110   00395B                     WDTCON0         equ	14683	;# 
   111   00395C                     WDTCON1         equ	14684	;# 
   112   00395D                     WDTPSL          equ	14685	;# 
   113   00395E                     WDTPSH          equ	14686	;# 
   114   00395F                     WDTTMR          equ	14687	;# 
   115   003960                     CRCDATA         equ	14688	;# 
   116   003960                     CRCDATL         equ	14688	;# 
   117   003961                     CRCDATH         equ	14689	;# 
   118   003962                     CRCACC          equ	14690	;# 
   119   003962                     CRCACCL         equ	14690	;# 
   120   003963                     CRCACCH         equ	14691	;# 
   121   003964                     CRCSHFT         equ	14692	;# 
   122   003964                     CRCSHIFTL       equ	14692	;# 
   123   003965                     CRCSHIFTH       equ	14693	;# 
   124   003966                     CRCXOR          equ	14694	;# 
   125   003966                     CRCXORL         equ	14694	;# 
   126   003967                     CRCXORH         equ	14695	;# 
   127   003968                     CRCCON0         equ	14696	;# 
   128   003969                     CRCCON1         equ	14697	;# 
   129   003976                     SCANLADR        equ	14710	;# 
   130   003976                     SCANLADRL       equ	14710	;# 
   131   003977                     SCANLADRH       equ	14711	;# 
   132   003978                     SCANLADRU       equ	14712	;# 
   133   003979                     SCANHADR        equ	14713	;# 
   134   003979                     SCANHADRL       equ	14713	;# 
   135   00397A                     SCANHADRH       equ	14714	;# 
   136   00397B                     SCANHADRU       equ	14715	;# 
   137   00397C                     SCANCON0        equ	14716	;# 
   138   00397D                     SCANTRIG        equ	14717	;# 
   139   003980                     IPR0            equ	14720	;# 
   140   003981                     IPR1            equ	14721	;# 
   141   003982                     IPR2            equ	14722	;# 
   142   003983                     IPR3            equ	14723	;# 
   143   003984                     IPR4            equ	14724	;# 
   144   003985                     IPR5            equ	14725	;# 
   145   003986                     IPR6            equ	14726	;# 
   146   003987                     IPR7            equ	14727	;# 
   147   003988                     IPR8            equ	14728	;# 
   148   003989                     IPR9            equ	14729	;# 
   149   00398A                     IPR10           equ	14730	;# 
   150   003990                     PIE0            equ	14736	;# 
   151   003991                     PIE1            equ	14737	;# 
   152   003992                     PIE2            equ	14738	;# 
   153   003993                     PIE3            equ	14739	;# 
   154   003994                     PIE4            equ	14740	;# 
   155   003995                     PIE5            equ	14741	;# 
   156   003996                     PIE6            equ	14742	;# 
   157   003997                     PIE7            equ	14743	;# 
   158   003998                     PIE8            equ	14744	;# 
   159   003999                     PIE9            equ	14745	;# 
   160   00399A                     PIE10           equ	14746	;# 
   161   0039A0                     PIR0            equ	14752	;# 
   162   0039A1                     PIR1            equ	14753	;# 
   163   0039A2                     PIR2            equ	14754	;# 
   164   0039A3                     PIR3            equ	14755	;# 
   165   0039A4                     PIR4            equ	14756	;# 
   166   0039A5                     PIR5            equ	14757	;# 
   167   0039A6                     PIR6            equ	14758	;# 
   168   0039A7                     PIR7            equ	14759	;# 
   169   0039A8                     PIR8            equ	14760	;# 
   170   0039A9                     PIR9            equ	14761	;# 
   171   0039AA                     PIR10           equ	14762	;# 
   172   0039C0                     PMD0            equ	14784	;# 
   173   0039C1                     PMD1            equ	14785	;# 
   174   0039C2                     PMD2            equ	14786	;# 
   175   0039C3                     PMD3            equ	14787	;# 
   176   0039C4                     PMD4            equ	14788	;# 
   177   0039C5                     PMD5            equ	14789	;# 
   178   0039C6                     PMD6            equ	14790	;# 
   179   0039C7                     PMD7            equ	14791	;# 
   180   0039D0                     BORCON          equ	14800	;# 
   181   0039D1                     VREGCON         equ	14801	;# 
   182   0039D8                     CPUDOZE         equ	14808	;# 
   183   0039D9                     OSCCON1         equ	14809	;# 
   184   0039DA                     OSCCON2         equ	14810	;# 
   185   0039DB                     OSCCON3         equ	14811	;# 
   186   0039DC                     OSCSTAT         equ	14812	;# 
   187   0039DC                     OSCSTAT1        equ	14812	;# 
   188   0039DD                     OSCEN           equ	14813	;# 
   189   0039DE                     OSCTUNE         equ	14814	;# 
   190   0039DF                     OSCFRQ          equ	14815	;# 
   191   0039E0                     NVMADRL         equ	14816	;# 
   192   0039E1                     NVMADRH         equ	14817	;# 
   193   0039E3                     NVMDAT          equ	14819	;# 
   194   0039E5                     NVMCON1         equ	14821	;# 
   195   0039E6                     NVMCON2         equ	14822	;# 
   196   0039EF                     PRLOCK          equ	14831	;# 
   197   0039F1                     ISRPR           equ	14833	;# 
   198   0039F2                     MAINPR          equ	14834	;# 
   199   0039F3                     DMA1PR          equ	14835	;# 
   200   0039F4                     DMA2PR          equ	14836	;# 
   201   0039F7                     SCANPR          equ	14839	;# 
   202   003A00                     RA0PPS          equ	14848	;# 
   203   003A01                     RA1PPS          equ	14849	;# 
   204   003A02                     RA2PPS          equ	14850	;# 
   205   003A03                     RA3PPS          equ	14851	;# 
   206   003A04                     RA4PPS          equ	14852	;# 
   207   003A05                     RA5PPS          equ	14853	;# 
   208   003A06                     RA6PPS          equ	14854	;# 
   209   003A07                     RA7PPS          equ	14855	;# 
   210   003A08                     RB0PPS          equ	14856	;# 
   211   003A09                     RB1PPS          equ	14857	;# 
   212   003A0A                     RB2PPS          equ	14858	;# 
   213   003A0B                     RB3PPS          equ	14859	;# 
   214   003A0C                     RB4PPS          equ	14860	;# 
   215   003A0D                     RB5PPS          equ	14861	;# 
   216   003A0E                     RB6PPS          equ	14862	;# 
   217   003A0F                     RB7PPS          equ	14863	;# 
   218   003A10                     RC0PPS          equ	14864	;# 
   219   003A11                     RC1PPS          equ	14865	;# 
   220   003A12                     RC2PPS          equ	14866	;# 
   221   003A13                     RC3PPS          equ	14867	;# 
   222   003A14                     RC4PPS          equ	14868	;# 
   223   003A15                     RC5PPS          equ	14869	;# 
   224   003A16                     RC6PPS          equ	14870	;# 
   225   003A17                     RC7PPS          equ	14871	;# 
   226   003A18                     RD0PPS          equ	14872	;# 
   227   003A19                     RD1PPS          equ	14873	;# 
   228   003A1A                     RD2PPS          equ	14874	;# 
   229   003A1B                     RD3PPS          equ	14875	;# 
   230   003A1C                     RD4PPS          equ	14876	;# 
   231   003A1D                     RD5PPS          equ	14877	;# 
   232   003A1E                     RD6PPS          equ	14878	;# 
   233   003A1F                     RD7PPS          equ	14879	;# 
   234   003A20                     RE0PPS          equ	14880	;# 
   235   003A21                     RE1PPS          equ	14881	;# 
   236   003A22                     RE2PPS          equ	14882	;# 
   237   003A40                     ANSELA          equ	14912	;# 
   238   003A41                     WPUA            equ	14913	;# 
   239   003A42                     ODCONA          equ	14914	;# 
   240   003A43                     SLRCONA         equ	14915	;# 
   241   003A44                     INLVLA          equ	14916	;# 
   242   003A45                     IOCAP           equ	14917	;# 
   243   003A46                     IOCAN           equ	14918	;# 
   244   003A47                     IOCAF           equ	14919	;# 
   245   003A50                     ANSELB          equ	14928	;# 
   246   003A51                     WPUB            equ	14929	;# 
   247   003A52                     ODCONB          equ	14930	;# 
   248   003A53                     SLRCONB         equ	14931	;# 
   249   003A54                     INLVLB          equ	14932	;# 
   250   003A55                     IOCBP           equ	14933	;# 
   251   003A56                     IOCBN           equ	14934	;# 
   252   003A57                     IOCBF           equ	14935	;# 
   253   003A5A                     RB1I2C          equ	14938	;# 
   254   003A5B                     RB2I2C          equ	14939	;# 
   255   003A60                     ANSELC          equ	14944	;# 
   256   003A61                     WPUC            equ	14945	;# 
   257   003A62                     ODCONC          equ	14946	;# 
   258   003A63                     SLRCONC         equ	14947	;# 
   259   003A64                     INLVLC          equ	14948	;# 
   260   003A65                     IOCCP           equ	14949	;# 
   261   003A66                     IOCCN           equ	14950	;# 
   262   003A67                     IOCCF           equ	14951	;# 
   263   003A6A                     RC3I2C          equ	14954	;# 
   264   003A6B                     RC4I2C          equ	14955	;# 
   265   003A70                     ANSELD          equ	14960	;# 
   266   003A71                     WPUD            equ	14961	;# 
   267   003A72                     ODCOND          equ	14962	;# 
   268   003A73                     SLRCOND         equ	14963	;# 
   269   003A74                     INLVLD          equ	14964	;# 
   270   003A7A                     RD0I2C          equ	14970	;# 
   271   003A7B                     RD1I2C          equ	14971	;# 
   272   003A80                     ANSELE          equ	14976	;# 
   273   003A81                     WPUE            equ	14977	;# 
   274   003A82                     ODCONE          equ	14978	;# 
   275   003A83                     SLRCONE         equ	14979	;# 
   276   003A84                     INLVLE          equ	14980	;# 
   277   003A85                     IOCEP           equ	14981	;# 
   278   003A86                     IOCEN           equ	14982	;# 
   279   003A87                     IOCEF           equ	14983	;# 
   280   003ABF                     PPSLOCK         equ	15039	;# 
   281   003AC0                     INT0PPS         equ	15040	;# 
   282   003AC1                     INT1PPS         equ	15041	;# 
   283   003AC2                     INT2PPS         equ	15042	;# 
   284   003AC3                     T0CKIPPS        equ	15043	;# 
   285   003AC4                     T1CKIPPS        equ	15044	;# 
   286   003AC5                     T1GPPS          equ	15045	;# 
   287   003AC6                     T3CKIPPS        equ	15046	;# 
   288   003AC7                     T3GPPS          equ	15047	;# 
   289   003AC8                     T5CKIPPS        equ	15048	;# 
   290   003AC9                     T5GPPS          equ	15049	;# 
   291   003ACA                     T2INPPS         equ	15050	;# 
   292   003ACB                     T4INPPS         equ	15051	;# 
   293   003ACC                     T6INPPS         equ	15052	;# 
   294   003ACD                     CCP1PPS         equ	15053	;# 
   295   003ACE                     CCP2PPS         equ	15054	;# 
   296   003ACF                     CCP3PPS         equ	15055	;# 
   297   003AD0                     CCP4PPS         equ	15056	;# 
   298   003AD1                     SMT1WINPPS      equ	15057	;# 
   299   003AD2                     SMT1SIGPPS      equ	15058	;# 
   300   003AD3                     CWG1INPPS       equ	15059	;# 
   301   003AD4                     CWG2INPPS       equ	15060	;# 
   302   003AD5                     CWG3INPPS       equ	15061	;# 
   303   003AD6                     MD1CARLPPS      equ	15062	;# 
   304   003AD7                     MD1CARHPPS      equ	15063	;# 
   305   003AD8                     MD1SRCPPS       equ	15064	;# 
   306   003AD9                     CLCIN0PPS       equ	15065	;# 
   307   003ADA                     CLCIN1PPS       equ	15066	;# 
   308   003ADB                     CLCIN2PPS       equ	15067	;# 
   309   003ADC                     CLCIN3PPS       equ	15068	;# 
   310   003ADD                     ADACTPPS        equ	15069	;# 
   311   003ADE                     SPI1SCKPPS      equ	15070	;# 
   312   003ADF                     SPI1SDIPPS      equ	15071	;# 
   313   003AE0                     SPI1SSPPS       equ	15072	;# 
   314   003AE1                     I2C1SCLPPS      equ	15073	;# 
   315   003AE2                     I2C1SDAPPS      equ	15074	;# 
   316   003AE3                     I2C2SCLPPS      equ	15075	;# 
   317   003AE4                     I2C2SDAPPS      equ	15076	;# 
   318   003AE5                     U1RXPPS         equ	15077	;# 
   319   003AE6                     U1CTSPPS        equ	15078	;# 
   320   003AE8                     U2RXPPS         equ	15080	;# 
   321   003AE9                     U2CTSPPS        equ	15081	;# 
   322   003BC9                     DMA2BUF         equ	15305	;# 
   323   003BCA                     DMA2DCNT        equ	15306	;# 
   324   003BCA                     DMA2DCNTL       equ	15306	;# 
   325   003BCB                     DMA2DCNTH       equ	15307	;# 
   326   003BCC                     DMA2DPTR        equ	15308	;# 
   327   003BCC                     DMA2DPTRL       equ	15308	;# 
   328   003BCD                     DMA2DPTRH       equ	15309	;# 
   329   003BCE                     DMA2DSZ         equ	15310	;# 
   330   003BCE                     DMA2DSZL        equ	15310	;# 
   331   003BCF                     DMA2DSZH        equ	15311	;# 
   332   003BD0                     DMA2DSA         equ	15312	;# 
   333   003BD0                     DMA2DSAL        equ	15312	;# 
   334   003BD1                     DMA2DSAH        equ	15313	;# 
   335   003BD2                     DMA2SCNT        equ	15314	;# 
   336   003BD2                     DMA2SCNTL       equ	15314	;# 
   337   003BD3                     DMA2SCNTH       equ	15315	;# 
   338   003BD4                     DMA2SPTR        equ	15316	;# 
   339   003BD4                     DMA2SPTRL       equ	15316	;# 
   340   003BD5                     DMA2SPTRH       equ	15317	;# 
   341   003BD6                     DMA2SPTRU       equ	15318	;# 
   342   003BD7                     DMA2SSZ         equ	15319	;# 
   343   003BD7                     DMA2SSZL        equ	15319	;# 
   344   003BD8                     DMA2SSZH        equ	15320	;# 
   345   003BD9                     DMA2SSA         equ	15321	;# 
   346   003BD9                     DMA2SSAL        equ	15321	;# 
   347   003BDA                     DMA2SSAH        equ	15322	;# 
   348   003BDB                     DMA2SSAU        equ	15323	;# 
   349   003BDC                     DMA2CON0        equ	15324	;# 
   350   003BDD                     DMA2CON1        equ	15325	;# 
   351   003BDE                     DMA2AIRQ        equ	15326	;# 
   352   003BDF                     DMA2SIRQ        equ	15327	;# 
   353   003BE9                     DMA1BUF         equ	15337	;# 
   354   003BEA                     DMA1DCNT        equ	15338	;# 
   355   003BEA                     DMA1DCNTL       equ	15338	;# 
   356   003BEB                     DMA1DCNTH       equ	15339	;# 
   357   003BEC                     DMA1DPTR        equ	15340	;# 
   358   003BEC                     DMA1DPTRL       equ	15340	;# 
   359   003BED                     DMA1DPTRH       equ	15341	;# 
   360   003BEE                     DMA1DSZ         equ	15342	;# 
   361   003BEE                     DMA1DSZL        equ	15342	;# 
   362   003BEF                     DMA1DSZH        equ	15343	;# 
   363   003BF0                     DMA1DSA         equ	15344	;# 
   364   003BF0                     DMA1DSAL        equ	15344	;# 
   365   003BF1                     DMA1DSAH        equ	15345	;# 
   366   003BF2                     DMA1SCNT        equ	15346	;# 
   367   003BF2                     DMA1SCNTL       equ	15346	;# 
   368   003BF3                     DMA1SCNTH       equ	15347	;# 
   369   003BF4                     DMA1SPTR        equ	15348	;# 
   370   003BF4                     DMA1SPTRL       equ	15348	;# 
   371   003BF5                     DMA1SPTRH       equ	15349	;# 
   372   003BF6                     DMA1SPTRU       equ	15350	;# 
   373   003BF7                     DMA1SSZ         equ	15351	;# 
   374   003BF7                     DMA1SSZL        equ	15351	;# 
   375   003BF8                     DMA1SSZH        equ	15352	;# 
   376   003BF9                     DMA1SSA         equ	15353	;# 
   377   003BF9                     DMA1SSAL        equ	15353	;# 
   378   003BFA                     DMA1SSAH        equ	15354	;# 
   379   003BFB                     DMA1SSAU        equ	15355	;# 
   380   003BFC                     DMA1CON0        equ	15356	;# 
   381   003BFD                     DMA1CON1        equ	15357	;# 
   382   003BFE                     DMA1AIRQ        equ	15358	;# 
   383   003BFF                     DMA1SIRQ        equ	15359	;# 
   384   003C56                     CLC4CON         equ	15446	;# 
   385   003C57                     CLC4POL         equ	15447	;# 
   386   003C58                     CLC4SEL0        equ	15448	;# 
   387   003C59                     CLC4SEL1        equ	15449	;# 
   388   003C5A                     CLC4SEL2        equ	15450	;# 
   389   003C5B                     CLC4SEL3        equ	15451	;# 
   390   003C5C                     CLC4GLS0        equ	15452	;# 
   391   003C5D                     CLC4GLS1        equ	15453	;# 
   392   003C5E                     CLC4GLS2        equ	15454	;# 
   393   003C5F                     CLC4GLS3        equ	15455	;# 
   394   003C60                     CLC3CON         equ	15456	;# 
   395   003C61                     CLC3POL         equ	15457	;# 
   396   003C62                     CLC3SEL0        equ	15458	;# 
   397   003C63                     CLC3SEL1        equ	15459	;# 
   398   003C64                     CLC3SEL2        equ	15460	;# 
   399   003C65                     CLC3SEL3        equ	15461	;# 
   400   003C66                     CLC3GLS0        equ	15462	;# 
   401   003C67                     CLC3GLS1        equ	15463	;# 
   402   003C68                     CLC3GLS2        equ	15464	;# 
   403   003C69                     CLC3GLS3        equ	15465	;# 
   404   003C6A                     CLC2CON         equ	15466	;# 
   405   003C6B                     CLC2POL         equ	15467	;# 
   406   003C6C                     CLC2SEL0        equ	15468	;# 
   407   003C6D                     CLC2SEL1        equ	15469	;# 
   408   003C6E                     CLC2SEL2        equ	15470	;# 
   409   003C6F                     CLC2SEL3        equ	15471	;# 
   410   003C70                     CLC2GLS0        equ	15472	;# 
   411   003C71                     CLC2GLS1        equ	15473	;# 
   412   003C72                     CLC2GLS2        equ	15474	;# 
   413   003C73                     CLC2GLS3        equ	15475	;# 
   414   003C74                     CLC1CON         equ	15476	;# 
   415   003C75                     CLC1POL         equ	15477	;# 
   416   003C76                     CLC1SEL0        equ	15478	;# 
   417   003C77                     CLC1SEL1        equ	15479	;# 
   418   003C78                     CLC1SEL2        equ	15480	;# 
   419   003C79                     CLC1SEL3        equ	15481	;# 
   420   003C7A                     CLC1GLS0        equ	15482	;# 
   421   003C7B                     CLC1GLS1        equ	15483	;# 
   422   003C7C                     CLC1GLS2        equ	15484	;# 
   423   003C7D                     CLC1GLS3        equ	15485	;# 
   424   003C7E                     CLCDATA0        equ	15486	;# 
   425   003CE5                     CLKRCON         equ	15589	;# 
   426   003CE6                     CLKRCLK         equ	15590	;# 
   427   003CFA                     MD1CON0         equ	15610	;# 
   428   003CFB                     MD1CON1         equ	15611	;# 
   429   003CFC                     MD1SRC          equ	15612	;# 
   430   003CFD                     MD1CARL         equ	15613	;# 
   431   003CFE                     MD1CARH         equ	15614	;# 
   432   003D10                     SPI1RXB         equ	15632	;# 
   433   003D11                     SPI1TXB         equ	15633	;# 
   434   003D12                     SPI1TCNT        equ	15634	;# 
   435   003D12                     SPI1TCNTL       equ	15634	;# 
   436   003D13                     SPI1TCNTH       equ	15635	;# 
   437   003D14                     SPI1CON0        equ	15636	;# 
   438   003D15                     SPI1CON1        equ	15637	;# 
   439   003D16                     SPI1CON2        equ	15638	;# 
   440   003D17                     SPI1STATUS      equ	15639	;# 
   441   003D18                     SPI1TWIDTH      equ	15640	;# 
   442   003D19                     SPI1BAUD        equ	15641	;# 
   443   003D1A                     SPI1INTF        equ	15642	;# 
   444   003D1B                     SPI1INTE        equ	15643	;# 
   445   003D1C                     SPI1CLK         equ	15644	;# 
   446   003D54                     I2C2RXB         equ	15700	;# 
   447   003D55                     I2C2TXB         equ	15701	;# 
   448   003D56                     I2C2CNT         equ	15702	;# 
   449   003D57                     I2C2ADB0        equ	15703	;# 
   450   003D58                     I2C2ADB1        equ	15704	;# 
   451   003D59                     I2C2ADR0        equ	15705	;# 
   452   003D5A                     I2C2ADR1        equ	15706	;# 
   453   003D5B                     I2C2ADR2        equ	15707	;# 
   454   003D5C                     I2C2ADR3        equ	15708	;# 
   455   003D5D                     I2C2CON0        equ	15709	;# 
   456   003D5E                     I2C2CON1        equ	15710	;# 
   457   003D5F                     I2C2CON2        equ	15711	;# 
   458   003D60                     I2C2ERR         equ	15712	;# 
   459   003D61                     I2C2STAT0       equ	15713	;# 
   460   003D62                     I2C2STAT1       equ	15714	;# 
   461   003D63                     I2C2PIR         equ	15715	;# 
   462   003D64                     I2C2PIE         equ	15716	;# 
   463   003D65                     I2C2CLK         equ	15717	;# 
   464   003D66                     I2C2BTO         equ	15718	;# 
   465   003D6A                     I2C1RXB         equ	15722	;# 
   466   003D6B                     I2C1TXB         equ	15723	;# 
   467   003D6C                     I2C1CNT         equ	15724	;# 
   468   003D6D                     I2C1ADB0        equ	15725	;# 
   469   003D6E                     I2C1ADB1        equ	15726	;# 
   470   003D6F                     I2C1ADR0        equ	15727	;# 
   471   003D70                     I2C1ADR1        equ	15728	;# 
   472   003D71                     I2C1ADR2        equ	15729	;# 
   473   003D72                     I2C1ADR3        equ	15730	;# 
   474   003D73                     I2C1CON0        equ	15731	;# 
   475   003D74                     I2C1CON1        equ	15732	;# 
   476   003D75                     I2C1CON2        equ	15733	;# 
   477   003D76                     I2C1ERR         equ	15734	;# 
   478   003D77                     I2C1STAT0       equ	15735	;# 
   479   003D78                     I2C1STAT1       equ	15736	;# 
   480   003D79                     I2C1PIR         equ	15737	;# 
   481   003D7A                     I2C1PIE         equ	15738	;# 
   482   003D7B                     I2C1CLK         equ	15739	;# 
   483   003D7C                     I2C1BTO         equ	15740	;# 
   484   003DD0                     U2RXB           equ	15824	;# 
   485   003DD0                     U2RXBL          equ	15824	;# 
   486   003DD2                     U2TXB           equ	15826	;# 
   487   003DD2                     U2TXBL          equ	15826	;# 
   488   003DD4                     U2P1            equ	15828	;# 
   489   003DD4                     U2P1L           equ	15828	;# 
   490   003DD6                     U2P2            equ	15830	;# 
   491   003DD6                     U2P2L           equ	15830	;# 
   492   003DD8                     U2P3            equ	15832	;# 
   493   003DD8                     U2P3L           equ	15832	;# 
   494   003DDA                     U2CON0          equ	15834	;# 
   495   003DDB                     U2CON1          equ	15835	;# 
   496   003DDC                     U2CON2          equ	15836	;# 
   497   003DDD                     U2BRG           equ	15837	;# 
   498   003DDD                     U2BRGL          equ	15837	;# 
   499   003DDE                     U2BRGH          equ	15838	;# 
   500   003DDF                     U2FIFO          equ	15839	;# 
   501   003DE0                     U2UIR           equ	15840	;# 
   502   003DE1                     U2ERRIR         equ	15841	;# 
   503   003DE2                     U2ERRIE         equ	15842	;# 
   504   003DE8                     U1RXB           equ	15848	;# 
   505   003DE8                     U1RXBL          equ	15848	;# 
   506   003DE9                     U1RXCHK         equ	15849	;# 
   507   003DEA                     U1TXB           equ	15850	;# 
   508   003DEA                     U1TXBL          equ	15850	;# 
   509   003DEB                     U1TXCHK         equ	15851	;# 
   510   003DEC                     U1P1            equ	15852	;# 
   511   003DEC                     U1P1L           equ	15852	;# 
   512   003DED                     U1P1H           equ	15853	;# 
   513   003DEE                     U1P2            equ	15854	;# 
   514   003DEE                     U1P2L           equ	15854	;# 
   515   003DEF                     U1P2H           equ	15855	;# 
   516   003DF0                     U1P3            equ	15856	;# 
   517   003DF0                     U1P3L           equ	15856	;# 
   518   003DF1                     U1P3H           equ	15857	;# 
   519   003DF2                     U1CON0          equ	15858	;# 
   520   003DF3                     U1CON1          equ	15859	;# 
   521   003DF4                     U1CON2          equ	15860	;# 
   522   003DF5                     U1BRG           equ	15861	;# 
   523   003DF5                     U1BRGL          equ	15861	;# 
   524   003DF6                     U1BRGH          equ	15862	;# 
   525   003DF7                     U1FIFO          equ	15863	;# 
   526   003DF8                     U1UIR           equ	15864	;# 
   527   003DF9                     U1ERRIR         equ	15865	;# 
   528   003DFA                     U1ERRIE         equ	15866	;# 
   529   003E9C                     DAC1CON1        equ	16028	;# 
   530   003E9E                     DAC1CON0        equ	16030	;# 
   531   003EB8                     CM2CON0         equ	16056	;# 
   532   003EB9                     CM2CON1         equ	16057	;# 
   533   003EBA                     CM2NCH          equ	16058	;# 
   534   003EBB                     CM2PCH          equ	16059	;# 
   535   003EBC                     CM1CON0         equ	16060	;# 
   536   003EBD                     CM1CON1         equ	16061	;# 
   537   003EBE                     CM1NCH          equ	16062	;# 
   538   003EBF                     CM1PCH          equ	16063	;# 
   539   003EC0                     CMOUT           equ	16064	;# 
   540   003EC1                     FVRCON          equ	16065	;# 
   541   003EC3                     ZCDCON          equ	16067	;# 
   542   003EC9                     HLVDCON0        equ	16073	;# 
   543   003ECA                     HLVDCON1        equ	16074	;# 
   544   003ED7                     ADCP            equ	16087	;# 
   545   003EDE                     ADLTH           equ	16094	;# 
   546   003EDE                     ADLTHL          equ	16094	;# 
   547   003EDF                     ADLTHH          equ	16095	;# 
   548   003EE0                     ADUTH           equ	16096	;# 
   549   003EE0                     ADUTHL          equ	16096	;# 
   550   003EE1                     ADUTHH          equ	16097	;# 
   551   003EE2                     ADERR           equ	16098	;# 
   552   003EE2                     ADERRL          equ	16098	;# 
   553   003EE3                     ADERRH          equ	16099	;# 
   554   003EE4                     ADSTPT          equ	16100	;# 
   555   003EE4                     ADSTPTL         equ	16100	;# 
   556   003EE5                     ADSTPTH         equ	16101	;# 
   557   003EE6                     ADFLTR          equ	16102	;# 
   558   003EE6                     ADFLTRL         equ	16102	;# 
   559   003EE7                     ADFLTRH         equ	16103	;# 
   560   003EE8                     ADACC           equ	16104	;# 
   561   003EE8                     ADACCL          equ	16104	;# 
   562   003EE9                     ADACCH          equ	16105	;# 
   563   003EEA                     ADACCU          equ	16106	;# 
   564   003EEB                     ADCNT           equ	16107	;# 
   565   003EEC                     ADRPT           equ	16108	;# 
   566   003EED                     ADPREV          equ	16109	;# 
   567   003EED                     ADPREVL         equ	16109	;# 
   568   003EEE                     ADPREVH         equ	16110	;# 
   569   003EEF                     ADRES           equ	16111	;# 
   570   003EEF                     ADRESL          equ	16111	;# 
   571   003EF0                     ADRESH          equ	16112	;# 
   572   003EF1                     ADPCH           equ	16113	;# 
   573   003EF3                     ADACQ           equ	16115	;# 
   574   003EF3                     ADACQL          equ	16115	;# 
   575   003EF4                     ADACQH          equ	16116	;# 
   576   003EF5                     ADCAP           equ	16117	;# 
   577   003EF6                     ADPRE           equ	16118	;# 
   578   003EF6                     ADPREL          equ	16118	;# 
   579   003EF7                     ADPREH          equ	16119	;# 
   580   003EF8                     ADCON0          equ	16120	;# 
   581   003EF9                     ADCON1          equ	16121	;# 
   582   003EFA                     ADCON2          equ	16122	;# 
   583   003EFB                     ADCON3          equ	16123	;# 
   584   003EFC                     ADSTAT          equ	16124	;# 
   585   003EFD                     ADREF           equ	16125	;# 
   586   003EFE                     ADACT           equ	16126	;# 
   587   003EFF                     ADCLK           equ	16127	;# 
   588   003F12                     SMT1TMR         equ	16146	;# 
   589   003F12                     SMT1TMRL        equ	16146	;# 
   590   003F13                     SMT1TMRH        equ	16147	;# 
   591   003F14                     SMT1TMRU        equ	16148	;# 
   592   003F15                     SMT1CPR         equ	16149	;# 
   593   003F15                     SMT1CPRL        equ	16149	;# 
   594   003F16                     SMT1CPRH        equ	16150	;# 
   595   003F17                     SMT1CPRU        equ	16151	;# 
   596   003F18                     SMT1CPW         equ	16152	;# 
   597   003F18                     SMT1CPWL        equ	16152	;# 
   598   003F19                     SMT1CPWH        equ	16153	;# 
   599   003F1A                     SMT1CPWU        equ	16154	;# 
   600   003F1B                     SMT1PR          equ	16155	;# 
   601   003F1B                     SMT1PRL         equ	16155	;# 
   602   003F1C                     SMT1PRH         equ	16156	;# 
   603   003F1D                     SMT1PRU         equ	16157	;# 
   604   003F1E                     SMT1CON0        equ	16158	;# 
   605   003F1F                     SMT1CON1        equ	16159	;# 
   606   003F20                     SMT1STAT        equ	16160	;# 
   607   003F21                     SMT1CLK         equ	16161	;# 
   608   003F22                     SMT1SIG         equ	16162	;# 
   609   003F23                     SMT1WIN         equ	16163	;# 
   610   003F38                     NCO1ACC         equ	16184	;# 
   611   003F38                     NCO1ACCL        equ	16184	;# 
   612   003F39                     NCO1ACCH        equ	16185	;# 
   613   003F3A                     NCO1ACCU        equ	16186	;# 
   614   003F3B                     NCO1INC         equ	16187	;# 
   615   003F3B                     NCO1INCL        equ	16187	;# 
   616   003F3C                     NCO1INCH        equ	16188	;# 
   617   003F3D                     NCO1INCU        equ	16189	;# 
   618   003F3E                     NCO1CON         equ	16190	;# 
   619   003F3F                     NCO1CLK         equ	16191	;# 
   620   003F40                     CWG3CLK         equ	16192	;# 
   621   003F40                     CWG3CLKCON      equ	16192	;# 
   622   003F41                     CWG3ISM         equ	16193	;# 
   623   003F41                     CWG3DAT         equ	16193	;# 
   624   003F42                     CWG3DBR         equ	16194	;# 
   625   003F43                     CWG3DBF         equ	16195	;# 
   626   003F44                     CWG3CON0        equ	16196	;# 
   627   003F45                     CWG3CON1        equ	16197	;# 
   628   003F46                     CWG3AS0         equ	16198	;# 
   629   003F47                     CWG3AS1         equ	16199	;# 
   630   003F48                     CWG3STR         equ	16200	;# 
   631   003F49                     CWG2CLK         equ	16201	;# 
   632   003F49                     CWG2CLKCON      equ	16201	;# 
   633   003F4A                     CWG2ISM         equ	16202	;# 
   634   003F4A                     CWG2DAT         equ	16202	;# 
   635   003F4B                     CWG2DBR         equ	16203	;# 
   636   003F4C                     CWG2DBF         equ	16204	;# 
   637   003F4D                     CWG2CON0        equ	16205	;# 
   638   003F4E                     CWG2CON1        equ	16206	;# 
   639   003F4F                     CWG2AS0         equ	16207	;# 
   640   003F50                     CWG2AS1         equ	16208	;# 
   641   003F51                     CWG2STR         equ	16209	;# 
   642   003F52                     CWG1CLK         equ	16210	;# 
   643   003F52                     CWG1CLKCON      equ	16210	;# 
   644   003F53                     CWG1ISM         equ	16211	;# 
   645   003F53                     CWG1DAT         equ	16211	;# 
   646   003F54                     CWG1DBR         equ	16212	;# 
   647   003F55                     CWG1DBF         equ	16213	;# 
   648   003F56                     CWG1CON0        equ	16214	;# 
   649   003F57                     CWG1CON1        equ	16215	;# 
   650   003F58                     CWG1AS0         equ	16216	;# 
   651   003F59                     CWG1AS1         equ	16217	;# 
   652   003F5A                     CWG1STR         equ	16218	;# 
   653   003F5E                     CCPTMRS0        equ	16222	;# 
   654   003F5F                     CCPTMRS1        equ	16223	;# 
   655   003F60                     PWM8DC          equ	16224	;# 
   656   003F60                     PWM8DCL         equ	16224	;# 
   657   003F61                     PWM8DCH         equ	16225	;# 
   658   003F62                     PWM8CON         equ	16226	;# 
   659   003F64                     PWM7DC          equ	16228	;# 
   660   003F64                     PWM7DCL         equ	16228	;# 
   661   003F65                     PWM7DCH         equ	16229	;# 
   662   003F66                     PWM7CON         equ	16230	;# 
   663   003F68                     PWM6DC          equ	16232	;# 
   664   003F68                     PWM6DCL         equ	16232	;# 
   665   003F69                     PWM6DCH         equ	16233	;# 
   666   003F6A                     PWM6CON         equ	16234	;# 
   667   003F6C                     PWM5DC          equ	16236	;# 
   668   003F6C                     PWM5DCL         equ	16236	;# 
   669   003F6D                     PWM5DCH         equ	16237	;# 
   670   003F6E                     PWM5CON         equ	16238	;# 
   671   003F70                     CCPR4           equ	16240	;# 
   672   003F70                     CCPR4L          equ	16240	;# 
   673   003F71                     CCPR4H          equ	16241	;# 
   674   003F72                     CCP4CON         equ	16242	;# 
   675   003F73                     CCP4CAP         equ	16243	;# 
   676   003F74                     CCPR3           equ	16244	;# 
   677   003F74                     CCPR3L          equ	16244	;# 
   678   003F75                     CCPR3H          equ	16245	;# 
   679   003F76                     CCP3CON         equ	16246	;# 
   680   003F77                     CCP3CAP         equ	16247	;# 
   681   003F78                     CCPR2           equ	16248	;# 
   682   003F78                     CCPR2L          equ	16248	;# 
   683   003F79                     CCPR2H          equ	16249	;# 
   684   003F7A                     CCP2CON         equ	16250	;# 
   685   003F7B                     CCP2CAP         equ	16251	;# 
   686   003F7C                     CCPR1           equ	16252	;# 
   687   003F7C                     CCPR1L          equ	16252	;# 
   688   003F7D                     CCPR1H          equ	16253	;# 
   689   003F7E                     CCP1CON         equ	16254	;# 
   690   003F7F                     CCP1CAP         equ	16255	;# 
   691   003F92                     T6TMR           equ	16274	;# 
   692   003F92                     TMR6            equ	16274	;# 
   693   003F93                     T6PR            equ	16275	;# 
   694   003F93                     PR6             equ	16275	;# 
   695   003F94                     T6CON           equ	16276	;# 
   696   003F95                     T6HLT           equ	16277	;# 
   697   003F96                     T6CLKCON        equ	16278	;# 
   698   003F96                     T6CLK           equ	16278	;# 
   699   003F97                     T6RST           equ	16279	;# 
   700   003F98                     TMR5            equ	16280	;# 
   701   003F98                     TMR5L           equ	16280	;# 
   702   003F99                     TMR5H           equ	16281	;# 
   703   003F9A                     T5CON           equ	16282	;# 
   704   003F9A                     TMR5CON         equ	16282	;# 
   705   003F9B                     T5GCON          equ	16283	;# 
   706   003F9B                     TMR5GCON        equ	16283	;# 
   707   003F9C                     T5GATE          equ	16284	;# 
   708   003F9C                     TMR5GATE        equ	16284	;# 
   709   003F9D                     T5CLK           equ	16285	;# 
   710   003F9D                     TMR5CLK         equ	16285	;# 
   711   003F9D                     PR5             equ	16285	;# 
   712   003F9E                     T4TMR           equ	16286	;# 
   713   003F9E                     TMR4            equ	16286	;# 
   714   003F9F                     T4PR            equ	16287	;# 
   715   003F9F                     PR4             equ	16287	;# 
   716   003FA0                     T4CON           equ	16288	;# 
   717   003FA1                     T4HLT           equ	16289	;# 
   718   003FA2                     T4CLKCON        equ	16290	;# 
   719   003FA2                     T4CLK           equ	16290	;# 
   720   003FA3                     T4RST           equ	16291	;# 
   721   003FA4                     TMR3            equ	16292	;# 
   722   003FA4                     TMR3L           equ	16292	;# 
   723   003FA5                     TMR3H           equ	16293	;# 
   724   003FA6                     T3CON           equ	16294	;# 
   725   003FA6                     TMR3CON         equ	16294	;# 
   726   003FA7                     T3GCON          equ	16295	;# 
   727   003FA7                     TMR3GCON        equ	16295	;# 
   728   003FA8                     T3GATE          equ	16296	;# 
   729   003FA8                     TMR3GATE        equ	16296	;# 
   730   003FA9                     T3CLK           equ	16297	;# 
   731   003FA9                     TMR3CLK         equ	16297	;# 
   732   003FA9                     PR3             equ	16297	;# 
   733   003FAA                     T2TMR           equ	16298	;# 
   734   003FAA                     TMR2            equ	16298	;# 
   735   003FAB                     T2PR            equ	16299	;# 
   736   003FAB                     PR2             equ	16299	;# 
   737   003FAC                     T2CON           equ	16300	;# 
   738   003FAD                     T2HLT           equ	16301	;# 
   739   003FAE                     T2CLKCON        equ	16302	;# 
   740   003FAE                     T2CLK           equ	16302	;# 
   741   003FAF                     T2RST           equ	16303	;# 
   742   003FB0                     TMR1            equ	16304	;# 
   743   003FB0                     TMR1L           equ	16304	;# 
   744   003FB1                     TMR1H           equ	16305	;# 
   745   003FB2                     T1CON           equ	16306	;# 
   746   003FB2                     TMR1CON         equ	16306	;# 
   747   003FB3                     T1GCON          equ	16307	;# 
   748   003FB3                     TMR1GCON        equ	16307	;# 
   749   003FB4                     T1GATE          equ	16308	;# 
   750   003FB4                     TMR1GATE        equ	16308	;# 
   751   003FB5                     T1CLK           equ	16309	;# 
   752   003FB5                     TMR1CLK         equ	16309	;# 
   753   003FB5                     PR1             equ	16309	;# 
   754   003FB6                     TMR0L           equ	16310	;# 
   755   003FB6                     TMR0            equ	16310	;# 
   756   003FB7                     TMR0H           equ	16311	;# 
   757   003FB7                     PR0             equ	16311	;# 
   758   003FB8                     T0CON0          equ	16312	;# 
   759   003FB9                     T0CON1          equ	16313	;# 
   760   003FBA                     LATA            equ	16314	;# 
   761   003FBB                     LATB            equ	16315	;# 
   762   003FBC                     LATC            equ	16316	;# 
   763   003FBD                     LATD            equ	16317	;# 
   764   003FBE                     LATE            equ	16318	;# 
   765   003FC2                     TRISA           equ	16322	;# 
   766   003FC3                     TRISB           equ	16323	;# 
   767   003FC4                     TRISC           equ	16324	;# 
   768   003FC5                     TRISD           equ	16325	;# 
   769   003FC6                     TRISE           equ	16326	;# 
   770   003FCA                     PORTA           equ	16330	;# 
   771   003FCB                     PORTB           equ	16331	;# 
   772   003FCC                     PORTC           equ	16332	;# 
   773   003FCD                     PORTD           equ	16333	;# 
   774   003FCE                     PORTE           equ	16334	;# 
   775   003FD2                     INTCON0         equ	16338	;# 
   776   003FD3                     INTCON1         equ	16339	;# 
   777   003FD4                     IVTLOCK         equ	16340	;# 
   778   003FD5                     IVTBASE         equ	16341	;# 
   779   003FD5                     IVTBASEL        equ	16341	;# 
   780   003FD6                     IVTBASEH        equ	16342	;# 
   781   003FD7                     IVTBASEU        equ	16343	;# 
   782   003FD8                     STATUS          equ	16344	;# 
   783   003FD9                     FSR2            equ	16345	;# 
   784   003FD9                     FSR2L           equ	16345	;# 
   785   003FDA                     FSR2H           equ	16346	;# 
   786   003FDB                     PLUSW2          equ	16347	;# 
   787   003FDC                     PREINC2         equ	16348	;# 
   788   003FDD                     POSTDEC2        equ	16349	;# 
   789   003FDE                     POSTINC2        equ	16350	;# 
   790   003FDF                     INDF2           equ	16351	;# 
   791   003FE0                     BSR             equ	16352	;# 
   792   003FE1                     FSR1            equ	16353	;# 
   793   003FE1                     FSR1L           equ	16353	;# 
   794   003FE2                     FSR1H           equ	16354	;# 
   795   003FE3                     PLUSW1          equ	16355	;# 
   796   003FE4                     PREINC1         equ	16356	;# 
   797   003FE5                     POSTDEC1        equ	16357	;# 
   798   003FE6                     POSTINC1        equ	16358	;# 
   799   003FE7                     INDF1           equ	16359	;# 
   800   003FE8                     WREG            equ	16360	;# 
   801   003FE9                     FSR0            equ	16361	;# 
   802   003FE9                     FSR0L           equ	16361	;# 
   803   003FEA                     FSR0H           equ	16362	;# 
   804   003FEB                     PLUSW0          equ	16363	;# 
   805   003FEC                     PREINC0         equ	16364	;# 
   806   003FED                     POSTDEC0        equ	16365	;# 
   807   003FEE                     POSTINC0        equ	16366	;# 
   808   003FEF                     INDF0           equ	16367	;# 
   809   003FF0                     PCON0           equ	16368	;# 
   810   003FF1                     PCON1           equ	16369	;# 
   811   003FF3                     PROD            equ	16371	;# 
   812   003FF3                     PRODL           equ	16371	;# 
   813   003FF4                     PRODH           equ	16372	;# 
   814   003FF5                     TABLAT          equ	16373	;# 
   815   003FF6                     TBLPTR          equ	16374	;# 
   816   003FF6                     TBLPTRL         equ	16374	;# 
   817   003FF7                     TBLPTRH         equ	16375	;# 
   818   003FF8                     TBLPTRU         equ	16376	;# 
   819   003FF9                     PCLAT           equ	16377	;# 
   820   003FF9                     PCL             equ	16377	;# 
   821   003FFA                     PCLATH          equ	16378	;# 
   822   003FFB                     PCLATU          equ	16379	;# 
   823   003FFC                     STKPTR          equ	16380	;# 
   824   003FFD                     TOS             equ	16381	;# 
   825   003FFD                     TOSL            equ	16381	;# 
   826   003FFE                     TOSH            equ	16382	;# 
   827   003FFF                     TOSU            equ	16383	;# 
   828                           
   829                           	psect	idataCOMRAM
   830   002328                     __pidataCOMRAM:
   831                           	callstack 0
   832                           
   833                           ;initializer for _duty_value
   834   002328  002F               	dw	47
   835                           
   836                           ;initializer for _PWM2_INITIALIZE_DUTY_VALUE
   837   00232A  002F               	dw	47
   838   00232C  0000               	dw	0
   839   0039DF                     _OSCFRQ         set	14815
   840   0039DC                     _OSCSTATbits    set	14812
   841   0039A4                     _PIR4bits       set	14756
   842   003A70                     _ANSELD         set	14960
   843   003A50                     _ANSELB         set	14928
   844   003A0B                     _RB3PPS         set	14859
   845   003ABF                     _PPSLOCKbits    set	15039
   846   003ABF                     _PPSLOCK        set	15039
   847   003F5E                     _CCPTMRS0bits   set	16222
   848   003FCD                     _PORTDbits      set	16333
   849   003FCB                     _PORTBbits      set	16331
   850   003FAC                     _T2CON          set	16300
   851   003FC5                     _TRISD          set	16325
   852   003FCB                     _PORTB          set	16331
   853   003FC3                     _TRISB          set	16323
   854   003F7A                     _CCP2CONbits    set	16250
   855   003F78                     _CCPR2L         set	16248
   856   003F79                     _CCPR2H         set	16249
   857   003F7A                     _CCP2CON        set	16250
   858   003FC3                     _TRISBbits      set	16323
   859   003FAB                     _PR2            set	16299
   860   003FAA                     _TMR2           set	16298
   861   003FAC                     _T2CONbits      set	16300
   862   003FAA                     _T2TMR          set	16298
   863   003FAB                     _T2PR           set	16299
   864   003FAF                     _T2RST          set	16303
   865   003FAD                     _T2HLT          set	16301
   866   003FAE                     _T2CLKCON       set	16302
   867                           
   868                           ; #config settings
   869                           
   870                           	psect	cinit
   871   002262                     __pcinit:
   872                           	callstack 0
   873   002262                     start_initialization:
   874                           	callstack 0
   875   002262                     __initialization:
   876                           	callstack 0
   877                           
   878                           ; Initialize objects allocated to COMRAM (6 bytes)
   879                           ; load TBLPTR registers with __pidataCOMRAM
   880   002262  0E28               	movlw	low __pidataCOMRAM
   881   002264  6EF6               	movwf	tblptrl,c
   882   002266  0E23               	movlw	high __pidataCOMRAM
   883   002268  6EF7               	movwf	tblptrh,c
   884   00226A  0E00               	movlw	low (__pidataCOMRAM shr (0+16))
   885   00226C  6EF8               	movwf	tblptru,c
   886   00226E  EE00  F01C         	lfsr	0,__pdataCOMRAM
   887   002272  EE10 F006          	lfsr	1,6
   888   002276                     copy_data0:
   889   002276  0009               	tblrd		*+
   890   002278  006F FFD7 FFEE     	movff	tablat,postinc0
   891   00227E  50E5               	movf	postdec1,w,c
   892   002280  50E1               	movf	fsr1l,w,c
   893   002282  E1F9               	bnz	copy_data0
   894                           
   895                           ; Clear objects allocated to COMRAM (4 bytes)
   896   002284  6A25               	clrf	(__pbssCOMRAM+3)& (0+255),c
   897   002286  6A24               	clrf	(__pbssCOMRAM+2)& (0+255),c
   898   002288  6A23               	clrf	(__pbssCOMRAM+1)& (0+255),c
   899   00228A  6A22               	clrf	__pbssCOMRAM& (0+255),c
   900   00228C                     end_of_initialization:
   901                           	callstack 0
   902   00228C                     __end_of__initialization:
   903                           	callstack 0
   904   00228C  0100               	movlb	0
   905   00228E  EF01  F010         	goto	_main	;jump to C main() function
   906                           
   907                           	psect	bssCOMRAM
   908   000022                     __pbssCOMRAM:
   909                           	callstack 0
   910   000022                     _checkdutyCycle:
   911                           	callstack 0
   912   000022                     	ds	2
   913   000024                     _pwmStatus:
   914                           	callstack 0
   915   000024                     	ds	1
   916   000025                     _preScale:
   917                           	callstack 0
   918   000025                     	ds	1
   919                           
   920                           	psect	dataCOMRAM
   921   00001C                     __pdataCOMRAM:
   922                           	callstack 0
   923   00001C                     _duty_value:
   924                           	callstack 0
   925   00001C                     	ds	2
   926   00001E                     _PWM2_INITIALIZE_DUTY_VALUE:
   927                           	callstack 0
   928   00001E                     	ds	4
   929                           
   930                           	psect	cstackCOMRAM
   931   000001                     __pcstackCOMRAM:
   932                           	callstack 0
   933   000001                     ?___lmul:
   934                           	callstack 0
   935   000001                     PWM2_LoadDutyValue@dutyValue:
   936                           	callstack 0
   937   000001                     ___lmul@multiplier:
   938                           	callstack 0
   939   000001                     
   940                           ; 1 bytes @ 0x0
   941   000001                     	ds	2
   942   000003                     
   943                           ; 1 bytes @ 0x2
   944   000003                     	ds	2
   945   000005                     ___lmul@multiplicand:
   946                           	callstack 0
   947                           
   948                           ; 4 bytes @ 0x4
   949   000005                     	ds	4
   950   000009                     ___lmul@product:
   951                           	callstack 0
   952   000009                     
   953                           ; 1 bytes @ 0x8
   954   000009                     	ds	4
   955   00000D                     ?___lldiv:
   956                           	callstack 0
   957   00000D                     ___lldiv@dividend:
   958                           	callstack 0
   959                           
   960                           ; 4 bytes @ 0xC
   961   00000D                     	ds	4
   962   000011                     ___lldiv@divisor:
   963                           	callstack 0
   964                           
   965                           ; 4 bytes @ 0x10
   966   000011                     	ds	4
   967   000015                     ___lldiv@quotient:
   968                           	callstack 0
   969   000015                     
   970                           ; 1 bytes @ 0x14
   971   000015                     	ds	4
   972   000019                     ___lldiv@counter:
   973                           	callstack 0
   974                           
   975                           ; 1 bytes @ 0x18
   976   000019                     	ds	1
   977   00001A                     ??_main:
   978                           
   979                           ; 1 bytes @ 0x19
   980   00001A                     	ds	2
   981                           
   982 ;;
   983 ;;Main: autosize = 0, tempsize = 2, incstack = 0, save=0
   984 ;;
   985 ;; *************** function _main *****************
   986 ;; Defined at:
   987 ;;		line 45 in file "maincode.c"
   988 ;; Parameters:    Size  Location     Type
   989 ;;		None
   990 ;; Auto vars:     Size  Location     Type
   991 ;;		None
   992 ;; Return value:  Size  Location     Type
   993 ;;                  1    wreg      void 
   994 ;; Registers used:
   995 ;;		wreg, status,2, status,0, cstack
   996 ;; Tracked objects:
   997 ;;		On entry : 0/0
   998 ;;		On exit  : 0/0
   999 ;;		Unchanged: 0/0
  1000 ;; Data sizes:     COMRAM   BANK0   BANK1   BANK2   BANK3   BANK4   BANK5   BANK6   BANK7   BANK8   BANK9  BANK10  BANK1
      +1  BANK12  BANK13  BANK14  BANK15  BANK16  BANK17  BANK18  BANK19  BANK20  BANK21  BANK22  BANK23  BANK24  BANK25  BANK2
      +6  BANK27  BANK28  BANK29  BANK30  BANK31
  1001 ;;      Params:         0       0       0       0       0       0       0       0       0       0       0       0       
      +0       0       0       0       0       0       0       0       0       0       0       0       0       0       0       
      +0       0       0       0       0       0
  1002 ;;      Locals:         0       0       0       0       0       0       0       0       0       0       0       0       
      +0       0       0       0       0       0       0       0       0       0       0       0       0       0       0       
      +0       0       0       0       0       0
  1003 ;;      Temps:          2       0       0       0       0       0       0       0       0       0       0       0       
      +0       0       0       0       0       0       0       0       0       0       0       0       0       0       0       
      +0       0       0       0       0       0
  1004 ;;      Totals:         2       0       0       0       0       0       0       0       0       0       0       0       
      +0       0       0       0       0       0       0       0       0       0       0       0       0       0       0       
      +0       0       0       0       0       0
  1005 ;;Total ram usage:        2 bytes
  1006 ;; Hardware stack levels required when called: 2
  1007 ;; This function calls:
  1008 ;;		_PWM2_Initialize
  1009 ;;		_PWM2_LoadDutyValue
  1010 ;;		_PWM2_OutputStatusGet
  1011 ;;		_PWM_Output_D8_Enable
  1012 ;;		_TMR2_Initialize
  1013 ;;		_TMR2_StartTimer
  1014 ;;		___lldiv
  1015 ;;		___lmul
  1016 ;; This function is called by:
  1017 ;;		Startup code after reset
  1018 ;; This function uses a non-reentrant model
  1019 ;;
  1020                           
  1021                           	psect	text0
  1022   002002                     __ptext0:
  1023                           	callstack 0
  1024   002002                     _main:
  1025                           	callstack 29
  1026   002002                     
  1027                           ;maincode.c: 46:     OSCSTATbits.HFOR =1;
  1028   002002  0139               	movlb	57	; () banked
  1029   002004  8DDC               	bsf	220,6,b	;volatile
  1030   002006                     
  1031                           ; BSR set to: 57
  1032                           ;maincode.c: 47:     OSCFRQ=0x02;
  1033   002006  0E02               	movlw	2
  1034   002008  6FDF               	movwf	223,b	;volatile
  1035   00200A                     
  1036                           ; BSR set to: 57
  1037                           ;maincode.c: 49:     ANSELB = 0b00000000;
  1038   00200A  013A               	movlb	58	; () banked
  1039   00200C  6B50               	clrf	80,b	;volatile
  1040   00200E                     
  1041                           ; BSR set to: 58
  1042                           ;maincode.c: 50:     TRISB= 0b00000000;
  1043   00200E  6AC3               	clrf	195,c	;volatile
  1044   002010                     
  1045                           ; BSR set to: 58
  1046                           ;maincode.c: 51:     PORTB= 0b00000000;
  1047   002010  6ACB               	clrf	203,c	;volatile
  1048   002012                     
  1049                           ; BSR set to: 58
  1050                           ;maincode.c: 52:     TMR2_Initialize();
  1051   002012  EC61  F011         	call	_TMR2_Initialize	;wreg free
  1052                           
  1053                           ;maincode.c: 53:     TMR2_StartTimer();
  1054   002016  EC97  F011         	call	_TMR2_StartTimer	;wreg free
  1055   00201A                     
  1056                           ;maincode.c: 54:     ANSELD = 0x00;
  1057   00201A  013A               	movlb	58	; () banked
  1058   00201C  6B70               	clrf	112,b	;volatile
  1059   00201E                     
  1060                           ; BSR set to: 58
  1061                           ;maincode.c: 55:     TRISD = 0b00000011;
  1062   00201E  0E03               	movlw	3
  1063   002020  6EC5               	movwf	197,c	;volatile
  1064                           
  1065                           ;maincode.c: 57:     PWM_Output_D8_Enable();
  1066   002022  EC70  F011         	call	_PWM_Output_D8_Enable	;wreg free
  1067                           
  1068                           ;maincode.c: 58:     PWM2_Initialize();
  1069   002026  EC7F  F011         	call	_PWM2_Initialize	;wreg free
  1070   00202A                     
  1071                           ;maincode.c: 59:     PWM2_LoadDutyValue(PWM2_INITIALIZE_DUTY_VALUE );
  1072   00202A  C01E  F001         	movff	_PWM2_INITIALIZE_DUTY_VALUE,PWM2_LoadDutyValue@dutyValue
  1073   00202E  C01F  F002         	movff	_PWM2_INITIALIZE_DUTY_VALUE+1,PWM2_LoadDutyValue@dutyValue+1
  1074   002032  EC49  F011         	call	_PWM2_LoadDutyValue	;wreg free
  1075   002036                     
  1076                           ;maincode.c: 64:     checkdutyCycle =(uint16_t)((100UL*PWM2_INITIALIZE_DUTY_VALUE)/(4*(T
      +                          2PR+1)));
  1077   002036  C01E  F001         	movff	_PWM2_INITIALIZE_DUTY_VALUE,___lmul@multiplier
  1078   00203A  C01F  F002         	movff	_PWM2_INITIALIZE_DUTY_VALUE+1,___lmul@multiplier+1
  1079   00203E  C020  F003         	movff	_PWM2_INITIALIZE_DUTY_VALUE+2,___lmul@multiplier+2
  1080   002042  C021  F004         	movff	_PWM2_INITIALIZE_DUTY_VALUE+3,___lmul@multiplier+3
  1081   002046  0E64               	movlw	100
  1082   002048  6E05               	movwf	___lmul@multiplicand^0,c
  1083   00204A  0E00               	movlw	0
  1084   00204C  6E06               	movwf	(___lmul@multiplicand+1)^0,c
  1085   00204E  0E00               	movlw	0
  1086   002050  6E07               	movwf	(___lmul@multiplicand+2)^0,c
  1087   002052  0E00               	movlw	0
  1088   002054  6E08               	movwf	(___lmul@multiplicand+3)^0,c
  1089   002056  ECFC  F010         	call	___lmul	;wreg free
  1090   00205A  C001  F00D         	movff	?___lmul,___lldiv@dividend
  1091   00205E  C002  F00E         	movff	?___lmul+1,___lldiv@dividend+1
  1092   002062  C003  F00F         	movff	?___lmul+2,___lldiv@dividend+2
  1093   002066  C004  F010         	movff	?___lmul+3,___lldiv@dividend+3
  1094   00206A  50AB               	movf	171,w,c	;volatile
  1095   00206C  6E1A               	movwf	??_main^0,c
  1096   00206E  6A1B               	clrf	(??_main+1)^0,c
  1097   002070  90D8               	bcf	status,0,c
  1098   002072  361A               	rlcf	??_main^0,f,c
  1099   002074  361B               	rlcf	(??_main+1)^0,f,c
  1100   002076  90D8               	bcf	status,0,c
  1101   002078  361A               	rlcf	??_main^0,f,c
  1102   00207A  361B               	rlcf	(??_main+1)^0,f,c
  1103   00207C  0E04               	movlw	4
  1104   00207E  261A               	addwf	??_main^0,f,c
  1105   002080  0E00               	movlw	0
  1106   002082  221B               	addwfc	(??_main+1)^0,f,c
  1107   002084  C01A  F011         	movff	??_main,___lldiv@divisor
  1108   002088  C01B  F012         	movff	??_main+1,___lldiv@divisor+1
  1109   00208C  0E00               	movlw	0
  1110   00208E  BE12               	btfsc	(___lldiv@divisor+1)^0,7,c
  1111   002090  0EFF               	movlw	-1
  1112   002092  6E13               	movwf	(___lldiv@divisor+2)^0,c
  1113   002094  6E14               	movwf	(___lldiv@divisor+3)^0,c
  1114   002096  ECAA  F010         	call	___lldiv	;wreg free
  1115   00209A  C00D  F022         	movff	?___lldiv,_checkdutyCycle
  1116   00209E  C00E  F023         	movff	?___lldiv+1,_checkdutyCycle+1
  1117   0020A2                     
  1118                           ;maincode.c: 66:     preScale = ((T2CON >> 4) & (0x0F));
  1119   0020A2  38AC               	swapf	172,w,c	;volatile
  1120   0020A4  0B0F               	andlw	15
  1121   0020A6  0B0F               	andlw	15
  1122   0020A8  6E25               	movwf	_preScale^0,c
  1123   0020AA                     l1140:
  1124                           
  1125                           ;maincode.c: 69:         pwmStatus = PWM2_OutputStatusGet();
  1126   0020AA  EC8A  F011         	call	_PWM2_OutputStatusGet	;wreg free
  1127   0020AE  6E24               	movwf	_pwmStatus^0,c
  1128   0020B0                     
  1129                           ;maincode.c: 70:         PORTBbits.RB2 = pwmStatus;
  1130   0020B0  B024               	btfsc	_pwmStatus^0,0,c
  1131   0020B2  D002               	bra	u215
  1132   0020B4  94CB               	bcf	203,2,c	;volatile
  1133   0020B6  D001               	bra	u216
  1134   0020B8                     u215:
  1135   0020B8  84CB               	bsf	203,2,c	;volatile
  1136   0020BA                     u216:
  1137   0020BA                     
  1138                           ;maincode.c: 71:         if (PORTDbits.RD1){
  1139   0020BA  A2CD               	btfss	205,1,c	;volatile
  1140   0020BC  EF62  F010         	goto	u221
  1141   0020C0  EF64  F010         	goto	u220
  1142   0020C4                     u221:
  1143   0020C4  EF82  F010         	goto	l1154
  1144   0020C8                     u220:
  1145   0020C8                     
  1146                           ;maincode.c: 72:             if (duty_value > 10){
  1147   0020C8  BE1D               	btfsc	(_duty_value+1)^0,7,c
  1148   0020CA  EF70  F010         	goto	u231
  1149   0020CE  501D               	movf	(_duty_value+1)^0,w,c
  1150   0020D0  E109               	bnz	u230
  1151   0020D2  0E0B               	movlw	11
  1152   0020D4  5C1C               	subwf	_duty_value^0,w,c
  1153   0020D6  A0D8               	btfss	status,0,c
  1154   0020D8  EF70  F010         	goto	u231
  1155   0020DC  EF72  F010         	goto	u230
  1156   0020E0                     u231:
  1157   0020E0  EF75  F010         	goto	l1150
  1158   0020E4                     u230:
  1159   0020E4                     
  1160                           ;maincode.c: 73:                 duty_value--;
  1161   0020E4  061C               	decf	_duty_value^0,f,c
  1162   0020E6  A0D8               	btfss	status,0,c
  1163   0020E8  061D               	decf	(_duty_value+1)^0,f,c
  1164   0020EA                     l1150:
  1165                           
  1166                           ;maincode.c: 75:             PWM2_LoadDutyValue(duty_value);
  1167   0020EA  C01C  F001         	movff	_duty_value,PWM2_LoadDutyValue@dutyValue
  1168   0020EE  C01D  F002         	movff	_duty_value+1,PWM2_LoadDutyValue@dutyValue+1
  1169   0020F2  EC49  F011         	call	_PWM2_LoadDutyValue	;wreg free
  1170   0020F6                     
  1171                           ;maincode.c: 76:             _delay((unsigned long)((70)*(4000000/4000.0)));
  1172   0020F6  0E5B               	movlw	91
  1173   0020F8  6E1A               	movwf	??_main^0,c
  1174   0020FA  0EE8               	movlw	232
  1175   0020FC                     u267:
  1176   0020FC  2EE8               	decfsz	wreg,f,c
  1177   0020FE  D7FE               	bra	u267
  1178   002100  2E1A               	decfsz	??_main^0,f,c
  1179   002102  D7FC               	bra	u267
  1180   002104                     l1154:
  1181                           
  1182                           ;maincode.c: 78:         if (PORTDbits.RD0){
  1183   002104  A0CD               	btfss	205,0,c	;volatile
  1184   002106  EF87  F010         	goto	u241
  1185   00210A  EF89  F010         	goto	u240
  1186   00210E                     u241:
  1187   00210E  EF55  F010         	goto	l1140
  1188   002112                     u240:
  1189   002112                     
  1190                           ;maincode.c: 79:             if (duty_value < 78){
  1191   002112  BE1D               	btfsc	(_duty_value+1)^0,7,c
  1192   002114  EF97  F010         	goto	u250
  1193   002118  501D               	movf	(_duty_value+1)^0,w,c
  1194   00211A  E107               	bnz	u251
  1195   00211C  0E4E               	movlw	78
  1196   00211E  5C1C               	subwf	_duty_value^0,w,c
  1197   002120  B0D8               	btfsc	status,0,c
  1198   002122  EF95  F010         	goto	u251
  1199   002126  EF97  F010         	goto	u250
  1200   00212A                     u251:
  1201   00212A  EF99  F010         	goto	l1160
  1202   00212E                     u250:
  1203   00212E                     
  1204                           ;maincode.c: 80:                 duty_value++;
  1205   00212E  4A1C               	infsnz	_duty_value^0,f,c
  1206   002130  2A1D               	incf	(_duty_value+1)^0,f,c
  1207   002132                     l1160:
  1208                           
  1209                           ;maincode.c: 82:             PWM2_LoadDutyValue(duty_value);
  1210   002132  C01C  F001         	movff	_duty_value,PWM2_LoadDutyValue@dutyValue
  1211   002136  C01D  F002         	movff	_duty_value+1,PWM2_LoadDutyValue@dutyValue+1
  1212   00213A  EC49  F011         	call	_PWM2_LoadDutyValue	;wreg free
  1213   00213E                     
  1214                           ;maincode.c: 83:             _delay((unsigned long)((70)*(4000000/4000.0)));
  1215   00213E  0E5B               	movlw	91
  1216   002140  6E1A               	movwf	??_main^0,c
  1217   002142  0EE8               	movlw	232
  1218   002144                     u277:
  1219   002144  2EE8               	decfsz	wreg,f,c
  1220   002146  D7FE               	bra	u277
  1221   002148  2E1A               	decfsz	??_main^0,f,c
  1222   00214A  D7FC               	bra	u277
  1223   00214C  EF55  F010         	goto	l1140
  1224   002150  EFFE  F0FF         	goto	start
  1225   002154                     __end_of_main:
  1226                           	callstack 0
  1227                           
  1228 ;; *************** function ___lmul *****************
  1229 ;; Defined at:
  1230 ;;		line 15 in file "C:\Program Files\Microchip\xc8\v3.10\pic\sources\c99\common\Umul32.c"
  1231 ;; Parameters:    Size  Location     Type
  1232 ;;  multiplier      4    0[COMRAM] unsigned long 
  1233 ;;  multiplicand    4    4[COMRAM] unsigned long 
  1234 ;; Auto vars:     Size  Location     Type
  1235 ;;  product         4    8[COMRAM] unsigned long 
  1236 ;; Return value:  Size  Location     Type
  1237 ;;                  4    0[COMRAM] unsigned long 
  1238 ;; Registers used:
  1239 ;;		wreg, status,2, status,0
  1240 ;; Tracked objects:
  1241 ;;		On entry : 0/0
  1242 ;;		On exit  : 0/0
  1243 ;;		Unchanged: 0/0
  1244 ;; Data sizes:     COMRAM   BANK0   BANK1   BANK2   BANK3   BANK4   BANK5   BANK6   BANK7   BANK8   BANK9  BANK10  BANK1
      +1  BANK12  BANK13  BANK14  BANK15  BANK16  BANK17  BANK18  BANK19  BANK20  BANK21  BANK22  BANK23  BANK24  BANK25  BANK2
      +6  BANK27  BANK28  BANK29  BANK30  BANK31
  1245 ;;      Params:         8       0       0       0       0       0       0       0       0       0       0       0       
      +0       0       0       0       0       0       0       0       0       0       0       0       0       0       0       
      +0       0       0       0       0       0
  1246 ;;      Locals:         4       0       0       0       0       0       0       0       0       0       0       0       
      +0       0       0       0       0       0       0       0       0       0       0       0       0       0       0       
      +0       0       0       0       0       0
  1247 ;;      Temps:          0       0       0       0       0       0       0       0       0       0       0       0       
      +0       0       0       0       0       0       0       0       0       0       0       0       0       0       0       
      +0       0       0       0       0       0
  1248 ;;      Totals:        12       0       0       0       0       0       0       0       0       0       0       0       
      +0       0       0       0       0       0       0       0       0       0       0       0       0       0       0       
      +0       0       0       0       0       0
  1249 ;;Total ram usage:       12 bytes
  1250 ;; Hardware stack levels used: 1
  1251 ;; This function calls:
  1252 ;;		Nothing
  1253 ;; This function is called by:
  1254 ;;		_main
  1255 ;; This function uses a non-reentrant model
  1256 ;;
  1257                           
  1258                           	psect	text1
  1259   0021F8                     __ptext1:
  1260                           	callstack 0
  1261   0021F8                     ___lmul:
  1262                           	callstack 30
  1263   0021F8  0E00               	movlw	0
  1264   0021FA  6E09               	movwf	___lmul@product^0,c
  1265   0021FC  0E00               	movlw	0
  1266   0021FE  6E0A               	movwf	(___lmul@product+1)^0,c
  1267   002200  0E00               	movlw	0
  1268   002202  6E0B               	movwf	(___lmul@product+2)^0,c
  1269   002204  0E00               	movlw	0
  1270   002206  6E0C               	movwf	(___lmul@product+3)^0,c
  1271   002208                     l1088:
  1272   002208  A001               	btfss	___lmul@multiplier^0,0,c
  1273   00220A  EF09  F011         	goto	u161
  1274   00220E  EF0B  F011         	goto	u160
  1275   002212                     u161:
  1276   002212  EF13  F011         	goto	l1092
  1277   002216                     u160:
  1278   002216  5005               	movf	___lmul@multiplicand^0,w,c
  1279   002218  2609               	addwf	___lmul@product^0,f,c
  1280   00221A  5006               	movf	(___lmul@multiplicand+1)^0,w,c
  1281   00221C  220A               	addwfc	(___lmul@product+1)^0,f,c
  1282   00221E  5007               	movf	(___lmul@multiplicand+2)^0,w,c
  1283   002220  220B               	addwfc	(___lmul@product+2)^0,f,c
  1284   002222  5008               	movf	(___lmul@multiplicand+3)^0,w,c
  1285   002224  220C               	addwfc	(___lmul@product+3)^0,f,c
  1286   002226                     l1092:
  1287   002226  90D8               	bcf	status,0,c
  1288   002228  3605               	rlcf	___lmul@multiplicand^0,f,c
  1289   00222A  3606               	rlcf	(___lmul@multiplicand+1)^0,f,c
  1290   00222C  3607               	rlcf	(___lmul@multiplicand+2)^0,f,c
  1291   00222E  3608               	rlcf	(___lmul@multiplicand+3)^0,f,c
  1292   002230  90D8               	bcf	status,0,c
  1293   002232  3204               	rrcf	(___lmul@multiplier+3)^0,f,c
  1294   002234  3203               	rrcf	(___lmul@multiplier+2)^0,f,c
  1295   002236  3202               	rrcf	(___lmul@multiplier+1)^0,f,c
  1296   002238  3201               	rrcf	___lmul@multiplier^0,f,c
  1297   00223A  5001               	movf	___lmul@multiplier^0,w,c
  1298   00223C  1002               	iorwf	(___lmul@multiplier+1)^0,w,c
  1299   00223E  1003               	iorwf	(___lmul@multiplier+2)^0,w,c
  1300   002240  1004               	iorwf	(___lmul@multiplier+3)^0,w,c
  1301   002242  A4D8               	btfss	status,2,c
  1302   002244  EF26  F011         	goto	u171
  1303   002248  EF28  F011         	goto	u170
  1304   00224C                     u171:
  1305   00224C  EF04  F011         	goto	l1088
  1306   002250                     u170:
  1307   002250  C009  F001         	movff	___lmul@product,?___lmul
  1308   002254  C00A  F002         	movff	___lmul@product+1,?___lmul+1
  1309   002258  C00B  F003         	movff	___lmul@product+2,?___lmul+2
  1310   00225C  C00C  F004         	movff	___lmul@product+3,?___lmul+3
  1311   002260  0012               	return		;funcret
  1312   002262                     __end_of___lmul:
  1313                           	callstack 0
  1314                           
  1315 ;; *************** function ___lldiv *****************
  1316 ;; Defined at:
  1317 ;;		line 7 in file "C:\Program Files\Microchip\xc8\v3.10\pic\sources\c99\common\__lldiv.c"
  1318 ;; Parameters:    Size  Location     Type
  1319 ;;  dividend        4   12[COMRAM] unsigned long 
  1320 ;;  divisor         4   16[COMRAM] unsigned long 
  1321 ;; Auto vars:     Size  Location     Type
  1322 ;;  quotient        4   20[COMRAM] unsigned long 
  1323 ;;  counter         1   24[COMRAM] unsigned char 
  1324 ;; Return value:  Size  Location     Type
  1325 ;;                  4   12[COMRAM] unsigned long 
  1326 ;; Registers used:
  1327 ;;		wreg, status,2, status,0
  1328 ;; Tracked objects:
  1329 ;;		On entry : 0/0
  1330 ;;		On exit  : 0/0
  1331 ;;		Unchanged: 0/0
  1332 ;; Data sizes:     COMRAM   BANK0   BANK1   BANK2   BANK3   BANK4   BANK5   BANK6   BANK7   BANK8   BANK9  BANK10  BANK1
      +1  BANK12  BANK13  BANK14  BANK15  BANK16  BANK17  BANK18  BANK19  BANK20  BANK21  BANK22  BANK23  BANK24  BANK25  BANK2
      +6  BANK27  BANK28  BANK29  BANK30  BANK31
  1333 ;;      Params:         8       0       0       0       0       0       0       0       0       0       0       0       
      +0       0       0       0       0       0       0       0       0       0       0       0       0       0       0       
      +0       0       0       0       0       0
  1334 ;;      Locals:         5       0       0       0       0       0       0       0       0       0       0       0       
      +0       0       0       0       0       0       0       0       0       0       0       0       0       0       0       
      +0       0       0       0       0       0
  1335 ;;      Temps:          0       0       0       0       0       0       0       0       0       0       0       0       
      +0       0       0       0       0       0       0       0       0       0       0       0       0       0       0       
      +0       0       0       0       0       0
  1336 ;;      Totals:        13       0       0       0       0       0       0       0       0       0       0       0       
      +0       0       0       0       0       0       0       0       0       0       0       0       0       0       0       
      +0       0       0       0       0       0
  1337 ;;Total ram usage:       13 bytes
  1338 ;; Hardware stack levels used: 1
  1339 ;; This function calls:
  1340 ;;		Nothing
  1341 ;; This function is called by:
  1342 ;;		_main
  1343 ;; This function uses a non-reentrant model
  1344 ;;
  1345                           
  1346                           	psect	text2
  1347   002154                     __ptext2:
  1348                           	callstack 0
  1349   002154                     ___lldiv:
  1350                           	callstack 30
  1351   002154  0E00               	movlw	0
  1352   002156  6E15               	movwf	___lldiv@quotient^0,c
  1353   002158  0E00               	movlw	0
  1354   00215A  6E16               	movwf	(___lldiv@quotient+1)^0,c
  1355   00215C  0E00               	movlw	0
  1356   00215E  6E17               	movwf	(___lldiv@quotient+2)^0,c
  1357   002160  0E00               	movlw	0
  1358   002162  6E18               	movwf	(___lldiv@quotient+3)^0,c
  1359   002164  5011               	movf	___lldiv@divisor^0,w,c
  1360   002166  1012               	iorwf	(___lldiv@divisor+1)^0,w,c
  1361   002168  1013               	iorwf	(___lldiv@divisor+2)^0,w,c
  1362   00216A  1014               	iorwf	(___lldiv@divisor+3)^0,w,c
  1363   00216C  B4D8               	btfsc	status,2,c
  1364   00216E  EFBB  F010         	goto	u181
  1365   002172  EFBD  F010         	goto	u180
  1366   002176                     u181:
  1367   002176  EFF3  F010         	goto	l160
  1368   00217A                     u180:
  1369   00217A  0E01               	movlw	1
  1370   00217C  6E19               	movwf	___lldiv@counter^0,c
  1371   00217E  EFC7  F010         	goto	l1104
  1372   002182                     l1102:
  1373   002182  90D8               	bcf	status,0,c
  1374   002184  3611               	rlcf	___lldiv@divisor^0,f,c
  1375   002186  3612               	rlcf	(___lldiv@divisor+1)^0,f,c
  1376   002188  3613               	rlcf	(___lldiv@divisor+2)^0,f,c
  1377   00218A  3614               	rlcf	(___lldiv@divisor+3)^0,f,c
  1378   00218C  2A19               	incf	___lldiv@counter^0,f,c
  1379   00218E                     l1104:
  1380   00218E  AE14               	btfss	(___lldiv@divisor+3)^0,7,c
  1381   002190  EFCC  F010         	goto	u191
  1382   002194  EFCE  F010         	goto	u190
  1383   002198                     u191:
  1384   002198  EFC1  F010         	goto	l1102
  1385   00219C                     u190:
  1386   00219C                     l1106:
  1387   00219C  90D8               	bcf	status,0,c
  1388   00219E  3615               	rlcf	___lldiv@quotient^0,f,c
  1389   0021A0  3616               	rlcf	(___lldiv@quotient+1)^0,f,c
  1390   0021A2  3617               	rlcf	(___lldiv@quotient+2)^0,f,c
  1391   0021A4  3618               	rlcf	(___lldiv@quotient+3)^0,f,c
  1392   0021A6  5011               	movf	___lldiv@divisor^0,w,c
  1393   0021A8  5C0D               	subwf	___lldiv@dividend^0,w,c
  1394   0021AA  5012               	movf	(___lldiv@divisor+1)^0,w,c
  1395   0021AC  580E               	subwfb	(___lldiv@dividend+1)^0,w,c
  1396   0021AE  5013               	movf	(___lldiv@divisor+2)^0,w,c
  1397   0021B0  580F               	subwfb	(___lldiv@dividend+2)^0,w,c
  1398   0021B2  5014               	movf	(___lldiv@divisor+3)^0,w,c
  1399   0021B4  5810               	subwfb	(___lldiv@dividend+3)^0,w,c
  1400   0021B6  A0D8               	btfss	status,0,c
  1401   0021B8  EFE0  F010         	goto	u201
  1402   0021BC  EFE2  F010         	goto	u200
  1403   0021C0                     u201:
  1404   0021C0  EFEB  F010         	goto	l1114
  1405   0021C4                     u200:
  1406   0021C4  5011               	movf	___lldiv@divisor^0,w,c
  1407   0021C6  5E0D               	subwf	___lldiv@dividend^0,f,c
  1408   0021C8  5012               	movf	(___lldiv@divisor+1)^0,w,c
  1409   0021CA  5A0E               	subwfb	(___lldiv@dividend+1)^0,f,c
  1410   0021CC  5013               	movf	(___lldiv@divisor+2)^0,w,c
  1411   0021CE  5A0F               	subwfb	(___lldiv@dividend+2)^0,f,c
  1412   0021D0  5014               	movf	(___lldiv@divisor+3)^0,w,c
  1413   0021D2  5A10               	subwfb	(___lldiv@dividend+3)^0,f,c
  1414   0021D4  8015               	bsf	___lldiv@quotient^0,0,c
  1415   0021D6                     l1114:
  1416   0021D6  90D8               	bcf	status,0,c
  1417   0021D8  3214               	rrcf	(___lldiv@divisor+3)^0,f,c
  1418   0021DA  3213               	rrcf	(___lldiv@divisor+2)^0,f,c
  1419   0021DC  3212               	rrcf	(___lldiv@divisor+1)^0,f,c
  1420   0021DE  3211               	rrcf	___lldiv@divisor^0,f,c
  1421   0021E0  2E19               	decfsz	___lldiv@counter^0,f,c
  1422   0021E2  EFCE  F010         	goto	l1106
  1423   0021E6                     l160:
  1424   0021E6  C015  F00D         	movff	___lldiv@quotient,?___lldiv
  1425   0021EA  C016  F00E         	movff	___lldiv@quotient+1,?___lldiv+1
  1426   0021EE  C017  F00F         	movff	___lldiv@quotient+2,?___lldiv+2
  1427   0021F2  C018  F010         	movff	___lldiv@quotient+3,?___lldiv+3
  1428   0021F6  0012               	return		;funcret
  1429   0021F8                     __end_of___lldiv:
  1430                           	callstack 0
  1431                           
  1432 ;; *************** function _TMR2_StartTimer *****************
  1433 ;; Defined at:
  1434 ;;		line 76 in file "./header.h"
  1435 ;; Parameters:    Size  Location     Type
  1436 ;;		None
  1437 ;; Auto vars:     Size  Location     Type
  1438 ;;		None
  1439 ;; Return value:  Size  Location     Type
  1440 ;;                  1    wreg      void 
  1441 ;; Registers used:
  1442 ;;		cstack
  1443 ;; Tracked objects:
  1444 ;;		On entry : 0/0
  1445 ;;		On exit  : 0/0
  1446 ;;		Unchanged: 0/0
  1447 ;; Data sizes:     COMRAM   BANK0   BANK1   BANK2   BANK3   BANK4   BANK5   BANK6   BANK7   BANK8   BANK9  BANK10  BANK1
      +1  BANK12  BANK13  BANK14  BANK15  BANK16  BANK17  BANK18  BANK19  BANK20  BANK21  BANK22  BANK23  BANK24  BANK25  BANK2
      +6  BANK27  BANK28  BANK29  BANK30  BANK31
  1448 ;;      Params:         0       0       0       0       0       0       0       0       0       0       0       0       
      +0       0       0       0       0       0       0       0       0       0       0       0       0       0       0       
      +0       0       0       0       0       0
  1449 ;;      Locals:         0       0       0       0       0       0       0       0       0       0       0       0       
      +0       0       0       0       0       0       0       0       0       0       0       0       0       0       0       
      +0       0       0       0       0       0
  1450 ;;      Temps:          0       0       0       0       0       0       0       0       0       0       0       0       
      +0       0       0       0       0       0       0       0       0       0       0       0       0       0       0       
      +0       0       0       0       0       0
  1451 ;;      Totals:         0       0       0       0       0       0       0       0       0       0       0       0       
      +0       0       0       0       0       0       0       0       0       0       0       0       0       0       0       
      +0       0       0       0       0       0
  1452 ;;Total ram usage:        0 bytes
  1453 ;; Hardware stack levels used: 1
  1454 ;; Hardware stack levels required when called: 1
  1455 ;; This function calls:
  1456 ;;		_TMR2_Start
  1457 ;; This function is called by:
  1458 ;;		_main
  1459 ;; This function uses a non-reentrant model
  1460 ;;
  1461                           
  1462                           	psect	text3
  1463   00232E                     __ptext3:
  1464                           	callstack 0
  1465   00232E                     _TMR2_StartTimer:
  1466                           	callstack 29
  1467   00232E                     
  1468                           ;./header.h: 78:     TMR2_Start();
  1469   00232E  EC9A  F011         	call	_TMR2_Start	;wreg free
  1470   002332  0012               	return		;funcret
  1471   002334                     __end_of_TMR2_StartTimer:
  1472                           	callstack 0
  1473                           
  1474 ;; *************** function _TMR2_Start *****************
  1475 ;; Defined at:
  1476 ;;		line 70 in file "./header.h"
  1477 ;; Parameters:    Size  Location     Type
  1478 ;;		None
  1479 ;; Auto vars:     Size  Location     Type
  1480 ;;		None
  1481 ;; Return value:  Size  Location     Type
  1482 ;;                  1    wreg      void 
  1483 ;; Registers used:
  1484 ;;		None
  1485 ;; Tracked objects:
  1486 ;;		On entry : 0/0
  1487 ;;		On exit  : 0/0
  1488 ;;		Unchanged: 0/0
  1489 ;; Data sizes:     COMRAM   BANK0   BANK1   BANK2   BANK3   BANK4   BANK5   BANK6   BANK7   BANK8   BANK9  BANK10  BANK1
      +1  BANK12  BANK13  BANK14  BANK15  BANK16  BANK17  BANK18  BANK19  BANK20  BANK21  BANK22  BANK23  BANK24  BANK25  BANK2
      +6  BANK27  BANK28  BANK29  BANK30  BANK31
  1490 ;;      Params:         0       0       0       0       0       0       0       0       0       0       0       0       
      +0       0       0       0       0       0       0       0       0       0       0       0       0       0       0       
      +0       0       0       0       0       0
  1491 ;;      Locals:         0       0       0       0       0       0       0       0       0       0       0       0       
      +0       0       0       0       0       0       0       0       0       0       0       0       0       0       0       
      +0       0       0       0       0       0
  1492 ;;      Temps:          0       0       0       0       0       0       0       0       0       0       0       0       
      +0       0       0       0       0       0       0       0       0       0       0       0       0       0       0       
      +0       0       0       0       0       0
  1493 ;;      Totals:         0       0       0       0       0       0       0       0       0       0       0       0       
      +0       0       0       0       0       0       0       0       0       0       0       0       0       0       0       
      +0       0       0       0       0       0
  1494 ;;Total ram usage:        0 bytes
  1495 ;; Hardware stack levels used: 1
  1496 ;; This function calls:
  1497 ;;		Nothing
  1498 ;; This function is called by:
  1499 ;;		_TMR2_StartTimer
  1500 ;; This function uses a non-reentrant model
  1501 ;;
  1502                           
  1503                           	psect	text4
  1504   002334                     __ptext4:
  1505                           	callstack 0
  1506   002334                     _TMR2_Start:
  1507                           	callstack 29
  1508   002334                     
  1509                           ;./header.h: 73:     T2CONbits.TMR2ON = 1;
  1510   002334  8EAC               	bsf	172,7,c	;volatile
  1511   002336  0012               	return		;funcret
  1512   002338                     __end_of_TMR2_Start:
  1513                           	callstack 0
  1514                           
  1515 ;; *************** function _TMR2_Initialize *****************
  1516 ;; Defined at:
  1517 ;;		line 30 in file "./header.h"
  1518 ;; Parameters:    Size  Location     Type
  1519 ;;		None
  1520 ;; Auto vars:     Size  Location     Type
  1521 ;;		None
  1522 ;; Return value:  Size  Location     Type
  1523 ;;                  1    wreg      void 
  1524 ;; Registers used:
  1525 ;;		wreg, status,2
  1526 ;; Tracked objects:
  1527 ;;		On entry : 0/0
  1528 ;;		On exit  : 0/0
  1529 ;;		Unchanged: 0/0
  1530 ;; Data sizes:     COMRAM   BANK0   BANK1   BANK2   BANK3   BANK4   BANK5   BANK6   BANK7   BANK8   BANK9  BANK10  BANK1
      +1  BANK12  BANK13  BANK14  BANK15  BANK16  BANK17  BANK18  BANK19  BANK20  BANK21  BANK22  BANK23  BANK24  BANK25  BANK2
      +6  BANK27  BANK28  BANK29  BANK30  BANK31
  1531 ;;      Params:         0       0       0       0       0       0       0       0       0       0       0       0       
      +0       0       0       0       0       0       0       0       0       0       0       0       0       0       0       
      +0       0       0       0       0       0
  1532 ;;      Locals:         0       0       0       0       0       0       0       0       0       0       0       0       
      +0       0       0       0       0       0       0       0       0       0       0       0       0       0       0       
      +0       0       0       0       0       0
  1533 ;;      Temps:          0       0       0       0       0       0       0       0       0       0       0       0       
      +0       0       0       0       0       0       0       0       0       0       0       0       0       0       0       
      +0       0       0       0       0       0
  1534 ;;      Totals:         0       0       0       0       0       0       0       0       0       0       0       0       
      +0       0       0       0       0       0       0       0       0       0       0       0       0       0       0       
      +0       0       0       0       0       0
  1535 ;;Total ram usage:        0 bytes
  1536 ;; Hardware stack levels used: 1
  1537 ;; This function calls:
  1538 ;;		Nothing
  1539 ;; This function is called by:
  1540 ;;		_main
  1541 ;; This function uses a non-reentrant model
  1542 ;;
  1543                           
  1544                           	psect	text5
  1545   0022C2                     __ptext5:
  1546                           	callstack 0
  1547   0022C2                     _TMR2_Initialize:
  1548                           	callstack 30
  1549   0022C2                     
  1550                           ;./header.h: 35:     T2CLKCON = 0x01;
  1551   0022C2  0E01               	movlw	1
  1552   0022C4  6EAE               	movwf	174,c	;volatile
  1553   0022C6                     
  1554                           ;./header.h: 38:     T2HLT = 0x00;
  1555   0022C6  6AAD               	clrf	173,c	;volatile
  1556   0022C8                     
  1557                           ;./header.h: 41:     T2RST = 0x00;
  1558   0022C8  6AAF               	clrf	175,c	;volatile
  1559                           
  1560                           ;./header.h: 44:     T2PR = 0x9C;
  1561   0022CA  0E9C               	movlw	156
  1562   0022CC  6EAB               	movwf	171,c	;volatile
  1563   0022CE                     
  1564                           ;./header.h: 47:     T2TMR = 0x00;
  1565   0022CE  6AAA               	clrf	170,c	;volatile
  1566   0022D0                     
  1567                           ;./header.h: 50:     PIR4bits.TMR2IF = 0;
  1568   0022D0  0139               	movlb	57	; () banked
  1569   0022D2  95A4               	bcf	164,2,b	;volatile
  1570   0022D4                     
  1571                           ; BSR set to: 57
  1572                           ;./header.h: 53:     T2CONbits.ON = 1;
  1573   0022D4  8EAC               	bsf	172,7,c	;volatile
  1574                           
  1575                           ;./header.h: 54:     T2CONbits.CKPS = 0b111;
  1576   0022D6  0E70               	movlw	112
  1577   0022D8  12AC               	iorwf	172,f,c	;volatile
  1578                           
  1579                           ;./header.h: 55:     T2CONbits.OUTPS = 0x00;
  1580   0022DA  0EF0               	movlw	-16
  1581   0022DC  16AC               	andwf	172,f,c	;volatile
  1582   0022DE                     
  1583                           ; BSR set to: 57
  1584   0022DE  0012               	return		;funcret
  1585   0022E0                     __end_of_TMR2_Initialize:
  1586                           	callstack 0
  1587                           
  1588 ;; *************** function _PWM_Output_D8_Enable *****************
  1589 ;; Defined at:
  1590 ;;		line 144 in file "./header.h"
  1591 ;; Parameters:    Size  Location     Type
  1592 ;;		None
  1593 ;; Auto vars:     Size  Location     Type
  1594 ;;		None
  1595 ;; Return value:  Size  Location     Type
  1596 ;;                  1    wreg      void 
  1597 ;; Registers used:
  1598 ;;		wreg, status,2
  1599 ;; Tracked objects:
  1600 ;;		On entry : 0/0
  1601 ;;		On exit  : 0/0
  1602 ;;		Unchanged: 0/0
  1603 ;; Data sizes:     COMRAM   BANK0   BANK1   BANK2   BANK3   BANK4   BANK5   BANK6   BANK7   BANK8   BANK9  BANK10  BANK1
      +1  BANK12  BANK13  BANK14  BANK15  BANK16  BANK17  BANK18  BANK19  BANK20  BANK21  BANK22  BANK23  BANK24  BANK25  BANK2
      +6  BANK27  BANK28  BANK29  BANK30  BANK31
  1604 ;;      Params:         0       0       0       0       0       0       0       0       0       0       0       0       
      +0       0       0       0       0       0       0       0       0       0       0       0       0       0       0       
      +0       0       0       0       0       0
  1605 ;;      Locals:         0       0       0       0       0       0       0       0       0       0       0       0       
      +0       0       0       0       0       0       0       0       0       0       0       0       0       0       0       
      +0       0       0       0       0       0
  1606 ;;      Temps:          0       0       0       0       0       0       0       0       0       0       0       0       
      +0       0       0       0       0       0       0       0       0       0       0       0       0       0       0       
      +0       0       0       0       0       0
  1607 ;;      Totals:         0       0       0       0       0       0       0       0       0       0       0       0       
      +0       0       0       0       0       0       0       0       0       0       0       0       0       0       0       
      +0       0       0       0       0       0
  1608 ;;Total ram usage:        0 bytes
  1609 ;; Hardware stack levels used: 1
  1610 ;; This function calls:
  1611 ;;		Nothing
  1612 ;; This function is called by:
  1613 ;;		_main
  1614 ;; This function uses a non-reentrant model
  1615 ;;
  1616                           
  1617                           	psect	text6
  1618   0022E0                     __ptext6:
  1619                           	callstack 0
  1620   0022E0                     _PWM_Output_D8_Enable:
  1621                           	callstack 30
  1622   0022E0                     
  1623                           ;./header.h: 145:     PPSLOCK = 0x55;
  1624   0022E0  0E55               	movlw	85
  1625   0022E2  013A               	movlb	58	; () banked
  1626   0022E4  6FBF               	movwf	191,b	;volsfr
  1627                           
  1628                           ;./header.h: 146:     PPSLOCK = 0xAA;
  1629   0022E6  0EAA               	movlw	170
  1630   0022E8  6FBF               	movwf	191,b	;volsfr
  1631   0022EA                     
  1632                           ; BSR set to: 58
  1633                           ;./header.h: 147:     PPSLOCKbits.PPSLOCKED = 0x00;
  1634   0022EA  91BF               	bcf	191,0,b	;volsfr
  1635                           
  1636                           ;./header.h: 150:     RB3PPS = 0x0A;
  1637   0022EC  0E0A               	movlw	10
  1638   0022EE  6F0B               	movwf	11,b	;volatile
  1639   0022F0                     
  1640                           ; BSR set to: 58
  1641                           ;./header.h: 152:     TRISBbits.TRISB3 = 0;
  1642   0022F0  96C3               	bcf	195,3,c	;volatile
  1643                           
  1644                           ;./header.h: 154:     PPSLOCK = 0x55;
  1645   0022F2  0E55               	movlw	85
  1646   0022F4  6FBF               	movwf	191,b	;volsfr
  1647                           
  1648                           ;./header.h: 155:     PPSLOCK = 0xAA;
  1649   0022F6  0EAA               	movlw	170
  1650   0022F8  6FBF               	movwf	191,b	;volsfr
  1651   0022FA                     
  1652                           ; BSR set to: 58
  1653                           ;./header.h: 156:     PPSLOCKbits.PPSLOCKED = 0x01;
  1654   0022FA  81BF               	bsf	191,0,b	;volsfr
  1655   0022FC                     
  1656                           ; BSR set to: 58
  1657   0022FC  0012               	return		;funcret
  1658   0022FE                     __end_of_PWM_Output_D8_Enable:
  1659                           	callstack 0
  1660                           
  1661 ;; *************** function _PWM2_OutputStatusGet *****************
  1662 ;; Defined at:
  1663 ;;		line 209 in file "./header.h"
  1664 ;; Parameters:    Size  Location     Type
  1665 ;;		None
  1666 ;; Auto vars:     Size  Location     Type
  1667 ;;		None
  1668 ;; Return value:  Size  Location     Type
  1669 ;;                  1    wreg      _Bool 
  1670 ;; Registers used:
  1671 ;;		wreg
  1672 ;; Tracked objects:
  1673 ;;		On entry : 0/0
  1674 ;;		On exit  : 0/0
  1675 ;;		Unchanged: 0/0
  1676 ;; Data sizes:     COMRAM   BANK0   BANK1   BANK2   BANK3   BANK4   BANK5   BANK6   BANK7   BANK8   BANK9  BANK10  BANK1
      +1  BANK12  BANK13  BANK14  BANK15  BANK16  BANK17  BANK18  BANK19  BANK20  BANK21  BANK22  BANK23  BANK24  BANK25  BANK2
      +6  BANK27  BANK28  BANK29  BANK30  BANK31
  1677 ;;      Params:         0       0       0       0       0       0       0       0       0       0       0       0       
      +0       0       0       0       0       0       0       0       0       0       0       0       0       0       0       
      +0       0       0       0       0       0
  1678 ;;      Locals:         0       0       0       0       0       0       0       0       0       0       0       0       
      +0       0       0       0       0       0       0       0       0       0       0       0       0       0       0       
      +0       0       0       0       0       0
  1679 ;;      Temps:          0       0       0       0       0       0       0       0       0       0       0       0       
      +0       0       0       0       0       0       0       0       0       0       0       0       0       0       0       
      +0       0       0       0       0       0
  1680 ;;      Totals:         0       0       0       0       0       0       0       0       0       0       0       0       
      +0       0       0       0       0       0       0       0       0       0       0       0       0       0       0       
      +0       0       0       0       0       0
  1681 ;;Total ram usage:        0 bytes
  1682 ;; Hardware stack levels used: 1
  1683 ;; This function calls:
  1684 ;;		Nothing
  1685 ;; This function is called by:
  1686 ;;		_main
  1687 ;; This function uses a non-reentrant model
  1688 ;;
  1689                           
  1690                           	psect	text7
  1691   002314                     __ptext7:
  1692                           	callstack 0
  1693   002314                     _PWM2_OutputStatusGet:
  1694                           	callstack 30
  1695   002314                     
  1696                           ;./header.h: 212:     return(CCP2CONbits.OUT);
  1697   002314  BA7A               	btfsc	122,5,c	;volatile
  1698   002316  EF8F  F011         	goto	u31
  1699   00231A  EF92  F011         	goto	u30
  1700   00231E                     u31:
  1701   00231E  0E01               	movlw	1
  1702   002320  EF93  F011         	goto	u36
  1703   002324                     u30:
  1704   002324  0E00               	movlw	0
  1705   002326                     u36:
  1706   002326  0012               	return		;funcret
  1707   002328                     __end_of_PWM2_OutputStatusGet:
  1708                           	callstack 0
  1709                           
  1710 ;; *************** function _PWM2_LoadDutyValue *****************
  1711 ;; Defined at:
  1712 ;;		line 191 in file "./header.h"
  1713 ;; Parameters:    Size  Location     Type
  1714 ;;  dutyValue       2    0[COMRAM] unsigned short 
  1715 ;; Auto vars:     Size  Location     Type
  1716 ;;		None
  1717 ;; Return value:  Size  Location     Type
  1718 ;;                  1    wreg      void 
  1719 ;; Registers used:
  1720 ;;		wreg, status,2, status,0
  1721 ;; Tracked objects:
  1722 ;;		On entry : 0/0
  1723 ;;		On exit  : 0/0
  1724 ;;		Unchanged: 0/0
  1725 ;; Data sizes:     COMRAM   BANK0   BANK1   BANK2   BANK3   BANK4   BANK5   BANK6   BANK7   BANK8   BANK9  BANK10  BANK1
      +1  BANK12  BANK13  BANK14  BANK15  BANK16  BANK17  BANK18  BANK19  BANK20  BANK21  BANK22  BANK23  BANK24  BANK25  BANK2
      +6  BANK27  BANK28  BANK29  BANK30  BANK31
  1726 ;;      Params:         2       0       0       0       0       0       0       0       0       0       0       0       
      +0       0       0       0       0       0       0       0       0       0       0       0       0       0       0       
      +0       0       0       0       0       0
  1727 ;;      Locals:         0       0       0       0       0       0       0       0       0       0       0       0       
      +0       0       0       0       0       0       0       0       0       0       0       0       0       0       0       
      +0       0       0       0       0       0
  1728 ;;      Temps:          0       0       0       0       0       0       0       0       0       0       0       0       
      +0       0       0       0       0       0       0       0       0       0       0       0       0       0       0       
      +0       0       0       0       0       0
  1729 ;;      Totals:         2       0       0       0       0       0       0       0       0       0       0       0       
      +0       0       0       0       0       0       0       0       0       0       0       0       0       0       0       
      +0       0       0       0       0       0
  1730 ;;Total ram usage:        2 bytes
  1731 ;; Hardware stack levels used: 1
  1732 ;; This function calls:
  1733 ;;		Nothing
  1734 ;; This function is called by:
  1735 ;;		_main
  1736 ;; This function uses a non-reentrant model
  1737 ;;
  1738                           
  1739                           	psect	text8
  1740   002292                     __ptext8:
  1741                           	callstack 0
  1742   002292                     _PWM2_LoadDutyValue:
  1743                           	callstack 30
  1744   002292                     
  1745                           ;./header.h: 191: void PWM2_LoadDutyValue(uint16_t dutyValue);./header.h: 192: {;./heade
      +                          r.h: 193:     dutyValue &= 0x03FF;
  1746   002292  0EFF               	movlw	255
  1747   002294  1601               	andwf	PWM2_LoadDutyValue@dutyValue^0,f,c
  1748   002296  0E03               	movlw	3
  1749   002298  1602               	andwf	(PWM2_LoadDutyValue@dutyValue+1)^0,f,c
  1750   00229A                     
  1751                           ;./header.h: 196:     if(CCP2CONbits.FMT)
  1752   00229A  A87A               	btfss	122,4,c	;volatile
  1753   00229C  EF52  F011         	goto	u141
  1754   0022A0  EF54  F011         	goto	u140
  1755   0022A4                     u141:
  1756   0022A4  EF5B  F011         	goto	l1078
  1757   0022A8                     u140:
  1758   0022A8                     
  1759                           ;./header.h: 197:     {;./header.h: 198:         dutyValue <<= 6;
  1760   0022A8  0E06               	movlw	6
  1761   0022AA                     u155:
  1762   0022AA  90D8               	bcf	status,0,c
  1763   0022AC  3601               	rlcf	PWM2_LoadDutyValue@dutyValue^0,f,c
  1764   0022AE  3602               	rlcf	(PWM2_LoadDutyValue@dutyValue+1)^0,f,c
  1765   0022B0  2EE8               	decfsz	wreg,f,c
  1766   0022B2  EF55  F011         	goto	u155
  1767   0022B6                     l1078:
  1768                           
  1769                           ;./header.h: 199:         CCPR2H = dutyValue >> 8;
  1770   0022B6  5002               	movf	(PWM2_LoadDutyValue@dutyValue+1)^0,w,c
  1771   0022B8  6E79               	movwf	121,c	;volatile
  1772   0022BA                     
  1773                           ;./header.h: 200:         CCPR2L = dutyValue;
  1774   0022BA  0060  F007  FF78   	movff	PWM2_LoadDutyValue@dutyValue,16248	;volatile
  1775   0022C0  0012               	return		;funcret
  1776   0022C2                     __end_of_PWM2_LoadDutyValue:
  1777                           	callstack 0
  1778                           
  1779 ;; *************** function _PWM2_Initialize *****************
  1780 ;; Defined at:
  1781 ;;		line 174 in file "./header.h"
  1782 ;; Parameters:    Size  Location     Type
  1783 ;;		None
  1784 ;; Auto vars:     Size  Location     Type
  1785 ;;		None
  1786 ;; Return value:  Size  Location     Type
  1787 ;;                  1    wreg      void 
  1788 ;; Registers used:
  1789 ;;		wreg, status,2
  1790 ;; Tracked objects:
  1791 ;;		On entry : 0/0
  1792 ;;		On exit  : 0/0
  1793 ;;		Unchanged: 0/0
  1794 ;; Data sizes:     COMRAM   BANK0   BANK1   BANK2   BANK3   BANK4   BANK5   BANK6   BANK7   BANK8   BANK9  BANK10  BANK1
      +1  BANK12  BANK13  BANK14  BANK15  BANK16  BANK17  BANK18  BANK19  BANK20  BANK21  BANK22  BANK23  BANK24  BANK25  BANK2
      +6  BANK27  BANK28  BANK29  BANK30  BANK31
  1795 ;;      Params:         0       0       0       0       0       0       0       0       0       0       0       0       
      +0       0       0       0       0       0       0       0       0       0       0       0       0       0       0       
      +0       0       0       0       0       0
  1796 ;;      Locals:         0       0       0       0       0       0       0       0       0       0       0       0       
      +0       0       0       0       0       0       0       0       0       0       0       0       0       0       0       
      +0       0       0       0       0       0
  1797 ;;      Temps:          0       0       0       0       0       0       0       0       0       0       0       0       
      +0       0       0       0       0       0       0       0       0       0       0       0       0       0       0       
      +0       0       0       0       0       0
  1798 ;;      Totals:         0       0       0       0       0       0       0       0       0       0       0       0       
      +0       0       0       0       0       0       0       0       0       0       0       0       0       0       0       
      +0       0       0       0       0       0
  1799 ;;Total ram usage:        0 bytes
  1800 ;; Hardware stack levels used: 1
  1801 ;; This function calls:
  1802 ;;		Nothing
  1803 ;; This function is called by:
  1804 ;;		_main
  1805 ;; This function uses a non-reentrant model
  1806 ;;
  1807                           
  1808                           	psect	text9
  1809   0022FE                     __ptext9:
  1810                           	callstack 0
  1811   0022FE                     _PWM2_Initialize:
  1812                           	callstack 30
  1813   0022FE                     
  1814                           ;./header.h: 179:  CCP2CON = 0x8C;
  1815   0022FE  0E8C               	movlw	140
  1816   002300  6E7A               	movwf	122,c	;volatile
  1817   002302                     
  1818                           ;./header.h: 182:  CCPR2H = 0x0;
  1819   002302  6A79               	clrf	121,c	;volatile
  1820                           
  1821                           ;./header.h: 185:  CCPR2L = 0x0f;
  1822   002304  0E0F               	movlw	15
  1823   002306  6E78               	movwf	120,c	;volatile
  1824                           
  1825                           ;./header.h: 188:  CCPTMRS0bits.C2TSEL = 0x1;
  1826   002308  013F               	movlb	63	; () banked
  1827   00230A  515E               	movf	94,w,b	;volatile
  1828   00230C  0BF3               	andlw	-13
  1829   00230E  0904               	iorlw	4
  1830   002310  6F5E               	movwf	94,b	;volatile
  1831   002312                     
  1832                           ; BSR set to: 63
  1833   002312  0012               	return		;funcret
  1834   002314                     __end_of_PWM2_Initialize:
  1835                           	callstack 0
  1836                           
  1837                           	psect	smallconst
  1838   002000                     __psmallconst:
  1839                           	callstack 0
  1840   002000  00                 	db	0
  1841   002001  00                 	db	0	; dummy byte at the end
  1842   002000                     __smallconst    set	__psmallconst
  1843   002000                     __mediumconst   set	__psmallconst
  1844   000000                     __activetblptr  equ	0
  1845                           
  1846                           	psect	rparam
  1847   000001                     ___rparam_used  equ	1
  1848   000000                     ___param_bank   equ	0
  1849   000000                     __Lparam        equ	__Lrparam
  1850   000000                     __Hparam        equ	__Hrparam
  1851                           
  1852                           	psect	config
  1853                           
  1854                           ;Config register CONFIG1L @ 0x300000
  1855                           ;	External Oscillator Selection
  1856                           ;	FEXTOSC = LP, LP (crystal oscillator) optimized for 32.768 kHz; PFM set to low power
  1857                           ;	Reset Oscillator Selection
  1858                           ;	RSTOSC = EXTOSC, EXTOSC operating per FEXTOSC bits (device manufacturing default)
  1859   300000                     	org	3145728
  1860   300000  F8                 	db	248
  1861                           
  1862                           ;Config register CONFIG1H @ 0x300001
  1863                           ;	Clock out Enable bit
  1864                           ;	CLKOUTEN = OFF, CLKOUT function is disabled
  1865                           ;	PRLOCKED One-Way Set Enable bit
  1866                           ;	PR1WAY = ON, PRLOCK bit can be cleared and set only once
  1867                           ;	Clock Switch Enable bit
  1868                           ;	CSWEN = ON, Writing to NOSC and NDIV is allowed
  1869                           ;	Fail-Safe Clock Monitor Enable bit
  1870                           ;	FCMEN = ON, Fail-Safe Clock Monitor enabled
  1871   300001                     	org	3145729
  1872   300001  FF                 	db	255
  1873                           
  1874                           ;Config register CONFIG2L @ 0x300002
  1875                           ;	MCLR Enable bit
  1876                           ;	MCLRE = EXTMCLR, If LVP = 0, MCLR pin is MCLR; If LVP = 1, RE3 pin function is MCLR
  1877                           ;	Power-up timer selection bits
  1878                           ;	PWRTS = PWRT_OFF, PWRT is disabled
  1879                           ;	Multi-vector enable bit
  1880                           ;	MVECEN = ON, Multi-vector enabled, Vector table used for interrupts
  1881                           ;	IVTLOCK bit One-way set enable bit
  1882                           ;	IVT1WAY = ON, IVTLOCK bit can be cleared and set only once
  1883                           ;	Low Power BOR Enable bit
  1884                           ;	LPBOREN = OFF, ULPBOR disabled
  1885                           ;	Brown-out Reset Enable bits
  1886                           ;	BOREN = SBORDIS, Brown-out Reset enabled , SBOREN bit is ignored
  1887   300002                     	org	3145730
  1888   300002  FF                 	db	255
  1889                           
  1890                           ;Config register CONFIG2H @ 0x300003
  1891                           ;	Brown-out Reset Voltage Selection bits
  1892                           ;	BORV = VBOR_2P45, Brown-out Reset Voltage (VBOR) set to 2.45V
  1893                           ;	ZCD Disable bit
  1894                           ;	ZCD = OFF, ZCD disabled. ZCD can be enabled by setting the ZCDSEN bit of ZCDCON
  1895                           ;	PPSLOCK bit One-Way Set Enable bit
  1896                           ;	PPS1WAY = ON, PPSLOCK bit can be cleared and set only once; PPS registers remain locke
      +                          d after one clear/set cycle
  1897                           ;	Stack Full/Underflow Reset Enable bit
  1898                           ;	STVREN = ON, Stack full/underflow will cause Reset
  1899                           ;	Debugger Enable bit
  1900                           ;	DEBUG = OFF, Background debugger disabled
  1901                           ;	Extended Instruction Set Enable bit
  1902                           ;	XINST = OFF, Extended Instruction Set and Indexed Addressing Mode disabled
  1903   300003                     	org	3145731
  1904   300003  FF                 	db	255
  1905                           
  1906                           ;Config register CONFIG3L @ 0x300004
  1907                           ;	WDT Period selection bits
  1908                           ;	WDTCPS = WDTCPS_31, Divider ratio 1:65536; software control of WDTPS
  1909                           ;	WDT operating mode
  1910                           ;	WDTE = OFF, WDT Disabled; SWDTEN is ignored
  1911   300004                     	org	3145732
  1912   300004  9F                 	db	159
  1913                           
  1914                           ;Config register CONFIG3H @ 0x300005
  1915                           ;	WDT Window Select bits
  1916                           ;	WDTCWS = WDTCWS_7, window always open (100%); software control; keyed access not requi
      +                          red
  1917                           ;	WDT input clock selector
  1918                           ;	WDTCCS = SC, Software Control
  1919   300005                     	org	3145733
  1920   300005  FF                 	db	255
  1921                           
  1922                           ;Config register CONFIG4L @ 0x300006
  1923                           ;	Boot Block Size selection bits
  1924                           ;	BBSIZE = BBSIZE_512, Boot Block size is 512 words
  1925                           ;	Boot Block enable bit
  1926                           ;	BBEN = OFF, Boot block disabled
  1927                           ;	Storage Area Flash enable bit
  1928                           ;	SAFEN = OFF, SAF disabled
  1929                           ;	Application Block write protection bit
  1930                           ;	WRTAPP = OFF, Application Block not write protected
  1931   300006                     	org	3145734
  1932   300006  FF                 	db	255
  1933                           
  1934                           ;Config register CONFIG4H @ 0x300007
  1935                           ;	Boot Block Write Protection bit
  1936                           ;	WRTB = OFF, Boot Block not write-protected
  1937                           ;	Configuration Register Write Protection bit
  1938                           ;	WRTC = OFF, Configuration registers not write-protected
  1939                           ;	Data EEPROM Write Protection bit
  1940                           ;	WRTD = OFF, Data EEPROM not write-protected
  1941                           ;	SAF Write protection bit
  1942                           ;	WRTSAF = OFF, SAF not Write Protected
  1943                           ;	Low Voltage Programming Enable bit
  1944                           ;	LVP = ON, Low voltage programming enabled. MCLR/VPP pin function is MCLR. MCLRE config
      +                          uration bit is ignored
  1945   300007                     	org	3145735
  1946   300007  FF                 	db	255
  1947                           
  1948                           ;Config register CONFIG5L @ 0x300008
  1949                           ;	PFM and Data EEPROM Code Protection bit
  1950                           ;	CP = OFF, PFM and Data EEPROM code protection disabled
  1951   300008                     	org	3145736
  1952   300008  FF                 	db	255
  1953                           
  1954                           ;Config register CONFIG5H @ 0x300009
  1955                           ;	unspecified, using default values
  1956   300009                     	org	3145737
  1957   300009  FF                 	db	255
  1958                           tosu	equ	0x3FFF
  1959                           tosh	equ	0x3FFE
  1960                           tosl	equ	0x3FFD
  1961                           stkptr	equ	0x3FFC
  1962                           pclatu	equ	0x3FFB
  1963                           pclath	equ	0x3FFA
  1964                           pcl	equ	0x3FF9
  1965                           tblptru	equ	0x3FF8
  1966                           tblptrh	equ	0x3FF7
  1967                           tblptrl	equ	0x3FF6
  1968                           tablat	equ	0x3FF5
  1969                           prodh	equ	0x3FF4
  1970                           prodl	equ	0x3FF3
  1971                           indf0	equ	0x3FEF
  1972                           postinc0	equ	0x3FEE
  1973                           postdec0	equ	0x3FED
  1974                           preinc0	equ	0x3FEC
  1975                           plusw0	equ	0x3FEB
  1976                           fsr0h	equ	0x3FEA
  1977                           fsr0l	equ	0x3FE9
  1978                           wreg	equ	0x3FE8
  1979                           indf1	equ	0x3FE7
  1980                           postinc1	equ	0x3FE6
  1981                           postdec1	equ	0x3FE5
  1982                           preinc1	equ	0x3FE4
  1983                           plusw1	equ	0x3FE3
  1984                           fsr1h	equ	0x3FE2
  1985                           fsr1l	equ	0x3FE1
  1986                           bsr	equ	0x3FE0
  1987                           indf2	equ	0x3FDF
  1988                           postinc2	equ	0x3FDE
  1989                           postdec2	equ	0x3FDD
  1990                           preinc2	equ	0x3FDC
  1991                           plusw2	equ	0x3FDB
  1992                           fsr2h	equ	0x3FDA
  1993                           fsr2l	equ	0x3FD9
  1994                           status	equ	0x3FD8

Data Sizes:
    Strings     0
    Constant    0
    Data        6
    BSS         4
    Persistent  0
    Stack       0

Auto Spaces:
    Space          Size  Autos    Used
    COMRAM           95     27      37
    BANK0           160      0       0
    BANK1           256      0       0
    BANK2           256      0       0
    BANK3           256      0       0
    BANK4           256      0       0
    BANK5           256      0       0
    BANK6           256      0       0
    BANK7           256      0       0
    BANK8           256      0       0
    BANK9           256      0       0
    BANK10          256      0       0
    BANK11          256      0       0
    BANK12          256      0       0
    BANK13          256      0       0
    BANK14          256      0       0
    BANK15          256      0       0
    BANK16          256      0       0
    BANK17          256      0       0
    BANK18          256      0       0
    BANK19          256      0       0
    BANK20          256      0       0
    BANK21          256      0       0
    BANK22          256      0       0
    BANK23          256      0       0
    BANK24          256      0       0
    BANK25          256      0       0
    BANK26          256      0       0
    BANK27          256      0       0
    BANK28          256      0       0
    BANK29          256      0       0
    BANK30          256      0       0
    BANK31          256      0       0

Pointer List with Targets:

    None.

Critical Paths under _main in COMRAM

    _main->___lldiv
    ___lldiv->___lmul

Critical Paths under _main in BANK0

    None.

Critical Paths under _main in BANK1

    None.

Critical Paths under _main in BANK2

    None.

Critical Paths under _main in BANK3

    None.

Critical Paths under _main in BANK4

    None.

Critical Paths under _main in BANK5

    None.

Critical Paths under _main in BANK6

    None.

Critical Paths under _main in BANK7

    None.

Critical Paths under _main in BANK8

    None.

Critical Paths under _main in BANK9

    None.

Critical Paths under _main in BANK10

    None.

Critical Paths under _main in BANK11

    None.

Critical Paths under _main in BANK12

    None.

Critical Paths under _main in BANK13

    None.

Critical Paths under _main in BANK14

    None.

Critical Paths under _main in BANK15

    None.

Critical Paths under _main in BANK16

    None.

Critical Paths under _main in BANK17

    None.

Critical Paths under _main in BANK18

    None.

Critical Paths under _main in BANK19

    None.

Critical Paths under _main in BANK20

    None.

Critical Paths under _main in BANK21

    None.

Critical Paths under _main in BANK22

    None.

Critical Paths under _main in BANK23

    None.

Critical Paths under _main in BANK24

    None.

Critical Paths under _main in BANK25

    None.

Critical Paths under _main in BANK26

    None.

Critical Paths under _main in BANK27

    None.

Critical Paths under _main in BANK28

    None.

Critical Paths under _main in BANK29

    None.

Critical Paths under _main in BANK30

    None.

Critical Paths under _main in BANK31

    None.

Call Graph Tables:

 ---------------------------------------------------------------------------------
 (Depth) Function   	        Calls       Base Space   Used Autos Params    Refs
 ---------------------------------------------------------------------------------
 (0) _main                                                 2     2      0     351
                                             25 COMRAM     2     2      0
                    _PWM2_Initialize
                 _PWM2_LoadDutyValue
               _PWM2_OutputStatusGet
               _PWM_Output_D8_Enable
                    _TMR2_Initialize
                    _TMR2_StartTimer
                            ___lldiv
                             ___lmul
 ---------------------------------------------------------------------------------
 (1) ___lmul                                              12     4      8      94
                                              0 COMRAM    12     4      8
 ---------------------------------------------------------------------------------
 (1) ___lldiv                                             13     5      8     164
                                             12 COMRAM    13     5      8
                             ___lmul (ARG)
 ---------------------------------------------------------------------------------
 (1) _TMR2_StartTimer                                      0     0      0       0
                         _TMR2_Start
 ---------------------------------------------------------------------------------
 (2) _TMR2_Start                                           0     0      0       0
 ---------------------------------------------------------------------------------
 (1) _TMR2_Initialize                                      0     0      0       0
 ---------------------------------------------------------------------------------
 (1) _PWM_Output_D8_Enable                                 0     0      0       0
 ---------------------------------------------------------------------------------
 (1) _PWM2_OutputStatusGet                                 0     0      0       0
 ---------------------------------------------------------------------------------
 (1) _PWM2_LoadDutyValue                                   2     0      2      93
                                              0 COMRAM     2     0      2
 ---------------------------------------------------------------------------------
 (1) _PWM2_Initialize                                      0     0      0       0
 ---------------------------------------------------------------------------------
 Estimated maximum stack depth 2
 ---------------------------------------------------------------------------------

 Call Graph Graphs:

 _main (ROOT)
   _PWM2_Initialize
   _PWM2_LoadDutyValue
   _PWM2_OutputStatusGet
   _PWM_Output_D8_Enable
   _TMR2_Initialize
   _TMR2_StartTimer
     _TMR2_Start
   ___lldiv
     ___lmul (ARG)
   ___lmul

Address spaces:
Name               Size   Autos  Total    Usage
BIGRAM            8191      0       0      0.0%
BITBIGSFRlllh     1390      0       0      0.0%
BITBIGSFRlllll     420      0       0      0.0%
BITBANK31          256      0       0      0.0%
BANK31             256      0       0      0.0%
BITBANK30          256      0       0      0.0%
BANK30             256      0       0      0.0%
BITBANK29          256      0       0      0.0%
BANK29             256      0       0      0.0%
BITBANK28          256      0       0      0.0%
BANK28             256      0       0      0.0%
BITBANK27          256      0       0      0.0%
BANK27             256      0       0      0.0%
BITBANK26          256      0       0      0.0%
BANK26             256      0       0      0.0%
BITBANK25          256      0       0      0.0%
BANK25             256      0       0      0.0%
BITBANK24          256      0       0      0.0%
BANK24             256      0       0      0.0%
BITBANK23          256      0       0      0.0%
BANK23             256      0       0      0.0%
BITBANK22          256      0       0      0.0%
BANK22             256      0       0      0.0%
BITBANK21          256      0       0      0.0%
BANK21             256      0       0      0.0%
BITBANK20          256      0       0      0.0%
BANK20             256      0       0      0.0%
BITBANK19          256      0       0      0.0%
BANK19             256      0       0      0.0%
BITBANK18          256      0       0      0.0%
BANK18             256      0       0      0.0%
BITBANK17          256      0       0      0.0%
BANK17             256      0       0      0.0%
BITBANK16          256      0       0      0.0%
BANK16             256      0       0      0.0%
BITBANK15          256      0       0      0.0%
BANK15             256      0       0      0.0%
BITBANK14          256      0       0      0.0%
BANK14             256      0       0      0.0%
BITBANK13          256      0       0      0.0%
BANK13             256      0       0      0.0%
BITBANK12          256      0       0      0.0%
BANK12             256      0       0      0.0%
BITBANK11          256      0       0      0.0%
BANK11             256      0       0      0.0%
BITBANK10          256      0       0      0.0%
BANK10             256      0       0      0.0%
BITBANK9           256      0       0      0.0%
BANK9              256      0       0      0.0%
BITBANK8           256      0       0      0.0%
BANK8              256      0       0      0.0%
BITBANK7           256      0       0      0.0%
BANK7              256      0       0      0.0%
BITBANK6           256      0       0      0.0%
BANK6              256      0       0      0.0%
BITBANK5           256      0       0      0.0%
BANK5              256      0       0      0.0%
BITBANK4           256      0       0      0.0%
BANK4              256      0       0      0.0%
BITBANK3           256      0       0      0.0%
BANK3              256      0       0      0.0%
BITBANK2           256      0       0      0.0%
BANK2              256      0       0      0.0%
BITBANK1           256      0       0      0.0%
BANK1              256      0       0      0.0%
BITBANK0           160      0       0      0.0%
BANK0              160      0       0      0.0%
BITBIGSFRllllh     102      0       0      0.0%
BITCOMRAM           95      0       0      0.0%
COMRAM              95     27      37     38.9%
BITBIGSFRh          80      0       0      0.0%
BITBIGSFRllh        49      0       0      0.0%
BITBIGSFRlh          2      0       0      0.0%
STACK                0      0       0      0.0%
DATA                 0      0      37      0.0%


Microchip Technology PIC18 Macro Assembler V3.10 build 20250813170317 
Symbol Table                                                                                   Sat May  9 19:50:04 2026

       ?_PWM_Output_D8_Enable 0001                            l61 22DE                            l64 2336  
                          l67 2332                            l94 22FC                            u30 2324  
                          u31 231E                            u36 2326                           l100 2312  
                         l105 22C0                           l108 2326                           l160 21E6  
                         l144 2250                           l145 2260                           l167 21F6  
                         l920 22C6                           l922 22C8                           l930 232E  
                         l940 22FE                           l932 22E0                           l924 22CE  
                         l916 2334                           l942 2302                           l934 22EA  
                         l926 22D0                           l918 22C2                           l936 22F0  
                         l928 22D4                           l938 22FA                           l958 2314  
                         u200 21C4                           u201 21C0                           u140 22A8  
                         u220 20C8                           u141 22A4                           u221 20C4  
                         u230 20E4                           u231 20E0                           u215 20B8  
                         u160 2216                           u240 2112                           u216 20BA  
                         u161 2212                           u241 210E                           u170 2250  
                         u250 212E                           u155 22AA                           u171 224C  
                         u251 212A                           u180 217A                           u181 2176  
                         u190 219C                           _PR2 3FAB                           u191 2198  
                         u267 20FC                           u277 2144               _TMR2_Initialize 22C2  
                         wreg 3FE8  __end_of_PWM2_OutputStatusGet 2328                          l1100 217A  
                        l1110 21C4                          l1102 2182                          l1112 21D4  
                        l1104 218E                          l1120 2006                          l1114 21D6  
                        l1106 219C                          l1130 201A                          l1122 200A  
                        l1116 21E0                          l1108 21A6                          l1140 20AA  
                        l1132 201E                          l1124 200E                          l1150 20EA  
                        l1142 20B0                          l1134 202A                          l1126 2010  
                        l1118 2002                          l1080 22BA                          l1072 2292  
                        l1160 2132                          l1152 20F6                          l1144 20BA  
                        l1136 2036                          l1128 2012                          l1074 229A  
                        l1090 2216                          l1162 213E                          l1146 20C8  
                        l1154 2104                          l1138 20A2                          l1076 22A8  
                        l1092 2226                          l1156 2112                          l1148 20E4  
                        l1078 22B6                          l1094 2230                          l1086 21F8  
                        l1158 212E                          l1096 2154                          l1088 2208  
                        l1098 2164                          _T2PR 3FAB                          _TMR2 3FAA  
                        _main 2002                          fsr1l 3FE1                          start FFFC  
                ___param_bank 0000       __end_of_PWM2_Initialize 2314                _checkdutyCycle 0022  
                       ?_main 0001               __end_of___lldiv 21F8                         _T2CON 3FAC  
                       _T2HLT 3FAD                         _T2TMR 3FAA                         _T2RST 3FAF  
                       _PORTB 3FCB                         _TRISB 3FC3                         _TRISD 3FC5  
         ___lmul@multiplicand 0005                   ?_TMR2_Start 0001                         tablat 3FF5  
                       status 3FD8               _TMR2_StartTimer 232E        ??_PWM_Output_D8_Enable 0001  
             __initialization 2262                  __end_of_main 2154       __end_of_TMR2_Initialize 22E0  
                      ??_main 001A                 __activetblptr 0000                        _CCPR2H 3F79  
                      _CCPR2L 3F78                        _ANSELB 3A50                        _ANSELD 3A70  
                      _RB3PPS 3A0B                        _OSCFRQ 39DF                  _CCPTMRS0bits 3F5E  
                      ___lmul 21F8                     ??___lldiv 0015              ?_PWM2_Initialize 0001  
        _PWM2_OutputStatusGet 2314                        isa$std 0001                  __pdataCOMRAM 001C  
                __mediumconst 2000                        tblptrh 3FF7                        tblptrl 3FF6  
                      tblptru 3FF8       __end_of_TMR2_StartTimer 2334                    __accesstop 0060  
     __end_of__initialization 228C    __end_of_PWM2_LoadDutyValue 22C2                 ___rparam_used 0001  
              __pcstackCOMRAM 0001         ?_PWM2_OutputStatusGet 0001              ?_TMR2_Initialize 0001  
                     ?___lmul 0001                       _CCP2CON 3F7A                ___lmul@product 0009  
                     _PPSLOCK 3ABF                  ??_TMR2_Start 0001              ?_TMR2_StartTimer 0001  
                     __Hparam 0000                       __Lparam 0000        ??_PWM2_OutputStatusGet 0001  
                     ___lldiv 2154                  __psmallconst 2000            __end_of_TMR2_Start 2338  
                     __pcinit 2262                       __ramtop 2000                       __ptext0 2002  
                     __ptext1 21F8                       __ptext2 2154                       __ptext3 232E  
                     __ptext4 2334                       __ptext5 22C2                       __ptext6 22E0  
                     __ptext7 2314                       __ptext8 2292                       __ptext9 22FE  
                   _T2CONbits 3FAC                    _duty_value 001C          end_of_initialization 228C  
             ___lldiv@divisor 0011               ___lldiv@counter 0019                       postdec1 3FE5  
                     postinc0 3FEE                     _PORTBbits 3FCB                     _PORTDbits 3FCD  
                   _TRISBbits 3FC3                   _CCP2CONbits 3F7A                __end_of___lmul 2262  
               __pidataCOMRAM 2328            _PWM2_LoadDutyValue 2292           start_initialization 2262  
         ?_PWM2_LoadDutyValue 0001          ??_PWM2_LoadDutyValue 0003   PWM2_LoadDutyValue@dutyValue 0001  
                    ??___lmul 0009                   __pbssCOMRAM 0022                      ?___lldiv 000D  
                 __smallconst 2000                      _T2CLKCON 3FAE             ??_PWM2_Initialize 0001  
                    _PIR4bits 39A4                     _pwmStatus 0024  __end_of_PWM_Output_D8_Enable 22FE  
           ___lmul@multiplier 0001                     copy_data0 2276             ??_TMR2_Initialize 0001  
                    __Hrparam 0000                      __Lrparam 0000                      _preScale 0025  
                    isa$xinst 0000             ??_TMR2_StartTimer 0001                   _OSCSTATbits 39DC  
            ___lldiv@dividend 000D                   _PPSLOCKbits 3ABF          _PWM_Output_D8_Enable 22E0  
  _PWM2_INITIALIZE_DUTY_VALUE 001E              ___lldiv@quotient 0015               _PWM2_Initialize 22FE  
                  _TMR2_Start 2334  
